#,Name,Team,PA,FA%,FC%,FS%,SI%,CH%,SL%,CU%,CS%,KN%,SB%,XX%
1,Kelvin Gutiérrez,BAL,33,0.31,0.14,,0.11,0.14,0.22,0.08,,,,0.02
2,Christian Encarnacion-St...,CIN,254,0.33,0.07,0.03,0.18,0.09,0.23,0.07,,,,0.01
3,Michael Toglia,COL,277,0.33,0.08,0.02,0.12,0.12,0.20,0.13,,,,0.00
4,Albert Pujols,STL,351,0.30,0.07,0.01,0.17,0.08,0.28,0.10,,,,0.00
5,Anthony Bemboom,BAL,72,0.41,0.05,0.03,0.14,0.10,0.14,0.13,,,,0.00
6,Matt Carpenter,3 Tms,397,0.36,0.09,0.03,0.12,0.11,0.18,0.11,,,,0.00
7,Casey Schmitt,SFG,277,0.26,0.09,0.03,0.18,0.11,0.27,0.08,,0.00,0.00,0.00
8,Nick Solak,3 Tms,95,0.29,0.05,0.00,0.24,0.10,0.21,0.12,,,,0.00
9,Matt Thaiss,LAA,388,0.39,0.06,0.03,0.10,0.16,0.18,0.09,,,,0.00
10,Tim Locastro,2 Tms,113,0.44,0.06,0.00,0.12,0.13,0.18,0.06,,,,0.00
11,Marwin Gonzalez,NYY,207,0.34,0.05,0.02,0.11,0.20,0.17,0.11,,0.00,,0.00
12,Trevor Larnach,MIN,392,0.31,0.08,0.04,0.10,0.14,0.23,0.10,,,,0.00
13,Lars Nootbaar,STL,850,0.31,0.08,0.03,0.16,0.14,0.19,0.09,0.00,0.00,,0.00
14,Mike Trout,LAA,871,0.45,0.06,0.01,0.15,0.06,0.21,0.06,,,,0.00
15,Josh Harrison,2 Tms,539,0.37,0.07,0.01,0.16,0.07,0.25,0.07,,,,0.00
16,Willson Contreras,2 Tms,994,0.30,0.07,0.02,0.18,0.11,0.24,0.08,,,,0.00
17,Alex Call,2 Tms,570,0.29,0.08,0.01,0.21,0.09,0.25,0.07,,,0.00,0.00
18,Christopher Morel,CHC,868,0.29,0.06,0.02,0.16,0.11,0.27,0.11,,,,0.00
19,Clint Frazier,2 Tms,121,0.39,0.06,0.01,0.11,0.13,0.23,0.08,,,,0.00
20,Zack Collins,3 Tms,114,0.39,0.09,0.02,0.12,0.12,0.19,0.08,,,,0.00
21,Brett Wisely,SFG,131,0.39,0.14,0.05,0.06,0.10,0.18,0.08,,,,0.00
22,DJ LeMahieu,NYY,1103,0.35,0.06,0.02,0.22,0.07,0.22,0.06,0.00,0.00,,0.00
23,Kerry Carpenter,DET,582,0.32,0.07,0.04,0.09,0.14,0.21,0.12,,,,0.00
24,Davis Schneider,TOR,146,0.30,0.10,0.03,0.16,0.10,0.25,0.06,,,,0.00
25,LaMonte Wade Jr.,SFG,785,0.35,0.10,0.03,0.13,0.14,0.16,0.10,,0.00,0.00,0.00
26,Ezequiel Tovar,COL,665,0.30,0.07,0.01,0.15,0.09,0.30,0.09,,,,0.00
27,Dominic Canzone,2 Tms,190,0.26,0.08,0.03,0.12,0.17,0.24,0.10,,,,0.00
28,Miguel Rojas,2 Tms,936,0.30,0.09,0.01,0.19,0.08,0.26,0.08,,,,0.00
29,Michael Conforto,SFG,487,0.33,0.10,0.05,0.13,0.12,0.18,0.10,,0.00,,0.00
30,Thairo Estrada,SFG,1087,0.28,0.06,0.01,0.21,0.09,0.24,0.10,0.00,0.00,,0.00
31,Giancarlo Stanton,NYY,881,0.32,0.07,0.02,0.19,0.08,0.27,0.06,,,,0.00
32,Santiago Espinal,2 Tms,748,0.32,0.08,0.01,0.17,0.08,0.26,0.08,,,,0.00
33,Jeremy Peña,HOU,1208,0.26,0.07,0.02,0.16,0.12,0.29,0.08,0.00,0.00,,0.00
34,Rougned Odor,2 Tms,629,0.32,0.06,0.04,0.13,0.13,0.23,0.09,,,,0.00
35,Mitch Garver,2 Tms,563,0.28,0.07,0.02,0.16,0.08,0.28,0.11,,,,0.00
36,Josh VanMeter,PIT,192,0.34,0.09,0.01,0.15,0.14,0.16,0.11,,,,0.00
37,Julio Rodríguez,SEA,1291,0.29,0.07,0.03,0.16,0.09,0.28,0.08,,,,0.00
38,Owen Miller,2 Tms,786,0.36,0.06,0.02,0.16,0.08,0.26,0.07,,,,0.00
39,Jesús Aguilar,3 Tms,622,0.29,0.07,0.01,0.18,0.09,0.26,0.09,,,,0.00
40,Albert Almora Jr.,CIN,235,0.22,0.10,0.02,0.24,0.10,0.24,0.09,,,,0.00
41,Aaron Judge,NYY,1173,0.27,0.07,0.03,0.16,0.13,0.28,0.07,0.00,,,0.00
42,Chas McCormick,HOU,876,0.31,0.08,0.01,0.15,0.09,0.28,0.08,,0.00,,0.00
43,Bubba Thompson,2 Tms,241,0.32,0.04,0.01,0.14,0.08,0.31,0.09,,,,0.00
44,Gabriel Arias,CLE,411,0.34,0.07,0.01,0.13,0.10,0.27,0.09,,,,0.00
45,José Ramírez,CLE,1396,0.34,0.06,0.04,0.10,0.17,0.18,0.10,,,0.00,0.00
46,Anthony Santander,BAL,1316,0.36,0.08,0.03,0.11,0.16,0.17,0.09,0.00,,,0.00
47,Reese McGuire,2 Tms,488,0.36,0.09,0.03,0.11,0.11,0.19,0.12,,,,0.00
48,Brian Serven,2 Tms,231,0.36,0.05,0.01,0.17,0.09,0.21,0.11,,,,0.00
49,Gabriel Moreno,2 Tms,466,0.27,0.09,0.01,0.22,0.09,0.23,0.08,,,,0.00
50,Anthony Rizzo,NYY,987,0.35,0.08,0.03,0.12,0.14,0.20,0.09,0.00,,,0.00
51,Jason Heyward,2 Tms,543,0.30,0.10,0.03,0.13,0.13,0.20,0.12,,,,0.00
52,Tim Anderson,2 Tms,892,0.31,0.05,0.01,0.19,0.08,0.28,0.07,0.00,,,0.00
53,Alex Verdugo,2 Tms,1263,0.36,0.07,0.03,0.15,0.13,0.18,0.08,,,0.00,0.00
54,Nick Madrigal,CHC,526,0.34,0.08,0.01,0.22,0.06,0.22,0.08,0.00,0.00,0.00,0.00
55,Oscar Gonzalez,CLE,562,0.32,0.05,0.01,0.13,0.10,0.31,0.10,,,,0.00
56,Tyler Freeman,CLE,269,0.38,0.06,0.01,0.15,0.10,0.25,0.06,,,,0.00
57,Michael A. Taylor,3 Tms,860,0.32,0.07,0.01,0.16,0.09,0.26,0.09,,,,0.00
58,Jorge Mateo,BAL,889,0.30,0.06,0.01,0.17,0.10,0.29,0.07,,,,0.00
59,Sam Haggerty,SEA,309,0.34,0.06,0.02,0.14,0.19,0.15,0.10,,,,0.00
60,Ke'Bryan Hayes,PIT,1108,0.29,0.07,0.01,0.20,0.09,0.26,0.08,,,,0.00
61,Ryan McKenna,BAL,311,0.38,0.06,0.02,0.13,0.12,0.24,0.06,,,,0.00
62,Kody Clemens,2 Tms,275,0.38,0.06,0.01,0.11,0.16,0.16,0.12,0.00,,,0.00
63,Riley Greene,DET,847,0.35,0.08,0.02,0.12,0.12,0.20,0.11,,,0.00,0.00
64,Michael Brantley,HOU,334,0.38,0.08,0.03,0.16,0.14,0.13,0.08,,0.00,,0.00
65,Jorge Alfaro,3 Tms,326,0.33,0.06,0.01,0.15,0.11,0.25,0.10,,,,0.00
66,Lane Thomas,WSN,1244,0.31,0.06,0.01,0.22,0.08,0.24,0.08,,0.00,,0.00
67,Sam Hilliard,2 Tms,278,0.33,0.08,0.02,0.12,0.14,0.18,0.13,,,0.00,0.00
68,Miguel Cabrera,DET,803,0.39,0.06,0.01,0.17,0.07,0.24,0.06,,,0.00,0.00
69,J.T. Realmuto,PHI,1114,0.29,0.07,0.01,0.20,0.09,0.28,0.07,0.00,0.00,,0.00
70,Javier Báez,DET,1150,0.28,0.06,0.02,0.14,0.11,0.34,0.07,0.00,,,0.00
71,Jeimer Candelario,4 Tms,1055,0.33,0.08,0.03,0.11,0.13,0.19,0.13,0.00,0.00,0.00,0.00
72,Dominic Smith,2 Tms,738,0.33,0.09,0.02,0.15,0.11,0.20,0.09,,,0.00,0.00
73,Alan Trejo,COL,352,0.31,0.08,0.01,0.18,0.11,0.25,0.06,0.00,,,0.00
74,Luis González,SFG,350,0.34,0.09,0.01,0.18,0.09,0.18,0.11,,,,0.00
75,Cal Raleigh,SEA,995,0.34,0.09,0.04,0.08,0.18,0.18,0.10,,0.00,0.00,0.00
76,Alek Thomas,ARI,827,0.30,0.08,0.03,0.14,0.14,0.19,0.12,0.00,,,0.00
77,Jose Iglesias,COL,467,0.32,0.06,0.01,0.20,0.10,0.21,0.09,0.00,,,0.00
78,Ben Gamel,2 Tms,438,0.33,0.08,0.02,0.14,0.13,0.19,0.11,,,,0.00
79,Omar Narváez,2 Tms,446,0.37,0.07,0.03,0.16,0.13,0.17,0.08,,,,0.00
80,Patrick Wisdom,CHC,836,0.35,0.06,0.01,0.14,0.09,0.26,0.09,0.00,,,0.00
81,Chris Taylor,LAD,846,0.32,0.09,0.02,0.16,0.11,0.23,0.08,,,,0.00
82,Edmundo Sosa,2 Tms,492,0.33,0.06,0.02,0.17,0.09,0.27,0.07,,0.00,,0.00
83,Gavin Sheets,CHW,756,0.31,0.07,0.03,0.09,0.17,0.19,0.13,0.00,,,0.00
84,Oneil Cruz,PIT,417,0.25,0.07,0.02,0.14,0.13,0.24,0.14,,,,0.00
85,Wander Franco,TBR,835,0.32,0.07,0.04,0.12,0.20,0.16,0.08,0.00,,,0.00
86,Brett Baty,NYM,439,0.35,0.08,0.04,0.14,0.10,0.20,0.10,,,,0.00
87,Edouard Julien,MIN,419,0.33,0.09,0.04,0.13,0.12,0.20,0.09,,,,0.00
88,Matt McLain,CIN,403,0.28,0.09,0.02,0.21,0.09,0.23,0.08,0.00,,0.00,0.00
89,Kyle Higashioka,2 Tms,512,0.27,0.06,0.02,0.17,0.10,0.31,0.07,,,,0.00
90,Rafael Ortega,2 Tms,507,0.33,0.06,0.03,0.14,0.15,0.19,0.12,,,,0.00
91,Carson Kelly,2 Tms,511,0.32,0.06,0.02,0.23,0.06,0.23,0.08,,,,0.00
92,Amed Rosario,3 Tms,1224,0.34,0.06,0.01,0.15,0.08,0.29,0.08,,,,0.00
93,Tommy Edman,STL,1158,0.37,0.09,0.03,0.12,0.14,0.17,0.09,0.00,0.00,,0.00
94,Gavin Lux,LAD,491,0.31,0.07,0.03,0.18,0.12,0.20,0.10,,,,0.00
95,Alejandro Kirk,TOR,976,0.32,0.08,0.02,0.18,0.09,0.25,0.07,0.00,,,0.00
96,Carlos Santana,5 Tms,1138,0.33,0.09,0.02,0.13,0.16,0.17,0.10,0.00,,,0.00
97,Justin Turner,3 Tms,1174,0.37,0.07,0.01,0.18,0.08,0.23,0.06,,,,0.00
98,Jean Segura,2 Tms,713,0.29,0.07,0.02,0.21,0.08,0.26,0.07,,,0.00,0.00
99,Kole Calhoun,2 Tms,598,0.36,0.07,0.03,0.11,0.11,0.23,0.10,,,,0.00
100,Nick Castellanos,PHI,1241,0.26,0.07,0.02,0.16,0.12,0.30,0.08,0.00,,,0.00
101,Trevor Story,BOS,582,0.39,0.06,0.01,0.14,0.06,0.27,0.07,,,,0.00
102,Tyrone Taylor,2 Tms,655,0.28,0.07,0.03,0.19,0.09,0.26,0.09,,,,0.00
103,Eric Haase,2 Tms,644,0.35,0.06,0.01,0.13,0.09,0.28,0.08,,,,0.00
104,Raimel Tapia,4 Tms,602,0.39,0.08,0.04,0.11,0.13,0.16,0.10,,,,0.00
105,Luke Voit,3 Tms,642,0.27,0.07,0.01,0.17,0.13,0.26,0.10,0.00,,,0.00
106,Hunter Dozier,KCR,591,0.28,0.08,0.01,0.13,0.10,0.31,0.09,,,,0.00
107,Ty France,SEA,1293,0.32,0.07,0.02,0.18,0.08,0.25,0.07,,,0.00,0.00
108,Paul DeJong,4 Tms,643,0.32,0.07,0.02,0.15,0.08,0.28,0.08,,,,0.00
109,Kyle Tucker,HOU,1302,0.32,0.08,0.03,0.13,0.13,0.22,0.08,,0.00,,0.00
110,Adolis García,TEX,1304,0.37,0.07,0.02,0.15,0.09,0.24,0.06,,,,0.00
111,Nicky Lopez,3 Tms,749,0.42,0.07,0.02,0.13,0.10,0.16,0.10,0.00,,,0.00
112,Shohei Ohtani,2 Tms,1294,0.31,0.09,0.04,0.11,0.17,0.21,0.08,0.00,,,0.00
113,Andrés Giménez,CLE,1192,0.37,0.07,0.02,0.12,0.12,0.21,0.11,,,,0.00
114,Kyle Isbel,KCR,600,0.38,0.07,0.04,0.10,0.14,0.17,0.10,,,,0.00
115,Ezequiel Duran,TEX,666,0.31,0.08,0.01,0.15,0.08,0.28,0.09,,,,0.00
116,Ryan Jeffers,MIN,584,0.34,0.06,0.01,0.15,0.08,0.28,0.07,,,,0.00
117,Josh Jung,TEX,632,0.29,0.08,0.02,0.16,0.08,0.29,0.08,,,,0.00
118,Michael Massey,KCR,655,0.35,0.08,0.04,0.10,0.12,0.19,0.11,,,,0.00
119,Eduardo Escobar,2 Tms,851,0.36,0.06,0.03,0.14,0.13,0.18,0.10,0.00,,,0.00
120,Enrique Hernández,2 Tms,919,0.30,0.09,0.01,0.14,0.10,0.28,0.07,,,,0.00
121,Yasmani Grandal,CHW,781,0.36,0.09,0.03,0.12,0.15,0.16,0.10,0.00,,,0.00
122,Gary Sánchez,4 Tms,741,0.27,0.07,0.01,0.16,0.09,0.32,0.08,,0.00,,0.00
123,Bryce Harper,PHI,980,0.32,0.08,0.04,0.12,0.15,0.20,0.10,0.00,0.00,,0.00
124,Max Kepler,MIN,941,0.34,0.08,0.03,0.12,0.12,0.22,0.10,,,,0.00
125,Jace Peterson,3 Tms,758,0.33,0.06,0.02,0.15,0.14,0.18,0.12,,,,0.00
126,Jesse Winker,3 Tms,758,0.39,0.09,0.02,0.11,0.11,0.18,0.11,,,0.00,0.00
127,Joey Gallo,4 Tms,756,0.35,0.08,0.04,0.10,0.15,0.20,0.07,0.00,,,0.00
128,Daniel Vogelbach,3 Tms,785,0.32,0.08,0.03,0.15,0.09,0.20,0.12,,,,0.00
129,Byron Buxton,MIN,741,0.31,0.08,0.02,0.16,0.12,0.24,0.08,,,,0.00
130,Matt Olson,ATL,1433,0.35,0.08,0.03,0.13,0.12,0.21,0.09,,,0.00,0.00
131,Mike Yastrzemski,SFG,943,0.35,0.09,0.02,0.14,0.12,0.19,0.10,0.00,0.00,,0.00
132,Trey Mancini,3 Tms,850,0.28,0.08,0.01,0.16,0.11,0.28,0.08,0.00,,,0.00
133,Rhys Hoskins,2 Tms,685,0.33,0.07,0.01,0.18,0.08,0.26,0.08,,,,0.00
134,Connor Joe,2 Tms,961,0.29,0.08,0.01,0.19,0.12,0.23,0.08,,,,0.00
135,Yoán Moncada,CHW,803,0.35,0.08,0.03,0.11,0.18,0.16,0.10,,,,0.00
136,Taylor Ward,LAA,985,0.35,0.06,0.01,0.15,0.08,0.27,0.08,,,,0.00
137,TJ Friedl,CIN,814,0.36,0.08,0.03,0.14,0.15,0.14,0.09,0.00,,0.00,0.00
138,Jack Suwinski,PIT,921,0.31,0.08,0.03,0.14,0.14,0.20,0.10,0.00,,,0.00
139,Spencer Steer,CIN,785,0.29,0.07,0.02,0.24,0.07,0.22,0.08,,,,0.00
140,Freddie Freeman,LAD,1466,0.30,0.08,0.03,0.17,0.12,0.21,0.09,0.00,,,0.00
141,Wilmer Flores,SFG,1067,0.32,0.07,0.01,0.17,0.10,0.24,0.09,,0.00,,0.00
142,Jurickson Profar,2 Tms,1201,0.37,0.09,0.02,0.12,0.14,0.17,0.09,0.00,,0.00,0.00
143,Brandon Drury,3 Tms,1101,0.30,0.08,0.01,0.20,0.08,0.27,0.07,,,,0.00
144,George Springer,TOR,1284,0.28,0.08,0.02,0.19,0.11,0.28,0.05,,,,0.00
145,Brandon Nimmo,NYM,1368,0.38,0.07,0.02,0.19,0.09,0.17,0.08,,,,0.00
146,Max Muncy,LAD,1170,0.29,0.08,0.02,0.15,0.12,0.22,0.13,0.00,,0.00,0.00
147,Mookie Betts,LAD,1361,0.32,0.08,0.02,0.21,0.08,0.23,0.07,0.00,,0.00,0.00
148,Ryan McMahon,COL,1241,0.41,0.08,0.03,0.12,0.12,0.16,0.09,0.00,,0.00,0.00
149,Jeff McNeil,NYM,1248,0.35,0.08,0.03,0.18,0.11,0.19,0.07,0.00,,,0.00
150,José Abreu,2 Tms,1286,0.35,0.06,0.01,0.18,0.07,0.26,0.08,,0.00,,0.00
151,Yandy Díaz,TBR,1175,0.33,0.07,0.02,0.20,0.09,0.23,0.06,,,,0.00
152,Andrew Benintendi,3 Tms,1155,0.38,0.08,0.03,0.13,0.11,0.18,0.09,,,,0.00
153,Ian Happ,CHC,1346,0.37,0.08,0.03,0.12,0.16,0.15,0.10,0.00,,,0.00
154,Cedric Mullins,BAL,1139,0.39,0.07,0.02,0.13,0.11,0.20,0.08,,,,0.00
155,Dansby Swanson,2 Tms,1346,0.28,0.07,0.02,0.18,0.11,0.27,0.08,0.00,,,0.00
156,Ronald Acuña Jr.,ATL,1282,0.33,0.06,0.02,0.20,0.10,0.23,0.07,0.00,,0.00,0.00
157,Trent Grisham,2 Tms,1083,0.36,0.08,0.03,0.16,0.11,0.19,0.07,,,,0.00
158,Bryan Reynolds,PIT,1277,0.30,0.10,0.02,0.14,0.18,0.16,0.11,0.00,,,0.00
159,Austin Hays,BAL,1161,0.28,0.07,0.02,0.18,0.10,0.28,0.07,0.00,,,0.00
160,Nico Hoerner,CHC,1218,0.27,0.07,0.02,0.20,0.09,0.25,0.10,0.00,0.00,,0.00
161,David Peralta,3 Tms,912,0.32,0.07,0.04,0.14,0.15,0.18,0.10,,,,
162,Nelson Cruz,2 Tms,659,0.33,0.06,0.01,0.16,0.12,0.24,0.09,,,,
163,Manny Piña,2 Tms,29,0.30,0.12,0.01,0.13,0.12,0.24,0.10,,,,
164,Roberto Pérez,2 Tms,86,0.33,0.04,,0.23,0.03,0.26,0.10,,,,
165,Tommy Pham,4 Tms,1103,0.28,0.07,0.02,0.19,0.11,0.24,0.09,,,0.00,
166,Robinson Chirinos,BAL,220,0.38,0.07,0.01,0.18,0.10,0.19,0.06,,,,
167,Robinson Canó,3 Tms,104,0.34,0.11,0.03,0.14,0.11,0.16,0.12,0.00,,,
168,Charlie Culberson,2 Tms,125,0.25,0.08,0.00,0.17,0.16,0.23,0.12,,,,
169,Eric Hosmer,3 Tms,519,0.35,0.08,0.02,0.15,0.11,0.20,0.10,0.00,,0.00,
170,Joey Votto,CIN,618,0.30,0.10,0.03,0.14,0.13,0.19,0.11,0.00,,,
171,Jed Lowrie,OAK,184,0.40,0.09,0.02,0.11,0.15,0.14,0.10,,,,
172,Mike Moustakas,3 Tms,671,0.35,0.08,0.03,0.11,0.13,0.19,0.11,0.00,,,
173,Stephen Vogt,OAK,191,0.40,0.07,0.02,0.11,0.15,0.17,0.08,,,,
174,Josh Donaldson,2 Tms,735,0.30,0.06,0.02,0.18,0.10,0.30,0.06,,,,
175,Justin Upton,SEA,57,0.32,0.08,,0.20,0.11,0.25,0.04,,,,
176,Robbie Grossman,3 Tms,897,0.36,0.07,0.02,0.12,0.14,0.19,0.11,,,,
177,Sandy León,3 Tms,130,0.42,0.04,0.02,0.14,0.14,0.14,0.10,,,,
178,Aaron Hicks,3 Tms,772,0.31,0.07,0.04,0.11,0.18,0.18,0.12,0.00,0.00,,
179,Brandon Crawford,2 Tms,782,0.34,0.08,0.03,0.14,0.15,0.18,0.09,,,,
180,Juan Lagares,LAA,62,0.29,0.05,0.02,0.15,0.10,0.34,0.05,,,,
181,Jose Altuve,HOU,1033,0.28,0.08,0.02,0.17,0.11,0.26,0.08,0.00,0.00,,
182,Ji Man Choi,3 Tms,536,0.38,0.06,0.03,0.12,0.15,0.17,0.09,,,,
183,Abraham Almonte,2 Tms,53,0.24,0.08,0.03,0.16,0.20,0.19,0.11,,,,
184,Austin Romine,3 Tms,136,0.34,0.04,,0.24,0.06,0.24,0.08,,,,
185,Avisaíl García,MIA,510,0.25,0.09,0.01,0.18,0.08,0.28,0.12,,,,
186,Leury García,CHW,315,0.38,0.06,0.03,0.11,0.13,0.16,0.13,,,,
187,Didi Gregorius,PHI,232,0.35,0.05,0.02,0.15,0.16,0.18,0.09,,,,
188,J.D. Martinez,2 Tms,1075,0.31,0.09,0.02,0.16,0.08,0.27,0.07,0.00,,,
189,Alcides Escobar,WSN,131,0.34,0.06,0.00,0.13,0.10,0.29,0.07,,,,
190,Martín Maldonado,2 Tms,792,0.33,0.07,0.01,0.16,0.07,0.27,0.09,,,,
191,Yadier Molina,STL,270,0.32,0.09,0.00,0.14,0.07,0.28,0.08,0.00,,,
192,Matt Davidson,2 Tms,37,0.42,0.04,,0.08,0.07,0.18,0.22,,,,
193,Salvador Perez,KCR,1066,0.27,0.08,0.02,0.14,0.09,0.30,0.09,,,,
194,Travis d'Arnaud,ATL,725,0.30,0.08,0.02,0.19,0.08,0.29,0.05,,,,
195,Charlie Blackmon,COL,1002,0.38,0.10,0.03,0.14,0.11,0.16,0.08,0.00,,,
196,Tim Beckham,MIN,25,0.17,0.10,,0.36,0.12,0.17,0.09,,,,
197,Dee Strange-Gordon,WSN,59,0.39,0.07,0.01,0.16,0.11,0.16,0.11,,,,
198,Kurt Suzuki,LAA,159,0.31,0.07,0.01,0.21,0.06,0.24,0.10,,,,
199,Ehire Adrianza,2 Tms,121,0.37,0.05,0.00,0.09,0.18,0.21,0.09,,,,
200,Donovan Solano,2 Tms,754,0.33,0.08,0.01,0.18,0.09,0.25,0.07,,,,
201,Elvis Andrus,2 Tms,983,0.27,0.07,0.02,0.19,0.09,0.28,0.09,0.00,,,
202,Jason Castro,HOU,88,0.42,0.06,0.05,0.09,0.10,0.20,0.08,,,,
203,Lorenzo Cain,MIL,156,0.34,0.07,0.01,0.17,0.12,0.20,0.09,,,,
204,Paul Goldschmidt,STL,1356,0.31,0.08,0.02,0.17,0.07,0.28,0.08,,0.00,,
205,Starling Marte,NYM,858,0.28,0.06,0.01,0.22,0.10,0.23,0.10,,,0.00,
206,AJ Pollock,3 Tms,671,0.28,0.08,0.02,0.15,0.11,0.29,0.09,,,,
207,Evan Longoria,2 Tms,535,0.33,0.08,0.01,0.15,0.12,0.22,0.09,,,0.00,
208,Yan Gomes,CHC,718,0.33,0.08,0.01,0.18,0.09,0.24,0.08,,,,
209,Christian Vázquez,3 Tms,785,0.32,0.08,0.01,0.18,0.07,0.26,0.08,,,,
210,Nolan Arenado,STL,1250,0.27,0.08,0.02,0.19,0.08,0.30,0.07,0.00,,,
211,Andrew McCutchen,2 Tms,1064,0.28,0.08,0.01,0.21,0.09,0.25,0.08,,,,
212,Darin Ruf,3 Tms,445,0.36,0.07,0.00,0.18,0.09,0.21,0.09,,,,
213,Trayce Thompson,3 Tms,434,0.29,0.07,0.01,0.20,0.10,0.24,0.09,,,,
214,Christian Bethancourt,3 Tms,672,0.29,0.07,0.01,0.13,0.10,0.31,0.08,,,,
215,Chris Owings,2 Tms,93,0.34,0.08,0.01,0.14,0.13,0.21,0.08,,,,
216,Wil Myers,2 Tms,427,0.30,0.07,0.02,0.15,0.07,0.29,0.09,,,,
217,Max Stassi,LAA,375,0.32,0.06,0.00,0.18,0.06,0.30,0.08,,,,
218,Jonathan Villar,2 Tms,220,0.37,0.07,0.02,0.11,0.19,0.14,0.10,,,,
219,Billy Hamilton,3 Tms,25,0.57,0.10,,0.13,0.07,0.13,0.01,,,,
220,Tucker Barnhart,3 Tms,434,0.37,0.07,0.02,0.11,0.13,0.19,0.11,0.00,0.00,,
221,Randal Grichuk,2 Tms,1009,0.32,0.06,0.01,0.19,0.09,0.26,0.07,,,,
222,Brandon Belt,2 Tms,702,0.43,0.10,0.01,0.12,0.11,0.15,0.07,,,,
223,Marcell Ozuna,ATL,1113,0.28,0.07,0.01,0.18,0.10,0.28,0.09,,,0.00,
224,Jon Singleton,2 Tms,109,0.30,0.11,0.02,0.19,0.13,0.19,0.07,,,,
225,César Hernández,WSN,617,0.39,0.06,0.02,0.15,0.17,0.13,0.09,,,,
226,Carlos Pérez,OAK,189,0.34,0.07,0.00,0.15,0.11,0.25,0.08,,0.00,,
227,Gio Urshela,3 Tms,783,0.33,0.07,0.01,0.14,0.09,0.30,0.07,,0.00,,
228,Corey Dickerson,2 Tms,449,0.40,0.08,0.04,0.11,0.14,0.14,0.09,0.00,0.00,,
229,Andrelton Simmons,CHC,85,0.39,0.07,0.01,0.12,0.10,0.23,0.08,,,,
230,Adam Duvall,2 Tms,675,0.28,0.07,0.02,0.19,0.08,0.29,0.08,,,,
231,Phil Gosselin,2 Tms,77,0.28,0.04,0.00,0.25,0.13,0.25,0.05,,,,
232,Kevin Kiermaier,2 Tms,639,0.31,0.08,0.03,0.13,0.15,0.21,0.09,0.00,,,
233,Jonathan Schoop,DET,661,0.36,0.04,0.01,0.16,0.09,0.27,0.07,0.00,,,
234,Whit Merrifield,3 Tms,1150,0.32,0.09,0.01,0.16,0.08,0.27,0.08,0.00,,,
235,Jake Marisnick,4 Tms,165,0.37,0.04,0.01,0.15,0.09,0.26,0.08,,,,
236,Mark Canha,3 Tms,1062,0.28,0.07,0.01,0.22,0.09,0.25,0.09,,,,
237,Odúbel Herrera,PHI,197,0.34,0.08,0.03,0.11,0.10,0.18,0.14,0.00,,,
238,Christian Yelich,MIL,1317,0.34,0.08,0.02,0.16,0.10,0.20,0.11,,,,
239,Henry Ramos,CIN,86,0.35,0.08,0.05,0.09,0.20,0.14,0.08,,,,
240,Manny Machado,SDP,1273,0.32,0.07,0.02,0.20,0.09,0.24,0.07,0.00,,,
241,Yolmer Sánchez,2 Tms,44,0.54,0.05,,0.08,0.13,0.11,0.08,,,,
242,Elias Díaz,COL,918,0.30,0.06,0.01,0.17,0.11,0.26,0.09,0.00,,,
243,Joc Pederson,2 Tms,867,0.31,0.09,0.03,0.13,0.15,0.20,0.10,,0.00,,
244,Hanser Alberto,2 Tms,249,0.25,0.06,0.01,0.17,0.12,0.32,0.08,,,,
245,Nick Martini,CIN,88,0.47,0.05,0.03,0.12,0.11,0.13,0.09,,,,
246,Jon Berti,2 Tms,832,0.33,0.09,0.01,0.23,0.06,0.23,0.06,,,,
247,Niko Goodrum,HOU,45,0.35,0.11,0.06,0.05,0.15,0.20,0.08,,,,
248,Juniel Querecuto,STL,21,0.23,0.18,0.11,0.27,0.08,0.03,0.11,,,,
249,Nick Ahmed,2 Tms,276,0.37,0.06,0.02,0.13,0.11,0.22,0.09,,,,
250,Eddie Rosario,2 Tms,798,0.33,0.07,0.03,0.11,0.15,0.19,0.12,,,,
251,Austin Barnes,LAD,415,0.34,0.07,0.01,0.23,0.08,0.22,0.06,,,,
252,Xander Bogaerts,2 Tms,1322,0.28,0.07,0.02,0.19,0.11,0.25,0.07,0.00,,,
253,Miguel Sanó,2 Tms,77,0.39,0.04,,0.08,0.11,0.29,0.09,,,,
254,Maikel Franco,WSN,388,0.24,0.05,0.01,0.18,0.14,0.31,0.07,,,,
255,Jake Hager,ARI,59,0.31,0.05,0.01,0.19,0.15,0.21,0.08,,,,
256,Tommy La Stella,2 Tms,219,0.37,0.09,0.02,0.16,0.12,0.16,0.10,,,,
257,Taylor Motter,2 Tms,88,0.30,0.06,0.00,0.22,0.07,0.27,0.07,,,,
258,Kevin Pillar,3 Tms,223,0.26,0.08,0.00,0.18,0.14,0.24,0.10,,,,
259,Curt Casali,3 Tms,272,0.34,0.06,0.00,0.18,0.08,0.25,0.08,,,,
260,Kolten Wong,3 Tms,747,0.32,0.08,0.03,0.15,0.12,0.16,0.14,,,,
261,Marcus Semien,TEX,1492,0.32,0.08,0.02,0.14,0.10,0.28,0.07,,,,
262,C.J. Cron,2 Tms,910,0.34,0.07,0.01,0.18,0.09,0.25,0.07,0.00,,,
263,Eugenio Suárez,2 Tms,1339,0.32,0.07,0.02,0.19,0.08,0.26,0.08,,,,
264,Alex Dickerson,ATL,36,0.47,0.06,0.03,0.09,0.13,0.11,0.11,,,,
265,Brad Miller,TEX,308,0.37,0.07,0.05,0.08,0.12,0.18,0.13,,,,
266,James McCann,2 Tms,421,0.35,0.04,0.01,0.17,0.10,0.27,0.07,,,,
267,Anthony Rendon,LAA,387,0.35,0.07,0.01,0.16,0.08,0.25,0.08,,,,
268,Francisco Lindor,NYM,1406,0.33,0.08,0.03,0.14,0.12,0.19,0.11,,,0.00,
269,Austin Hedges,3 Tms,559,0.35,0.06,0.01,0.16,0.07,0.28,0.06,,,,
270,Michael Pérez,2 Tms,140,0.35,0.08,0.03,0.11,0.12,0.18,0.13,,,,
271,Cam Gallagher,2 Tms,196,0.42,0.05,0.01,0.15,0.07,0.21,0.09,,,,
272,Jackie Bradley Jr.,3 Tms,483,0.34,0.07,0.03,0.11,0.15,0.19,0.11,,,,
273,Teoscar Hernández,3 Tms,1239,0.25,0.08,0.02,0.17,0.08,0.32,0.08,,,0.00,
274,Josh Bell,4 Tms,1283,0.32,0.08,0.03,0.13,0.21,0.15,0.09,,,,
275,Jorge Polanco,2 Tms,804,0.30,0.08,0.03,0.10,0.18,0.21,0.10,,,,
276,Orlando Arcia,ATL,780,0.28,0.07,0.02,0.20,0.07,0.28,0.09,,,,
277,Mike Zunino,2 Tms,263,0.39,0.08,0.01,0.13,0.08,0.22,0.09,,,,
278,Ildemaro Vargas,2 Tms,511,0.33,0.08,0.01,0.18,0.16,0.14,0.10,,,,
279,Jake Lamb,3 Tms,165,0.33,0.10,0.03,0.14,0.11,0.20,0.10,,,,
280,Luke Maile,2 Tms,410,0.34,0.07,0.01,0.21,0.06,0.26,0.07,,,,
281,Tyler Naquin,3 Tms,342,0.38,0.07,0.03,0.13,0.11,0.15,0.13,0.00,,,
282,Stephen Piscotty,OAK,139,0.34,0.07,0.02,0.13,0.09,0.26,0.10,,,,
283,Erik González,MIA,41,0.35,0.10,,0.15,0.13,0.13,0.14,,,,
284,Wynton Bernard,COL,42,0.23,0.06,0.01,0.27,0.13,0.22,0.09,,,,
285,Christian Walker,ARI,1347,0.29,0.07,0.02,0.20,0.09,0.27,0.07,0.00,,,
286,Tom Murphy,2 Tms,205,0.32,0.07,0.02,0.13,0.11,0.27,0.07,,,,
287,Roman Quinn,2 Tms,87,0.41,0.07,0.02,0.13,0.12,0.17,0.08,,,,
288,Ketel Marte,ARI,1227,0.30,0.10,0.03,0.13,0.15,0.20,0.10,0.00,,,
289,Corey Seager,TEX,1209,0.29,0.07,0.04,0.12,0.14,0.24,0.10,,0.00,,
290,Jacob Stallings,2 Tms,664,0.34,0.09,0.01,0.19,0.06,0.24,0.07,,,,
291,Elier Hernandez,TEX,35,0.27,0.04,0.01,0.20,0.16,0.20,0.12,,,,
292,Tomás Nido,NYM,374,0.28,0.05,0.00,0.21,0.13,0.27,0.06,,,,
293,Travis Jankowski,3 Tms,352,0.41,0.07,0.02,0.14,0.10,0.17,0.10,,,,
294,Adalberto Mondesi,KCR,54,0.35,0.09,0.01,0.07,0.16,0.23,0.09,,,,
295,Rob Refsnyder,BOS,420,0.33,0.06,0.01,0.16,0.14,0.22,0.08,,,,
296,Matt Reynolds,2 Tms,277,0.31,0.06,0.01,0.23,0.08,0.23,0.08,,,,
297,Kevin Plawecki,2 Tms,186,0.39,0.07,0.00,0.14,0.10,0.23,0.08,,,,
298,Matt Duffy,2 Tms,456,0.35,0.06,0.01,0.17,0.11,0.25,0.06,,,,
299,Joey Wendle,MIA,689,0.34,0.09,0.03,0.13,0.13,0.18,0.10,0.00,0.00,,
300,Tyler Heineman,2 Tms,221,0.39,0.06,0.02,0.16,0.14,0.14,0.09,,,,
301,Carlos Correa,MIN,1182,0.30,0.08,0.01,0.17,0.09,0.27,0.07,,,,
302,Andrew Velazquez,LAA,443,0.44,0.05,0.02,0.11,0.14,0.13,0.11,0.00,,,
303,Jorge Soler,2 Tms,904,0.24,0.09,0.02,0.19,0.08,0.30,0.09,,,,
304,Mitch Haniger,2 Tms,491,0.29,0.10,0.02,0.15,0.10,0.26,0.09,,0.00,0.00,
305,Lewis Brinson,SFG,39,0.20,0.14,,0.10,0.17,0.24,0.15,,,,
306,Joey Meneses,WSN,911,0.27,0.09,0.01,0.19,0.09,0.27,0.08,,,,
307,Harold Ramírez,TBR,886,0.27,0.07,0.01,0.17,0.10,0.31,0.07,,0.00,,
308,Jake Cave,3 Tms,384,0.37,0.07,0.02,0.09,0.13,0.20,0.12,,,,
309,Pedro Severino,MIL,21,0.46,0.03,,0.14,0.10,0.24,0.03,,,,
310,Nomar Mazara,SDP,171,0.38,0.11,0.02,0.12,0.06,0.20,0.11,,,,
311,Franmil Reyes,3 Tms,538,0.30,0.05,0.02,0.18,0.06,0.31,0.09,,,,
312,Franchy Cordero,2 Tms,346,0.37,0.08,0.02,0.11,0.15,0.17,0.11,,,,
313,David Bote,CHC,127,0.35,0.04,0.01,0.18,0.08,0.27,0.08,,,,
314,Harold Castro,2 Tms,713,0.36,0.06,0.03,0.10,0.16,0.17,0.12,0.00,,,
315,Manuel Margot,2 Tms,704,0.34,0.07,0.01,0.14,0.08,0.29,0.07,,,,
316,Brett Phillips,3 Tms,296,0.46,0.06,0.02,0.13,0.10,0.14,0.09,,,,
317,Yu Chang,4 Tms,302,0.31,0.06,0.01,0.18,0.09,0.28,0.08,,,,
318,Kyle Farmer,2 Tms,959,0.32,0.07,0.01,0.20,0.08,0.24,0.08,,,,
319,Tony Kemp,2 Tms,980,0.38,0.07,0.03,0.16,0.11,0.16,0.10,,0.00,,
320,Andrew Knapp,3 Tms,46,0.43,0.07,0.01,0.13,0.14,0.11,0.10,,,,
321,Johan Camargo,2 Tms,186,0.36,0.09,0.03,0.10,0.18,0.16,0.08,0.00,,,
322,Victor Caratini,2 Tms,544,0.35,0.08,0.01,0.15,0.14,0.16,0.11,,,,
323,Dom Nuñez,COL,41,0.28,0.08,0.06,0.17,0.16,0.11,0.15,,,,
324,Adam Engel,2 Tms,266,0.33,0.06,0.01,0.13,0.07,0.33,0.07,,,,
325,Jonathan Davis,2 Tms,195,0.36,0.03,0.01,0.22,0.04,0.29,0.06,,,,
326,Chad Pinder,OAK,379,0.32,0.07,0.02,0.14,0.10,0.27,0.08,,,,
327,Jake Bauers,2 Tms,279,0.34,0.08,0.04,0.12,0.13,0.20,0.09,0.00,,,
328,Brandon Dixon,SDP,100,0.33,0.04,0.01,0.18,0.14,0.23,0.09,,,,
329,Adam Frazier,3 Tms,1066,0.39,0.08,0.03,0.13,0.10,0.19,0.08,0.00,0.00,,
330,Austin Wynns,3 Tms,322,0.35,0.06,0.01,0.16,0.09,0.24,0.09,,,,
331,Mike Tauchman,CHC,406,0.41,0.08,0.02,0.14,0.11,0.16,0.08,,,,
332,Garrett Cooper,3 Tms,930,0.32,0.08,0.01,0.20,0.06,0.26,0.07,0.00,,,
333,Frank Schwindel,CHC,292,0.27,0.08,0.02,0.17,0.13,0.24,0.09,,,,
334,Jack Mayfield,LAA,74,0.31,0.07,0.00,0.12,0.12,0.28,0.11,,,,
335,Kris Bryant,COL,528,0.29,0.09,0.02,0.18,0.13,0.24,0.07,,,,
336,Hunter Renfroe,4 Tms,1077,0.29,0.06,0.02,0.16,0.09,0.31,0.08,0.00,,,
337,Aristides Aquino,CIN,276,0.25,0.08,0.01,0.20,0.11,0.25,0.11,0.00,,,
338,Victor Reyes,DET,336,0.39,0.04,0.02,0.12,0.16,0.18,0.10,,,,
339,J.P. Crawford,SEA,1258,0.39,0.08,0.03,0.14,0.11,0.19,0.08,,,0.00,
340,Mike Ford,4 Tms,400,0.28,0.09,0.05,0.07,0.12,0.25,0.15,,,0.00,
341,Willians Astudillo,MIA,55,0.30,0.03,,0.20,0.05,0.30,0.12,,,,
342,Billy McKinney,2 Tms,204,0.31,0.08,0.02,0.13,0.16,0.16,0.13,,,,
343,Austin Meadows,DET,168,0.34,0.07,0.02,0.12,0.15,0.18,0.12,,,,
344,Rowdy Tellez,2 Tms,958,0.31,0.07,0.03,0.16,0.15,0.18,0.11,0.00,,,
345,Tyler O'Neill,2 Tms,662,0.32,0.06,0.01,0.15,0.09,0.29,0.07,,,,
346,Tyler Wade,3 Tms,231,0.40,0.07,0.03,0.13,0.12,0.16,0.09,0.00,,,
347,Yonathan Daza,COL,488,0.29,0.06,0.01,0.19,0.11,0.27,0.09,0.00,,,
348,José Godoy,2 Tms,22,0.35,0.12,0.02,0.10,0.15,0.13,0.14,,,,
349,Miguel Andujar,2 Tms,230,0.29,0.07,0.00,0.14,0.12,0.30,0.08,,,,
350,Luis Torrens,2 Tms,196,0.29,0.07,0.01,0.17,0.10,0.28,0.08,,,,
351,Aledmys Díaz,2 Tms,671,0.27,0.08,0.01,0.18,0.10,0.28,0.08,,0.00,,
352,Austin Nola,SDP,551,0.37,0.05,0.02,0.20,0.09,0.21,0.07,,,,
353,Travis Demeritte,ATL,96,0.31,0.06,0.00,0.19,0.11,0.27,0.06,,,,
354,Willy Adames,MIL,1269,0.29,0.07,0.02,0.18,0.11,0.26,0.08,,,0.00,
355,Cody Bellinger,2 Tms,1120,0.35,0.08,0.02,0.15,0.11,0.20,0.10,0.00,,,
356,Mark Payton,CHW,25,0.31,,0.02,0.13,0.13,0.31,0.11,,,,
357,Austin Slater,SFG,535,0.33,0.07,0.01,0.18,0.12,0.21,0.09,,,,
358,J.D. Davis,3 Tms,926,0.36,0.07,0.01,0.20,0.08,0.21,0.08,,0.00,,
359,Bradley Zimmer,2 Tms,117,0.36,0.06,0.01,0.13,0.13,0.19,0.13,,,,
360,Trea Turner,2 Tms,1411,0.27,0.07,0.02,0.18,0.10,0.27,0.09,0.00,0.00,0.00,
361,Michael Hermosillo,CHC,73,0.36,0.03,0.01,0.15,0.13,0.23,0.09,,,,
362,Yairo Muñoz,PHI,60,0.27,0.04,,0.12,0.08,0.31,0.17,,,,
363,Nick Gordon,2 Tms,542,0.42,0.07,0.02,0.11,0.12,0.18,0.10,,,,
364,Pablo Reyes,2 Tms,209,0.33,0.06,0.00,0.22,0.08,0.23,0.08,,,0.00,
365,Óscar Mercado,3 Tms,160,0.32,0.05,0.02,0.15,0.11,0.27,0.08,,,,
366,Francisco Mejía,TBR,459,0.29,0.08,0.03,0.10,0.17,0.22,0.12,,,,
367,Sergio Alcántara,2 Tms,224,0.37,0.07,0.01,0.18,0.11,0.14,0.12,0.00,,,
368,Jordan Luplow,3 Tms,324,0.35,0.08,0.01,0.14,0.14,0.22,0.07,,,,
369,Christian Arroyo,BOS,506,0.33,0.06,0.01,0.16,0.09,0.27,0.08,,,,
370,Ryan O'Hearn,2 Tms,520,0.33,0.09,0.04,0.10,0.13,0.21,0.11,0.00,,,
371,Luis Guillorme,NYM,455,0.37,0.07,0.02,0.19,0.09,0.19,0.08,0.00,,,
372,Kyle Schwarber,PHI,1402,0.32,0.09,0.03,0.15,0.12,0.21,0.09,0.00,0.00,,
373,Matt Chapman,2 Tms,1220,0.35,0.08,0.01,0.18,0.07,0.24,0.08,0.00,,,
374,Isiah Kiner-Falefa,2 Tms,902,0.34,0.07,0.02,0.18,0.08,0.25,0.07,0.00,,,
375,Mauricio Dubón,2 Tms,762,0.30,0.06,0.01,0.18,0.09,0.27,0.08,,,,
376,Danny Jansen,TOR,549,0.31,0.08,0.01,0.16,0.10,0.26,0.09,,,,
377,Ozzie Albies,ATL,943,0.33,0.10,0.04,0.11,0.16,0.16,0.11,,,,
378,Kevin Padlo,4 Tms,42,0.28,0.03,0.03,0.13,0.16,0.25,0.12,,,,
379,Luis Urías,3 Tms,655,0.31,0.07,0.01,0.19,0.08,0.27,0.08,,,,
380,Greg Allen,2 Tms,162,0.31,0.10,0.01,0.13,0.17,0.18,0.11,,,0.00,
381,Brian O'Keefe,SEA,25,0.41,0.03,,0.17,0.11,0.25,0.03,,,,
382,Jason Vosler,2 Tms,176,0.29,0.06,0.03,0.15,0.11,0.21,0.15,,,,
383,Jose Trevino,NYY,529,0.29,0.06,0.02,0.18,0.08,0.30,0.08,0.00,0.00,,
384,Colin Moran,CIN,128,0.33,0.08,0.02,0.17,0.13,0.15,0.13,,,,
385,Aramis Garcia,CIN,115,0.35,0.06,0.02,0.20,0.10,0.23,0.05,,,,
386,Jonah Heim,TEX,960,0.41,0.07,0.03,0.09,0.14,0.16,0.10,,,,
387,Derek Hill,2 Tms,142,0.33,0.05,0.02,0.17,0.08,0.27,0.09,,,,
388,Chadwick Tromp,ATL,22,0.30,0.13,0.01,0.13,0.07,0.21,0.14,,,,
389,Eddy Alvarez,LAD,27,0.34,0.13,0.05,0.04,0.15,0.16,0.12,,,,
390,Gleyber Torres,NYY,1263,0.30,0.07,0.02,0.15,0.09,0.30,0.07,0.00,,,
391,Magneuris Sierra,LAA,96,0.34,0.05,0.02,0.20,0.09,0.22,0.08,,,,
392,Jose Herrera,ARI,244,0.38,0.05,0.01,0.14,0.14,0.19,0.09,0.00,,,
393,Meibrys Viloria,2 Tms,79,0.41,0.03,0.04,0.11,0.10,0.23,0.09,,,,
394,Ramón Laureano,2 Tms,798,0.30,0.07,0.02,0.16,0.09,0.28,0.08,,,,
395,Chad Wallach,LAA,212,0.30,0.07,0.02,0.15,0.09,0.25,0.11,,,,
396,Michael Chavis,2 Tms,522,0.32,0.06,0.01,0.18,0.12,0.25,0.07,,,,
397,Cole Tucker,2 Tms,73,0.33,0.09,0.03,0.17,0.09,0.15,0.14,,,,
398,Willi Castro,2 Tms,813,0.37,0.08,0.02,0.09,0.15,0.18,0.11,0.00,,,
399,Rafael Devers,BOS,1280,0.40,0.08,0.03,0.12,0.14,0.15,0.09,,,,
400,Yermín Mercedes,SFG,83,0.43,0.07,0.01,0.09,0.10,0.18,0.12,,,,
401,Jose Siri,2 Tms,705,0.31,0.06,0.02,0.17,0.10,0.28,0.07,,,,
402,Eloy Jiménez,CHW,827,0.25,0.06,0.02,0.17,0.12,0.30,0.09,0.00,,,
403,Myles Straw,CLE,1114,0.44,0.06,0.01,0.16,0.04,0.24,0.06,,,,
404,Alex Bregman,HOU,1397,0.32,0.09,0.01,0.17,0.10,0.25,0.07,,,,
405,Vimael Machín,OAK,253,0.40,0.07,0.02,0.10,0.13,0.16,0.12,,,,
406,Kevin Newman,2 Tms,562,0.31,0.09,0.01,0.19,0.08,0.23,0.09,,,,
407,Matt Beaty,3 Tms,119,0.39,0.07,0.04,0.08,0.16,0.17,0.10,,,,
408,Steven Duggar,3 Tms,80,0.44,0.05,0.04,0.09,0.14,0.15,0.10,,,,
409,Skye Bolt,OAK,116,0.32,0.04,0.03,0.10,0.13,0.21,0.18,,,,
410,Richie Martin,BAL,33,0.41,,,0.16,0.09,0.28,0.06,,,,
411,Josh Lester,2 Tms,28,0.17,0.12,0.01,0.10,0.14,0.39,0.07,,,,
412,Max Schrock,CIN,27,0.35,0.06,0.02,0.07,0.10,0.20,0.21,,,,
413,DJ Stewart,2 Tms,193,0.40,0.08,0.04,0.12,0.09,0.20,0.07,,,,
414,Willie Calhoun,3 Tms,211,0.28,0.09,0.05,0.14,0.15,0.19,0.10,,,,
415,Tyler Nevin,2 Tms,295,0.34,0.07,0.01,0.18,0.10,0.26,0.04,,,,
416,Brendan Rodgers,COL,790,0.32,0.07,0.01,0.18,0.11,0.24,0.07,0.00,,,
417,Isan Díaz,2 Tms,26,0.20,0.04,0.02,0.07,0.34,0.22,0.11,,,,
418,Andrew Stevenson,MIN,40,0.44,0.03,,0.12,0.12,0.23,0.08,,,,
419,Tyler Stephenson,CIN,708,0.27,0.08,0.02,0.23,0.09,0.24,0.07,,,0.00,
420,David Fletcher,LAA,325,0.35,0.06,0.01,0.22,0.07,0.24,0.07,,,,
421,Hoy Park,PIT,60,0.38,0.06,0.04,0.17,0.11,0.12,0.13,,,,
422,Harrison Bader,4 Tms,664,0.28,0.07,0.01,0.16,0.08,0.31,0.10,,,,
423,Mark Mathias,4 Tms,163,0.32,0.05,,0.20,0.16,0.20,0.08,,,,
424,Jake Cronenworth,SDP,1233,0.41,0.08,0.03,0.14,0.10,0.17,0.08,,,,
425,Dylan Moore,SEA,426,0.33,0.06,0.01,0.15,0.11,0.27,0.07,,,,
426,Kyle Garlick,MIN,192,0.32,0.02,0.01,0.11,0.13,0.30,0.11,,,,
427,Garrett Stubbs,PHI,246,0.37,0.07,0.01,0.18,0.10,0.18,0.10,0.00,,,
428,Nathan Lukes,TOR,31,0.38,0.08,0.01,0.15,0.12,0.18,0.08,,,,
429,Patrick Mazeika,NYM,72,0.26,0.08,0.07,0.15,0.16,0.17,0.11,,,,
430,Seth Brown,OAK,945,0.30,0.06,0.04,0.10,0.18,0.21,0.12,,0.00,,
431,Brett Sullivan,SDP,86,0.30,0.04,0.02,0.26,0.13,0.21,0.04,,,,
432,Brian Anderson,2 Tms,744,0.30,0.08,0.02,0.17,0.11,0.24,0.08,,,,
433,Edwin Ríos,2 Tms,126,0.27,0.07,0.04,0.10,0.17,0.16,0.19,,,,
434,Daz Cameron,DET,70,0.39,0.06,,0.11,0.12,0.24,0.08,,,,
435,Austin Riley,ATL,1422,0.32,0.06,0.02,0.20,0.09,0.26,0.06,,,,
436,Victor Robles,WSN,533,0.26,0.08,0.00,0.20,0.09,0.30,0.07,,,,
437,Lewin Díaz,MIA,174,0.35,0.13,0.03,0.09,0.14,0.14,0.12,0.01,,,
438,Jermaine Palacios,MIN,77,0.39,0.06,0.00,0.10,0.12,0.26,0.08,,,,
439,Ryan Mountcastle,BAL,1093,0.33,0.07,0.02,0.14,0.10,0.28,0.06,0.00,,,
440,Travis Blankenhorn,2 Tms,40,0.34,0.05,0.02,0.12,0.15,0.13,0.20,,,,
441,Juan Yepez,STL,339,0.28,0.08,0.01,0.18,0.10,0.26,0.08,0.00,,,
442,P.J. Higgins,CHC,229,0.35,0.05,0.01,0.17,0.10,0.23,0.08,,,,
443,Luis Arraez,2 Tms,1240,0.38,0.08,0.02,0.16,0.11,0.15,0.09,0.00,,,
444,Jared Walsh,2 Tms,579,0.37,0.07,0.03,0.12,0.13,0.17,0.12,,,,
445,Nick Plummer,NYM,31,0.22,0.05,0.02,0.23,0.10,0.22,0.15,0.01,,,
446,Guillermo Heredia,ATL,82,0.33,0.02,0.01,0.15,0.12,0.26,0.10,,,,
447,Ramón Urías,BAL,849,0.33,0.07,0.01,0.17,0.09,0.26,0.07,,,,
448,Andy Ibáñez,2 Tms,515,0.33,0.07,0.02,0.18,0.10,0.24,0.06,,,,
449,José Azocar,SDP,326,0.36,0.06,0.00,0.15,0.13,0.23,0.07,,,,
450,Josh Naylor,CLE,1007,0.32,0.06,0.02,0.11,0.13,0.23,0.12,,,,
451,Brandon Lowe,TBR,714,0.31,0.06,0.04,0.11,0.18,0.20,0.11,,,,
452,Seby Zavala,3 Tms,401,0.33,0.08,0.01,0.16,0.08,0.27,0.07,,,,
453,Danny Mendick,2 Tms,175,0.36,0.03,0.01,0.15,0.10,0.28,0.08,,,,
454,Lucius Fox,WSN,28,0.22,0.07,0.01,0.16,0.19,0.29,0.06,,,,
455,Leody Taveras,TEX,907,0.35,0.06,0.03,0.11,0.16,0.17,0.11,,,,
456,Estevan Florial,2 Tms,114,0.33,0.07,0.05,0.14,0.14,0.18,0.09,,,,
457,Will Smith,LAD,1156,0.32,0.07,0.01,0.18,0.08,0.26,0.08,,,,
458,Yuli Gurriel,2 Tms,913,0.34,0.08,0.01,0.18,0.09,0.24,0.07,,,,
459,Lourdes Gurriel Jr.,2 Tms,1104,0.31,0.08,0.02,0.18,0.09,0.25,0.07,,,,
460,Pete Alonso,NYM,1355,0.30,0.06,0.02,0.22,0.09,0.24,0.08,0.00,,,
461,Cavan Biggio,TOR,656,0.33,0.11,0.02,0.15,0.14,0.16,0.10,0.00,,,
462,Jake Fraley,CIN,635,0.34,0.11,0.04,0.14,0.14,0.14,0.10,0.00,,,
463,Garrett Hampson,3 Tms,482,0.32,0.07,0.01,0.20,0.09,0.24,0.07,,0.00,,
464,Stone Garrett,2 Tms,355,0.30,0.06,0.01,0.18,0.12,0.27,0.08,,,0.00,
465,Randy Arozarena,TBR,1314,0.28,0.07,0.02,0.17,0.09,0.30,0.08,,,,
466,Nick Senzel,CIN,750,0.30,0.08,0.01,0.22,0.08,0.22,0.09,,,,
467,Donovan Walton,2 Tms,78,0.31,0.05,0.00,0.16,0.15,0.24,0.09,,,,
468,Jose Rojas,LAA,57,0.43,0.05,0.06,0.08,0.10,0.18,0.10,,,,
469,Yadiel Hernandez,WSN,327,0.35,0.06,0.02,0.12,0.16,0.17,0.12,,,,
470,Eli White,2 Tms,134,0.34,0.07,,0.12,0.12,0.25,0.10,,,,
471,Sean Murphy,2 Tms,1053,0.26,0.07,0.01,0.20,0.10,0.27,0.09,,,,
472,Luke Raley,2 Tms,489,0.31,0.10,0.03,0.09,0.16,0.21,0.12,,,0.00,
473,Weston Wilson,PHI,22,0.33,0.04,,0.18,0.16,0.16,0.14,,,,
474,Zach McKinstry,3 Tms,709,0.41,0.06,0.03,0.11,0.12,0.17,0.10,,,,
475,Yonny Hernández,2 Tms,55,0.48,0.07,0.00,0.12,0.11,0.17,0.06,,,,
476,Jake Rogers,DET,372,0.32,0.09,0.01,0.16,0.08,0.28,0.05,,,0.00,
477,Andruw Monasterio,MIL,317,0.33,0.09,0.02,0.16,0.06,0.25,0.08,0.00,,,
478,Cooper Hummel,2 Tms,227,0.32,0.08,0.00,0.13,0.14,0.18,0.14,0.01,,,
479,Kyle Lewis,2 Tms,116,0.30,0.05,0.01,0.17,0.11,0.24,0.12,,,,
480,Andrew Knizner,2 Tms,538,0.33,0.06,0.02,0.16,0.07,0.28,0.08,,,,
481,Jaylin Davis,BOS,27,0.38,0.06,,0.15,0.14,0.24,0.04,,,,
482,Yordan Alvarez,HOU,1076,0.34,0.08,0.03,0.14,0.11,0.21,0.10,,0.00,,
483,Zack Short,2 Tms,269,0.41,0.07,0.01,0.14,0.07,0.24,0.07,,,,
484,Nathaniel Lowe,TEX,1369,0.42,0.06,0.02,0.14,0.07,0.19,0.10,,,,
485,Bryan De La Cruz,MIA,1000,0.27,0.09,0.01,0.19,0.09,0.27,0.08,,,,
486,Keibert Ruiz,WSN,1008,0.28,0.07,0.02,0.13,0.17,0.19,0.14,,0.00,,
487,Vladimir Guerrero Jr.,TOR,1406,0.27,0.08,0.02,0.19,0.11,0.27,0.06,,,,
488,Bo Bichette,TOR,1311,0.32,0.08,0.01,0.19,0.08,0.26,0.06,,,,
489,Luis Barrera,OAK,85,0.49,0.04,0.02,0.11,0.14,0.14,0.06,,,,
490,David MacKinnon,2 Tms,57,0.37,0.06,0.00,0.12,0.15,0.21,0.09,,,,
491,Brent Rooker,3 Tms,571,0.31,0.07,0.02,0.17,0.12,0.23,0.08,,,,
492,Sheldon Neuse,OAK,293,0.33,0.05,0.00,0.16,0.09,0.28,0.09,,,,
493,Ben DeLuzio,STL,25,0.40,0.02,0.02,0.17,0.07,0.23,0.09,,,,
494,Zach Reks,TEX,34,0.46,0.09,,0.07,0.16,0.20,0.03,,,,
495,Mike Brosseau,MIL,238,0.38,0.06,,0.16,0.10,0.20,0.11,,,,
496,Edward Olivares,2 Tms,572,0.35,0.07,0.02,0.16,0.11,0.23,0.07,,,,
497,Fernando Tatis Jr.,SDP,660,0.28,0.07,0.03,0.19,0.11,0.26,0.07,,,,
498,Darick Hall,PHI,198,0.41,0.07,0.01,0.12,0.10,0.13,0.17,0.00,,,
499,Josh Rojas,2 Tms,868,0.32,0.08,0.03,0.16,0.12,0.20,0.08,0.01,,0.00,
500,Rylan Bannon,3 Tms,21,0.36,0.08,,0.13,0.12,0.15,0.17,,,,
501,Dairon Blanco,KCR,146,0.32,0.09,0.01,0.15,0.12,0.25,0.07,,,,
502,Esteban Quiroz,CHC,47,0.47,0.03,0.01,0.10,0.12,0.19,0.09,,,,
503,Zach Remillard,CHW,160,0.34,0.05,0.01,0.20,0.08,0.24,0.08,,,,
504,Jason Delay,PIT,359,0.35,0.08,0.01,0.16,0.10,0.24,0.07,,,,
505,Charles Leblanc,MIA,169,0.30,0.08,0.02,0.19,0.10,0.24,0.08,0.00,,,
506,Joshua Palacios,2 Tms,313,0.34,0.09,0.02,0.13,0.11,0.21,0.09,,,,
507,Chuckie Robinson,CIN,60,0.35,0.06,0.01,0.26,0.04,0.20,0.09,,,,
508,Cody Thomas,OAK,78,0.40,0.12,0.04,0.08,0.18,0.10,0.07,,,,
509,Caleb Hamilton,2 Tms,29,0.46,0.01,,0.07,0.17,0.19,0.10,,,,
510,Abraham Toro,3 Tms,378,0.38,0.05,0.02,0.12,0.17,0.17,0.09,,,,
511,Luis Rengifo,LAA,963,0.33,0.06,0.03,0.10,0.16,0.20,0.12,0.00,,,
512,René Pinto,TBR,195,0.38,0.07,0.01,0.13,0.07,0.29,0.06,,,,
513,Riley Adams,WSN,313,0.32,0.05,0.00,0.19,0.15,0.22,0.07,,,,
514,Drew Ellis,3 Tms,46,0.36,0.13,0.01,0.13,0.10,0.19,0.09,,,,
515,Adam Haseley,CHW,64,0.46,0.06,0.03,0.09,0.09,0.15,0.12,,,,
516,Emmanuel Rivera,2 Tms,642,0.29,0.06,0.01,0.20,0.10,0.26,0.07,,,,
517,Pavin Smith,ARI,505,0.31,0.08,0.04,0.13,0.13,0.20,0.10,0.00,,,
518,Connor Wong,BOS,466,0.33,0.07,0.01,0.18,0.09,0.25,0.07,,,,
519,Diego Castillo,2 Tms,284,0.27,0.04,0.01,0.18,0.12,0.28,0.10,,,,
520,Jesús Sánchez,MIA,753,0.37,0.08,0.02,0.12,0.13,0.17,0.12,,,,
521,Daulton Varsho,2 Tms,1190,0.32,0.09,0.03,0.13,0.13,0.19,0.11,0.00,,,
522,Blake Perkins,MIL,172,0.41,0.09,0.02,0.11,0.14,0.15,0.08,,,,
523,Luke Williams,4 Tms,155,0.34,0.08,0.01,0.19,0.08,0.21,0.09,,,,
524,Cristian Pache,2 Tms,357,0.29,0.06,0.01,0.16,0.09,0.31,0.09,0.00,,,
525,Josh Lowe,TBR,699,0.39,0.07,0.03,0.10,0.16,0.16,0.09,0.00,,,
526,Mickey Moniak,2 Tms,437,0.34,0.07,0.05,0.08,0.14,0.21,0.12,0.00,,,
527,Blake Rutherford,WSN,36,0.27,0.07,0.03,0.05,0.15,0.36,0.08,,,,
528,Carter Kieboom,WSN,94,0.31,0.10,,0.16,0.09,0.27,0.07,,,,
529,Taylor Trammell,SEA,173,0.29,0.06,0.03,0.12,0.14,0.24,0.11,,0.01,,
530,Eguy Rosario,SDP,52,0.34,0.08,,0.16,0.07,0.29,0.05,,,,
531,Bobby Dalbec,BOS,409,0.36,0.07,0.01,0.13,0.09,0.27,0.07,,,,
532,Ryan Aguilar,LAA,26,0.43,0.06,0.02,0.04,0.10,0.12,0.24,,,,
533,Tres Barrera,2 Tms,55,0.36,0.08,0.02,0.17,0.11,0.19,0.08,,,,
534,Conner Capel,2 Tms,145,0.38,0.07,0.03,0.08,0.14,0.21,0.09,,,,
535,Bryce Johnson,SFG,67,0.44,0.04,0.02,0.11,0.13,0.18,0.09,,,,
536,Keston Hiura,MIL,266,0.41,0.04,0.01,0.15,0.10,0.21,0.10,,,,
537,Miles Mastrobuoni,2 Tms,168,0.39,0.09,0.04,0.09,0.11,0.21,0.08,,,,
538,Isaac Paredes,TBR,968,0.31,0.06,0.02,0.17,0.09,0.29,0.07,,,,
539,Luis Robert Jr.,CHW,1009,0.27,0.07,0.02,0.17,0.09,0.31,0.07,0.00,,,
540,Bligh Madris,2 Tms,153,0.33,0.09,0.02,0.15,0.15,0.16,0.11,,,,
541,Mark Contreras,MIN,61,0.38,0.09,0.01,0.18,0.06,0.22,0.05,,0.01,,
542,Juan Soto,3 Tms,1392,0.29,0.07,0.03,0.16,0.15,0.20,0.10,0.00,,,
543,Dylan Carlson,STL,743,0.37,0.08,0.03,0.10,0.14,0.18,0.10,0.00,,,
544,Matthew Batten,SDP,161,0.31,0.05,0.02,0.27,0.08,0.25,0.03,,,,
545,J.J. Matijevic,HOU,71,0.33,0.04,0.03,0.12,0.15,0.21,0.14,,,,
546,Miguel Vargas,LAD,354,0.34,0.08,0.02,0.21,0.10,0.20,0.06,,,,
547,Brandon Marsh,2 Tms,939,0.36,0.07,0.03,0.13,0.11,0.20,0.10,0.00,,,
548,Jo Adell,LAA,352,0.37,0.06,0.01,0.13,0.10,0.26,0.07,,,,
549,Gilberto Celestino,MIN,347,0.38,0.08,0.01,0.13,0.10,0.22,0.08,,0.00,,
550,Kevin Smith,OAK,297,0.33,0.06,0.01,0.17,0.08,0.30,0.07,,,,
551,Jonathan Araúz,3 Tms,107,0.35,0.07,0.03,0.13,0.15,0.16,0.11,,,,
552,Ben Rortvedt,2 Tms,86,0.35,0.10,0.00,0.16,0.11,0.16,0.12,,,,
553,Jake Meyers,HOU,510,0.31,0.06,0.02,0.15,0.10,0.27,0.10,,,,
554,Corey Julks,HOU,323,0.33,0.07,0.01,0.16,0.08,0.29,0.07,0.00,,,
555,Stuart Fairchild,3 Tms,369,0.31,0.09,0.01,0.21,0.10,0.21,0.08,,,,
556,Alex Kirilloff,MIN,486,0.35,0.11,0.03,0.12,0.11,0.20,0.10,,,,
557,Ernie Clement,3 Tms,240,0.40,0.04,0.00,0.15,0.11,0.24,0.06,,,,
558,Luis García Jr.,WSN,871,0.24,0.06,0.03,0.13,0.19,0.21,0.14,,,,
559,Jared Young,CHC,69,0.32,0.07,0.04,0.20,0.14,0.12,0.10,,,,
560,Royce Lewis,MIN,282,0.30,0.08,0.03,0.13,0.08,0.28,0.10,,,,
561,Jazz Chisholm Jr.,MIA,642,0.30,0.10,0.04,0.13,0.17,0.16,0.11,,,,
562,Seth Beer,ARI,126,0.34,0.10,0.02,0.13,0.11,0.16,0.15,,,,
563,William Contreras,2 Tms,1001,0.27,0.07,0.02,0.20,0.10,0.27,0.09,,,,
564,Drew Waters,KCR,446,0.36,0.09,0.03,0.09,0.15,0.17,0.11,,,,
565,Nolan Jones,2 Tms,535,0.41,0.07,0.03,0.13,0.11,0.18,0.08,0.00,,0.00,
566,Vidal Bruján,2 Tms,251,0.38,0.05,0.02,0.13,0.19,0.15,0.08,,0.00,,
567,Jose Miranda,MIN,635,0.30,0.07,0.01,0.14,0.09,0.30,0.09,,,,
568,Elehuris Montero,COL,506,0.23,0.05,0.01,0.18,0.13,0.30,0.11,,,,
569,Iván Herrera,STL,70,0.28,0.06,0.01,0.28,0.06,0.21,0.10,,0.00,,
570,Logan Porter,KCR,38,0.26,0.05,0.08,0.23,0.12,0.17,0.10,,,,
571,Carlos Pérez,CHW,71,0.28,0.06,0.02,0.27,0.09,0.23,0.05,,,,
572,Dérmis Garcia,OAK,125,0.28,0.03,,0.13,0.08,0.39,0.09,,,,
573,Trey Cabbage,LAA,56,0.36,0.04,0.07,0.08,0.15,0.19,0.11,,,,
574,Alejo Lopez,CIN,158,0.35,0.05,0.02,0.21,0.14,0.14,0.09,,,,
575,Sean Bouchard,COL,140,0.34,0.06,0.01,0.17,0.10,0.24,0.08,0.01,,,
576,Dalton Guthrie,PHI,56,0.35,0.06,0.03,0.16,0.07,0.23,0.11,,,,
577,Mark Kolozsvary,2 Tms,21,0.20,0.08,,0.21,0.13,0.22,0.17,,,,
578,Michael Papierski,2 Tms,103,0.32,0.12,0.02,0.15,0.13,0.13,0.13,,,,
579,Luken Baker,STL,99,0.26,0.11,0.01,0.18,0.09,0.26,0.10,,0.01,,
580,Jonathan India,CIN,974,0.28,0.09,0.02,0.22,0.09,0.22,0.09,,,0.00,
581,Joey Bart,SFG,386,0.29,0.08,0.01,0.18,0.11,0.24,0.10,,,,
582,Nick Fortes,MIA,570,0.27,0.09,0.02,0.21,0.08,0.24,0.10,,,,
583,Coco Montes,COL,41,0.37,0.10,,0.13,0.10,0.25,0.06,,,,
584,Matt Vierling,2 Tms,891,0.35,0.06,0.01,0.18,0.08,0.24,0.07,,,0.00,
585,Alfonso Rivas III,3 Tms,410,0.37,0.06,0.02,0.15,0.11,0.17,0.12,0.00,,,
586,Romy Gonzalez,CHW,206,0.36,0.05,0.02,0.15,0.09,0.28,0.06,,,,
587,Alec Bohm,PHI,1254,0.33,0.07,0.01,0.21,0.08,0.25,0.06,,0.00,,
588,Jake McCarthy,ARI,668,0.28,0.09,0.02,0.16,0.12,0.22,0.11,0.01,,0.00,
589,Ford Proctor,SFG,22,0.24,0.03,0.01,0.38,0.14,0.16,0.05,,,,
590,Nick Maton,2 Tms,378,0.24,0.07,0.04,0.10,0.17,0.25,0.14,,,,
591,Miguel Amaya,CHC,161,0.32,0.06,0.01,0.17,0.11,0.25,0.09,,0.00,,
592,Oswaldo Cabrera,NYY,518,0.35,0.08,0.04,0.12,0.16,0.16,0.08,,,,
593,Enmanuel Valdez,BOS,161,0.34,0.08,0.03,0.13,0.16,0.17,0.09,,,,
594,Sebastián Rivero,KCR,29,0.41,0.02,0.01,0.16,0.12,0.18,0.10,,,,
595,José Fermín,STL,61,0.25,0.10,0.01,0.29,0.06,0.23,0.05,,0.02,,
596,Esteury Ruiz,3 Tms,541,0.35,0.06,0.01,0.16,0.09,0.26,0.07,,,,
597,Jonathan Aranda,TBR,190,0.38,0.08,0.02,0.18,0.11,0.15,0.08,,,,
598,Freddy Fermin,KCR,246,0.25,0.08,0.02,0.19,0.07,0.34,0.05,,,,
599,Will Benson,2 Tms,403,0.34,0.08,0.04,0.11,0.11,0.18,0.13,0.00,,0.00,
600,Bo Naylor,CLE,246,0.37,0.07,0.02,0.09,0.12,0.23,0.10,0.00,,,
601,Jerar Encarnación,MIA,81,0.37,0.08,0.01,0.17,0.10,0.21,0.06,,,,
602,Rodolfo Castro,2 Tms,534,0.28,0.08,0.03,0.12,0.17,0.19,0.14,0.00,,,
603,Dane Myers,MIA,70,0.17,0.12,,0.27,0.08,0.22,0.14,,,,
604,Nick Pratto,KCR,527,0.37,0.08,0.04,0.11,0.14,0.17,0.09,,,,
605,Payton Henry,MIA,35,0.26,0.04,0.01,0.35,0.08,0.19,0.09,,,,
606,Akil Baddoo,DET,582,0.39,0.07,0.03,0.10,0.16,0.17,0.10,,,,
607,Cal Mitchell,PIT,237,0.36,0.07,0.01,0.14,0.14,0.17,0.11,,,,
608,Mark Vientos,NYM,274,0.26,0.07,0.01,0.18,0.09,0.28,0.10,,,,
609,Brice Turang,MIL,459,0.35,0.08,0.04,0.14,0.13,0.15,0.11,,,0.00,
610,MJ Melendez,KCR,1147,0.37,0.07,0.03,0.11,0.13,0.18,0.11,,,,
611,Jeter Downs,2 Tms,50,0.37,0.05,0.03,0.17,0.10,0.22,0.06,,,,
612,Sam Huff,TEX,177,0.30,0.05,0.01,0.13,0.11,0.35,0.05,,,,
613,Luis Campusano,SDP,247,0.29,0.07,0.02,0.18,0.07,0.30,0.08,0.00,,,
614,Nolan Gorman,STL,795,0.35,0.09,0.03,0.11,0.13,0.19,0.08,,,,
615,Xavier Edwards,MIA,84,0.34,0.10,0.03,0.20,0.12,0.11,0.11,,,,
616,Samad Taylor,KCR,69,0.35,0.10,0.00,0.12,0.14,0.23,0.07,,,,
617,Jake Burger,2 Tms,741,0.25,0.07,0.03,0.19,0.11,0.28,0.07,0.00,,,
618,Nick Allen,OAK,668,0.33,0.07,0.01,0.18,0.07,0.28,0.07,,0.00,,
619,Cal Stevenson,2 Tms,83,0.36,0.11,0.02,0.10,0.15,0.13,0.14,,,,
620,Taylor Walls,TBR,815,0.41,0.06,0.02,0.13,0.15,0.14,0.09,0.00,,,
621,Livan Soto,LAA,71,0.42,0.07,0.01,0.13,0.07,0.22,0.08,,,,
622,Buddy Kennedy,ARI,123,0.25,0.06,0.03,0.25,0.13,0.20,0.07,,,,
623,Triston Casas,BOS,614,0.31,0.09,0.03,0.12,0.15,0.20,0.12,,,,
624,Heliot Ramos,SFG,82,0.36,0.05,0.01,0.13,0.17,0.17,0.12,,,,
625,Lawrence Butler,OAK,143,0.27,0.05,0.04,0.15,0.19,0.21,0.09,,0.01,,
626,Michael Siani,2 Tms,31,0.36,0.13,0.02,0.19,0.14,0.07,0.08,,,,
627,Jarred Kelenic,2 Tms,605,0.28,0.07,0.04,0.10,0.15,0.25,0.11,,,0.00,
628,Jordan Diaz,OAK,344,0.28,0.06,0.02,0.19,0.14,0.25,0.07,,,,
629,Maikel Garcia,KCR,550,0.36,0.08,0.02,0.16,0.07,0.25,0.06,,,,
630,Geraldo Perdomo,ARI,1010,0.39,0.07,0.03,0.14,0.12,0.15,0.10,0.00,,,
631,Oswald Peraza,NYY,248,0.37,0.07,0.02,0.15,0.10,0.22,0.07,,,,
632,Tucupita Marcano,PIT,397,0.31,0.10,0.02,0.15,0.10,0.18,0.14,0.00,,0.00,
633,Lenyn Sosa,CHW,209,0.29,0.05,0.03,0.22,0.06,0.25,0.10,,,,
634,Yainer Diaz,HOU,402,0.26,0.06,0.01,0.17,0.10,0.31,0.09,0.00,0.00,,
635,Canaan Smith-Njigba,PIT,44,0.34,0.09,,0.10,0.09,0.23,0.16,,,,
636,Ryan Noda,OAK,509,0.41,0.08,0.02,0.11,0.08,0.20,0.10,,0.00,,
637,Nelson Velázquez,2 Tms,392,0.26,0.05,0.03,0.18,0.11,0.29,0.08,,,,
638,Jose Barrero,CIN,323,0.25,0.07,0.01,0.17,0.09,0.29,0.12,,,0.00,
639,José Caballero,2 Tms,295,0.35,0.05,0.01,0.19,0.09,0.24,0.07,,,,
640,Brayan Rocchio,CLE,99,0.37,0.10,0.02,0.06,0.11,0.24,0.10,,,,
641,José Tena,CLE,34,0.33,0.10,0.03,0.18,0.03,0.27,0.06,,,,
642,Everson Pereira,NYY,103,0.26,0.09,0.03,0.16,0.09,0.31,0.07,,,,
643,Ronny Mauricio,NYM,108,0.34,0.07,0.07,0.07,0.16,0.23,0.07,,,,
644,Wilyer Abreu,BOS,93,0.28,0.10,0.01,0.22,0.14,0.13,0.12,,,,
645,Jordyn Adams,LAA,40,0.39,0.05,0.02,0.12,0.11,0.25,0.07,,,,
646,Jordan Groshans,MIA,65,0.27,0.12,0.02,0.17,0.06,0.28,0.08,,,,
647,Parker Meadows,DET,157,0.40,0.07,0.01,0.11,0.15,0.19,0.07,,,,
648,Ji Hwan Bae,PIT,408,0.38,0.09,0.01,0.16,0.09,0.17,0.10,,,,
649,Osleivis Basabe,TBR,94,0.38,0.09,0.01,0.15,0.08,0.22,0.07,,,,
650,Curtis Mead,TBR,97,0.33,0.07,0.00,0.16,0.12,0.26,0.06,,,,
651,Ceddanne Rafaela,BOS,101,0.21,0.09,0.01,0.29,0.07,0.23,0.10,,,,
652,Liover Peguero,PIT,217,0.28,0.08,0.02,0.19,0.11,0.27,0.06,,,,
653,Johan Rojas,PHI,174,0.36,0.06,0.01,0.19,0.06,0.24,0.08,,,,
654,Terrin Vavra,BAL,159,0.44,0.09,0.02,0.11,0.08,0.19,0.07,,,,
655,J.P. Martínez,TEX,44,0.43,0.04,0.01,0.12,0.12,0.22,0.06,,,,
656,Richie Palacios,3 Tms,233,0.35,0.07,0.03,0.15,0.13,0.19,0.10,,0.00,,
657,Steven Kwan,CLE,1377,0.43,0.06,0.03,0.14,0.09,0.16,0.08,,,,
658,Jarren Duran,BOS,603,0.37,0.09,0.03,0.12,0.15,0.15,0.08,,,,
659,Brendan Donovan,STL,857,0.37,0.09,0.03,0.13,0.12,0.19,0.09,0.00,,,
660,Jonah Bride,2 Tms,298,0.29,0.07,0.02,0.19,0.11,0.26,0.08,,,,
661,Logan O'Hoppe,LAA,225,0.25,0.07,0.02,0.18,0.11,0.32,0.06,,,,
662,James Outman,LAD,605,0.32,0.08,0.03,0.15,0.10,0.21,0.12,,,0.00,
663,David Villar,SFG,321,0.27,0.10,0.00,0.15,0.09,0.27,0.12,,,,
664,David Fry,CLE,124,0.30,0.10,,0.17,0.09,0.28,0.07,,,,
665,Vinny Capra,2 Tms,28,0.21,0.26,,0.26,0.04,0.16,0.07,,,,
666,Nate Eaton,KCR,178,0.41,0.08,0.00,0.15,0.07,0.21,0.07,,,,
667,David Hensley,HOU,128,0.37,0.08,0.01,0.14,0.11,0.22,0.08,,,,
668,Endy Rodríguez,PIT,204,0.31,0.11,0.03,0.13,0.15,0.18,0.09,,,,
669,Michael Stefanic,LAA,140,0.37,0.05,,0.18,0.05,0.26,0.08,,,,
670,Peyton Burdick,MIA,139,0.40,0.10,0.01,0.15,0.10,0.19,0.06,,,,
671,Brenton Doyle,COL,445,0.30,0.07,0.01,0.17,0.10,0.30,0.06,,,,
672,TJ Hopkins,CIN,44,0.26,0.10,,0.22,0.16,0.19,0.08,,,,
673,Joey Ortiz,2 Tms,43,0.41,0.07,0.06,0.13,0.06,0.21,0.06,,,,
674,Cade Marlowe,SEA,100,0.31,0.05,0.04,0.08,0.12,0.27,0.13,,,0.00,
675,Korey Lee,2 Tms,100,0.37,0.05,0.01,0.17,0.12,0.21,0.07,,,,
676,Jake Alu,WSN,175,0.31,0.09,0.01,0.13,0.14,0.21,0.10,,,,
677,Marco Luciano,SFG,45,0.31,0.08,0.02,0.14,0.08,0.28,0.10,,0.01,,
678,Drew Millas,WSN,33,0.30,0.13,,0.22,0.17,0.08,0.10,,,,
679,Will Brennan,CLE,512,0.41,0.08,0.02,0.10,0.12,0.19,0.09,,,,
680,Bobby Witt Jr.,KCR,1339,0.36,0.08,0.01,0.14,0.08,0.26,0.07,,,,
681,CJ Abrams,2 Tms,930,0.33,0.08,0.02,0.14,0.12,0.22,0.09,0.00,0.00,0.00,
682,Blake Sabol,SFG,344,0.31,0.08,0.05,0.12,0.15,0.18,0.11,,0.00,,
683,Jared Triolo,PIT,229,0.31,0.09,0.01,0.15,0.07,0.31,0.07,,,,
684,Grae Kessinger,HOU,45,0.36,0.10,,0.21,0.09,0.18,0.07,,,,
685,Shea Langeliers,OAK,654,0.33,0.06,0.02,0.15,0.11,0.25,0.08,,,,
686,Andre Lipcius,DET,38,0.40,0.08,,0.10,0.08,0.32,0.03,,,,
687,Ryan Kreidler,DET,102,0.33,0.02,0.01,0.12,0.12,0.34,0.05,,,,
688,Corbin Carroll,ARI,779,0.32,0.10,0.03,0.14,0.10,0.22,0.10,0.00,,0.00,
689,Michael Harris II,ATL,994,0.33,0.08,0.03,0.15,0.12,0.19,0.11,,,,
690,Vaughn Grissom,ATL,236,0.32,0.04,0.01,0.18,0.12,0.24,0.10,,,,
691,Francisco Alvarez,NYM,448,0.26,0.08,0.02,0.22,0.10,0.24,0.08,,,,
692,Dominic Fletcher,2 Tms,109,0.32,0.06,0.03,0.15,0.09,0.27,0.08,,,,
693,Kyle Stowers,BAL,131,0.39,0.08,0.03,0.11,0.13,0.14,0.12,,,,
694,Andrew Vaughn,CHW,1181,0.28,0.07,0.02,0.16,0.09,0.30,0.08,0.00,0.00,,
695,Tyler Fitzgerald,SFG,38,0.35,0.05,0.02,0.16,0.08,0.25,0.07,,0.01,,
696,Adley Rutschman,BAL,1170,0.35,0.07,0.03,0.11,0.17,0.18,0.10,0.00,,,
697,Gunnar Henderson,BAL,767,0.34,0.08,0.04,0.12,0.10,0.25,0.08,0.00,,,
698,Bryson Stott,PHI,1116,0.41,0.08,0.02,0.16,0.11,0.14,0.09,0.00,0.00,,
699,Michael Busch,2 Tms,93,0.38,0.07,0.03,0.10,0.14,0.19,0.09,,,0.00,
700,Jonny DeLuca,LAD,45,0.32,0.10,,0.17,0.11,0.24,0.05,,,,
701,JJ Bleday,2 Tms,558,0.34,0.08,0.04,0.13,0.16,0.17,0.08,0.00,,,
702,Josh Smith,TEX,486,0.41,0.08,0.03,0.10,0.11,0.18,0.09,,,,
703,Kyren Paris,LAA,46,0.24,0.12,,0.15,0.13,0.30,0.06,,,,
704,Matt Wallner,MIN,327,0.40,0.09,0.02,0.10,0.12,0.17,0.09,,,,
705,Luis Matos,SFG,257,0.33,0.08,0.02,0.14,0.10,0.27,0.06,,,,
706,Spencer Horwitz,TOR,44,0.25,0.02,0.02,0.22,0.17,0.25,0.08,,,,
707,Noelvi Marte,CIN,123,0.28,0.06,0.04,0.14,0.13,0.27,0.10,,,,
708,Elly De La Cruz,CIN,439,0.25,0.10,0.04,0.12,0.16,0.22,0.12,0.00,,,
709,Yoshi Tsutsugo,PIT,193,0.34,0.08,0.02,0.19,0.11,0.17,0.09,,,,
710,Spencer Torkelson,DET,1102,0.32,0.06,0.01,0.15,0.11,0.28,0.07,0.00,,0.00,
711,Tyler Soderstrom,OAK,138,0.27,0.07,0.08,0.14,0.14,0.17,0.12,,0.01,,
712,Jordan Walker,STL,476,0.22,0.09,0.03,0.20,0.10,0.29,0.07,,0.00,,
713,Patrick Bailey,SFG,365,0.36,0.09,0.03,0.10,0.16,0.15,0.11,0.00,0.00,,
714,Masyn Winn,STL,147,0.25,0.09,0.01,0.22,0.11,0.24,0.07,,0.01,,
715,Nick Gonzales,PIT,128,0.22,0.07,0.01,0.20,0.12,0.31,0.08,0.00,,,
716,Ha-Seong Kim,SDP,1235,0.35,0.06,0.02,0.19,0.07,0.24,0.06,,,,
717,David Hamilton,BOS,39,0.41,0.04,0.07,0.07,0.21,0.15,0.05,,,,
718,Garrett Mitchell,MIL,141,0.40,0.08,0.03,0.14,0.12,0.13,0.11,0.00,,,
719,Austin Wells,NYY,84,0.26,0.12,0.07,0.12,0.18,0.15,0.10,,,,
720,Alika Williams,PIT,117,0.30,0.10,0.00,0.24,0.06,0.23,0.07,,,,
721,Alec Burleson,STL,414,0.30,0.07,0.03,0.11,0.15,0.21,0.13,,,,
722,Nick Loftin,KCR,72,0.28,0.06,0.02,0.19,0.13,0.25,0.08,,,,
723,Anthony Volpe,NYY,615,0.30,0.07,0.02,0.18,0.07,0.28,0.09,0.00,,,
724,Vinnie Pasquantino,KCR,571,0.33,0.06,0.04,0.11,0.18,0.18,0.10,,,,
725,Joey Wiemer,MIL,410,0.23,0.06,0.02,0.16,0.09,0.33,0.11,,,,
726,Evan Carter,TEX,88,0.42,0.05,0.05,0.11,0.12,0.19,0.05,,0.00,,
727,Jordan Westburg,BAL,238,0.30,0.05,0.02,0.19,0.12,0.25,0.08,,,,
728,Matt Mervis,CHC,99,0.33,0.05,0.04,0.10,0.11,0.26,0.10,,,,
729,Jasson Domínguez,NYY,33,0.29,0.13,0.03,0.10,0.24,0.12,0.09,,,,
730,Junior Caminero,TBR,36,0.22,0.06,0.04,0.22,0.11,0.31,0.05,,,,
731,Jackson Merrill,SDP,20,0.31,0.04,0.04,0.15,0.09,0.26,0.08,0.04,,,
732,Colton Cowser,BAL,79,0.34,0.08,0.04,0.14,0.14,0.18,0.08,0.01,,,
733,Henry Davis,PIT,271,0.24,0.08,0.01,0.20,0.10,0.28,0.10,0.01,,,
734,Sal Frelick,MIL,233,0.34,0.10,0.02,0.11,0.11,0.23,0.10,,,,
735,Hunter Goodman,COL,77,0.27,0.07,0.03,0.18,0.10,0.29,0.07,,,,
736,Zack Gelof,OAK,317,0.28,0.06,0.04,0.20,0.11,0.22,0.09,,0.00,,
737,Jacob Young,WSN,121,0.24,0.10,0.02,0.22,0.06,0.27,0.09,,,,
738,Jordan Lawlar,ARI,34,0.34,0.10,,0.16,0.06,0.33,0.02,,,,
739,Seiya Suzuki,CHC,1044,0.30,0.07,0.01,0.20,0.09,0.24,0.08,0.00,0.00,0.00,
740,Oscar Colás,CHW,263,0.26,0.08,0.03,0.13,0.17,0.20,0.13,,,,
741,Heston Kjerstad,BAL,33,0.36,0.10,0.07,0.03,0.13,0.13,0.19,,,,
742,Zach Neto,LAA,339,0.30,0.08,0.02,0.16,0.05,0.31,0.09,,,,
743,Wade Meckler,SFG,64,0.34,0.06,0.09,0.09,0.11,0.21,0.09,,0.01,,
744,Masataka Yoshida,BOS,597,0.32,0.09,0.02,0.16,0.13,0.19,0.10,,,,
745,Nolan Schanuel,LAA,143,0.36,0.12,0.03,0.12,0.12,0.18,0.07,,,,
