#,Name,Team,PA,wFA,wFC,wFS,wSI,wCH,wSL,wCU,wCS,wKN,wSB
1,Corbin Carroll,ARI,779,11,-7.8,-0.2,6.4,-0.2,18,3.3,0.2,,1.2
2,Josh Rojas,2 Tms,868,-6.7,0.3,2.9,1.9,3.3,-6.1,1.4,-0.2,,0.6
3,Trea Turner,2 Tms,1411,3.2,-0.1,-0.1,6.1,7.5,4.9,3.9,0,0,0.5
4,Will Benson,2 Tms,403,0.9,3,2.7,-1.7,3.3,4.9,-0.7,0.7,,0.5
5,Tommy Pham,4 Tms,1103,13.1,-2.2,0,-9.3,-9,-0.9,-1.3,,,0.4
6,José Ramírez,CLE,1396,13.5,7.4,0.9,4.5,8.5,8.6,2.9,,,0.3
7,Matt Olson,ATL,1433,34,2.1,3.3,7,16.4,7.6,-1.5,,,0.3
8,Francisco Lindor,NYM,1406,21.1,-3.3,-1.8,-1.8,20.3,-3.3,1.6,,,0.1
9,TJ Friedl,CIN,814,18.3,1.8,-4.3,0.4,-2.5,2.7,8.4,-0.3,,0.1
10,CJ Abrams,2 Tms,930,-10.2,-0.2,-0.6,-3.3,3.6,-10.3,6.5,0,-0.3,0.1
11,Miguel Cabrera,DET,803,-4.5,-2.4,-1.2,-10.3,-1.5,2.9,-2.9,,,0.1
12,Marcell Ozuna,ATL,1113,17.6,4.6,0.4,-3.9,-3.4,6.5,-1.9,,,0.1
13,Jesse Winker,3 Tms,758,-1.8,-3.1,-0.4,-1.3,2.6,4.2,-3.7,,,0.1
14,Ryan McMahon,COL,1241,2.7,-4.1,4.5,2.4,0.2,-8.4,6.5,1.4,,0.1
15,Ty France,SEA,1293,1.3,0.1,0.7,-6.2,-7.3,1.1,7.7,,,0.1
16,Tyler Stephenson,CIN,708,6.4,-1,-1.2,-7.4,-2.4,0.3,4.9,,,0.1
17,Ronald Acuña Jr.,ATL,1282,15.9,6.5,1.1,13.9,4.9,25.1,8.4,0,,0.1
18,Jake McCarthy,ARI,668,6.8,-4.6,1,-3.8,-0.9,1.4,2.7,-0.3,,0.1
19,Riley Greene,DET,847,1.1,1.9,-1.4,-1.1,0,1.2,1.5,,,0.1
20,Michael Busch,2 Tms,93,-5.4,-0.5,0.2,-1,0.5,-0.3,1,,,0.1
21,Starling Marte,NYM,858,12.3,-4.3,-0.3,-1.4,2.1,-5.5,-5.3,,,0
22,Greg Allen,2 Tms,162,0.2,2.3,-0.1,-2.3,-1.4,-2.7,-2.2,,,0
23,LaMonte Wade Jr.,SFG,785,6.9,-0.9,-3.1,5.2,-0.6,-1.3,6.3,,0.6,0
24,Stone Garrett,2 Tms,355,4.5,0.8,-0.6,3.5,2.6,-1.3,-0.9,,,0
25,Brice Turang,MIL,459,-15.2,0.1,-2,-2.6,1.1,-3.5,0.5,,,0
26,Jarred Kelenic,2 Tms,605,-0.5,-2.7,-0.2,4.7,-6.1,-1.5,-2.5,,,0
27,Cal Raleigh,SEA,995,-6.9,-3.9,-1.5,11.2,8.3,1.6,0.4,,-0.2,0
28,Spencer Torkelson,DET,1102,-3.1,-1.1,-0.1,-0.5,-12.6,1.4,-0.1,0,,0
29,J.P. Crawford,SEA,1258,10.7,-3.7,1.1,-1.8,5.1,-2.3,8.4,,,0
30,Teoscar Hernández,3 Tms,1239,27.9,-6.5,1.1,-2.6,9.6,-18.7,0.4,,,0
31,Jake Rogers,DET,372,0.1,-2,-0.8,-2.7,-1.2,-1.8,1.9,,,0
32,Tucupita Marcano,PIT,397,-4.4,-5.1,0,-4.7,7.8,-4.5,-3.2,0,,0
33,Mitch Haniger,2 Tms,491,15.7,-5.4,-2.7,-4.6,-2.2,-7.3,-2.8,,-0.1,0
34,Willy Adames,MIL,1269,-5.2,-1.5,-1.3,0.5,5.8,-4.3,2.9,,,0
35,Pablo Reyes,2 Tms,209,0.3,-0.3,0,-3,0.1,1.5,0.7,,,0
36,Alex Verdugo,2 Tms,1263,7.2,-0.5,-3.9,-6,5.3,0,-1.2,,,0
37,Alex Call,2 Tms,570,-1.5,0.3,-0.2,0.2,0.1,-7.6,-1.6,,,0
38,Nick Madrigal,CHC,526,-3.5,-3.3,-1,-2.5,-5,-4.4,1,0.8,0.1,0
39,Nolan Jones,2 Tms,535,0.3,3,0,6.4,4.8,7.9,2.5,0.5,,0
40,Jonathan India,CIN,974,7.9,2,3.4,0.3,-5.3,-0.8,-1.7,,,0
41,Matt Vierling,2 Tms,891,-2.8,-0.2,1,-6.1,2.9,-4.9,-0.8,,,0
42,Jose Barrero,CIN,323,-6,-2.1,0.2,2.6,-4.7,-13.4,-3.4,,,0
43,Casey Schmitt,SFG,277,-8.6,-0.1,-1.4,-2.4,1.3,-6.7,0.8,,0,0
44,Matt McLain,CIN,403,5.5,-3.1,-0.4,10.2,1.2,1.5,3.2,0.3,,-0.1
45,Evan Longoria,2 Tms,535,6.9,-0.9,0.9,-3.5,-1.7,-0.9,-2.9,,,-0.1
46,Mookie Betts,LAD,1361,30.1,3.4,1.6,28.8,7,18.5,12.6,0,,-0.2
47,Dominic Smith,2 Tms,738,-1.8,-5.6,-1.1,-1.6,-1.4,-1.5,0.5,,,-0.2
48,Eric Hosmer,3 Tms,519,-4.8,1.9,-1.7,-8.3,-1.4,6,4.6,0,,-0.2
49,Sam Hilliard,2 Tms,278,-3.8,-1.6,0.2,-0.6,-0.1,-3,0,,,-0.2
50,Jeimer Candelario,4 Tms,1055,6.3,-1.4,-1.3,5.8,-1.3,-1.1,-7.6,-0.4,0.8,-0.2
51,Jean Segura,2 Tms,713,-3,-5.1,-1.3,-11.7,2.2,-5,-0.2,,,-0.2
52,Jurickson Profar,2 Tms,1201,4.1,-3.1,0.9,-2.5,-0.4,-7.1,3.6,-0.2,,-0.2
53,Max Muncy,LAD,1170,6.8,2.3,0.5,-6.1,10.5,8.3,-3.5,-0.1,,-0.2
54,James Outman,LAD,605,6.4,0,-1.1,4.1,9.7,-0.3,-3.8,,,-0.2
55,Mike Ford,4 Tms,400,4.6,-2.9,-2.1,0.7,2.5,-5.3,2.2,,,-0.2
56,Seiya Suzuki,CHC,1044,7.7,-0.6,3,4.7,-1.3,12.5,2.9,0,0,-0.2
57,Cade Marlowe,SEA,100,3,-0.9,-0.6,1.7,0.1,-2.1,-0.6,,,-0.3
58,Luke Raley,2 Tms,489,6.8,-6,0.8,-2.7,7.1,1,3,,,-0.3
59,Albert Pujols,STL,351,14.4,-2.8,0.3,-3,0.9,4.8,1.5,,,
60,David Peralta,3 Tms,912,3,0.6,-3.1,-3.8,-4.3,-2.7,1.3,,,
61,Carlos Santana,5 Tms,1138,17.3,-5.6,-2.9,-1,1.4,-10.2,0.3,0,,
62,Nelson Cruz,2 Tms,659,-2.7,-4.4,2.1,-0.8,-4.7,-2.6,-3.1,,,
63,Manny Piña,2 Tms,29,1.3,-0.6,-0.1,-0.5,-0.5,-1.5,0.1,,,
64,Roberto Pérez,2 Tms,86,0.3,0.2,,1,0.1,-3.3,-0.5,,,
65,Robinson Chirinos,BAL,220,-3.7,-1.3,-0.2,-2.3,-2.7,0.7,-0.2,,,
66,Robinson Canó,3 Tms,104,-2,-0.3,-0.4,-5.3,1,-2.1,-2.3,-0.2,,
67,Charlie Culberson,2 Tms,125,-0.7,-1.3,-0.2,-3.2,2.1,-1,-0.5,,,
68,Anthony Rizzo,NYY,987,3.8,-0.5,4.3,-1.8,2.3,-1.4,0.5,0.1,,
69,Michael Brantley,HOU,334,-0.7,4.3,-1.3,-2,2.7,5.4,-0.9,,0.1,
70,Joey Votto,CIN,618,8.6,5.4,-0.2,6.7,-7.2,-9.3,-1.8,0,,
71,Jed Lowrie,OAK,184,-1.4,-2.9,1.8,-3.9,-2.6,-3.2,-1.2,,,
72,Mike Moustakas,3 Tms,671,-15,-1.5,-1.5,2.1,2.4,0,-2.8,-0.2,,
73,Jason Heyward,2 Tms,543,7.1,-3.9,-1.1,5.9,-2.4,-4.9,1.5,,,
74,Giancarlo Stanton,NYY,881,3.4,-3.1,-1.5,-5.7,0.7,-0.5,-1.2,,,
75,Stephen Vogt,OAK,191,1.8,-3.4,-1.7,-2.4,-0.6,-4,-0.1,,,
76,Josh Donaldson,2 Tms,735,-7.4,6.5,-0.8,-11.4,-0.1,-3.1,4.3,,,
77,Justin Upton,SEA,57,0.2,-0.3,,-1.2,-0.3,-2.2,0.3,,,
78,Justin Turner,3 Tms,1174,-2.2,2.6,6.1,0.8,11.7,-2.5,6.8,,,
79,Robbie Grossman,3 Tms,897,6.8,-1.7,-0.7,-3.4,2.7,-4.7,-5.8,,,
80,Sandy León,3 Tms,130,-5,-0.6,0.8,0,-3,-1.1,-2.9,,,
81,Aaron Hicks,3 Tms,772,-1.1,0.3,0.2,-0.8,-4.3,-2.3,1.7,-0.1,0,
82,Brandon Crawford,2 Tms,782,-5.1,-3.6,-4,-2.3,-7.9,-3.4,-0.1,,,
83,Freddie Freeman,LAD,1466,25.1,10.8,1.9,18.9,23.4,18.6,8,0,,
84,Juan Lagares,LAA,62,-1.5,0.2,-0.5,0.4,-0.8,-3.4,-0.1,,,
85,Jose Altuve,HOU,1033,29.8,5.6,-1.6,11.4,7,7.7,4.8,-0.8,-0.3,
86,Ji Man Choi,3 Tms,536,-2.1,-3,1.5,6.9,2.1,-2,-2.7,,,
87,Abraham Almonte,2 Tms,53,1.6,-0.4,-0.2,1,-2.6,-0.5,-1.6,,,
88,Austin Romine,3 Tms,136,-5.5,1.3,,-4.9,-0.1,-0.2,-2.1,,,
89,Marwin Gonzalez,NYY,207,-1.9,-1.1,-1.3,-0.4,-2.7,-0.6,-2.7,,0.1,
90,Kyle Higashioka,2 Tms,512,0.9,-1.9,-0.5,-1.3,-5.8,-3.1,-4.3,,,
91,Avisaíl García,MIA,510,-3.5,-4.7,-2.4,-3,1.1,-10.9,-3.8,,,
92,Wilmer Flores,SFG,1067,-1.9,-5.9,-0.4,9.9,6,5.4,0.1,,-0.2,
93,Leury García,CHW,315,-7.9,-1.4,0.4,-1.1,-3.9,-4.5,-3.5,,,
94,Didi Gregorius,PHI,232,-0.5,-0.8,-0.5,-0.7,-4.5,-1.2,0,,,
95,Eduardo Escobar,2 Tms,851,-4.6,-2.6,-2.8,0.8,2.4,-7.1,-0.2,-0.3,,
96,J.D. Martinez,2 Tms,1075,7.7,-5.2,-1.8,11.3,1.5,5,7,-0.3,,
97,Alcides Escobar,WSN,131,-5.2,0.4,-0.2,1.9,-0.2,-3.5,-0.6,,,
98,Martín Maldonado,2 Tms,792,-16.6,0.6,-2.6,-3,2.6,-18.6,-2.9,,,
99,Yadier Molina,STL,270,-5.3,-4.8,-0.2,-5,-0.1,-1.9,-2.4,0,,
100,Matt Davidson,2 Tms,37,-0.9,-0.3,,-0.9,0.7,1.4,-2.1,,,
101,Salvador Perez,KCR,1066,13.4,-1.3,-1.9,-2.1,3,-12.4,-3.3,,,
102,Travis d'Arnaud,ATL,725,-1.2,-3.4,-2.1,0.5,6.3,-6.8,6.1,,,
103,Miguel Rojas,2 Tms,936,-8.6,-7.1,1.8,-9.2,0.4,-9.2,-0.5,,,
104,Charlie Blackmon,COL,1002,-4.3,-4.3,-0.5,5.6,5,8.2,4.3,0,,
105,Tim Beckham,MIN,25,-0.7,-1.3,,-1.3,-0.4,-1.4,-0.7,,,
106,Matt Carpenter,3 Tms,397,15.7,-1.9,-1.6,-0.7,1,0.1,0.7,,,
107,Josh Harrison,2 Tms,539,-1.4,-6.6,-1.9,2.3,-0.6,-2.9,0,,,
108,Dee Strange-Gordon,WSN,59,0.9,-0.5,-0.1,-0.8,-0.4,0.5,-0.9,,,
109,Kurt Suzuki,LAA,159,-3.9,1.2,0.1,-4.1,2.7,-2.3,-0.9,,,
110,Ehire Adrianza,2 Tms,121,-1.7,-0.7,0.6,0.1,-4.4,-4.8,-0.2,,,
111,Donovan Solano,2 Tms,754,7.1,5.6,-3.1,-1.6,-2.8,2.4,-1.5,,,
112,Elvis Andrus,2 Tms,983,9.4,0.7,-1.7,-10.3,-0.2,-6.5,-3.5,-0.1,,
113,Jason Castro,HOU,88,-5.1,-1,-1.8,-0.9,-1,0.2,0.3,,,
114,Lorenzo Cain,MIL,156,-4.7,-0.1,-0.7,-5.5,1.7,-2.5,-0.5,,,
115,Paul Goldschmidt,STL,1356,24.9,3.2,2.2,4.9,16.6,18.1,5.3,,0.1,
116,AJ Pollock,3 Tms,671,1.3,-3.8,0.1,-2.4,-2.7,-10.3,-1.1,,,
117,Yan Gomes,CHC,718,-1.5,-4.9,0,0.9,0,-14.7,0.9,,,
118,Christian Vázquez,3 Tms,785,6.9,0.7,1.7,-13.4,-5.9,-10.2,-3.6,,,
119,Nolan Arenado,STL,1250,15.9,2.8,1.6,3.4,-2,-0.9,6.7,-0.2,,
120,Andrew McCutchen,2 Tms,1064,10,-4.9,-0.2,-2.8,-0.1,-3.9,4.8,,,
121,DJ LeMahieu,NYY,1103,3.1,-0.6,-0.4,-5.3,3,1.8,2.5,0,0.1,
122,Darin Ruf,3 Tms,445,-5.3,-2.1,0.3,3,2.9,-3,-4.1,,,
123,Trayce Thompson,3 Tms,434,-7.9,0.7,0.6,7.2,1.5,0.8,0,,,
124,Christian Bethancourt,3 Tms,672,-0.9,-3.4,-0.9,1.3,-5.6,-8.6,1.6,,,
125,Chris Owings,2 Tms,93,-1.6,-1.1,-0.3,-2.9,0.1,-4.1,-0.6,,,
126,Wil Myers,2 Tms,427,8.6,-4.5,-1.1,-1.3,-2.4,-6.6,-5.5,,,
127,Max Stassi,LAA,375,-6.2,-1,0.2,-7,1.6,-9.4,-0.4,,,
128,Jonathan Villar,2 Tms,220,-8.2,-0.6,-0.5,1.7,-3.7,1.9,-0.1,,,
129,Mike Trout,LAA,871,13.5,13.2,-1,5.5,11.4,10.3,-0.2,,,
130,Billy Hamilton,3 Tms,25,-2.2,-0.1,,-1,-0.3,-0.7,-0.2,,,
131,Tucker Barnhart,3 Tms,434,-5.7,-3.1,0.6,0,-0.7,-9,-5.4,0,-0.1,
132,Jose Iglesias,COL,467,-4,1.9,-1.6,-8,5,2.5,2.3,0.1,,
133,Randal Grichuk,2 Tms,1009,-1.9,1.1,-0.9,0.6,3.4,-2.3,-0.5,,,
134,Brandon Belt,2 Tms,702,2.6,-1.9,0.7,4.9,0.7,1.3,3.4,,,
135,Rafael Ortega,2 Tms,507,-2.7,-3,0.7,1.8,-0.7,-2.5,0.2,,,
136,Jon Singleton,2 Tms,109,-2.4,-2.1,0.1,0.5,-0.6,-0.9,-1.1,,,
137,Enrique Hernández,2 Tms,919,0.8,-6.7,-2.3,-12.8,-2,-13.1,0.6,,,
138,César Hernández,WSN,617,-4.2,-1.2,-0.4,2.6,-8.1,-4.6,0.5,,,
139,Carlos Pérez,OAK,189,-4.5,-1.1,0.1,-2,3.2,-1.4,-0.3,,0.1,
140,Gio Urshela,3 Tms,783,-4.3,-0.6,-0.4,-3.5,-0.2,4.9,0.7,,0,
141,Corey Dickerson,2 Tms,449,-2.9,1.4,-1.7,2.5,-5.3,-0.5,0.1,-0.3,-0.2,
142,Andrelton Simmons,CHC,85,-3.2,-0.1,-0.1,0.8,-2.1,-3.6,-1.4,,,
143,Adam Duvall,2 Tms,675,6.7,4.8,-1.3,-3.5,2.6,-3.7,-0.7,,,
144,Phil Gosselin,2 Tms,77,-1.2,-0.5,0,-3.7,-1.4,-2.7,0.3,,,
145,Kevin Kiermaier,2 Tms,639,14.7,-2.8,0.8,-3.1,-2.3,-7.3,-4.5,0,,
146,Kole Calhoun,2 Tms,598,-11.7,0.4,-1,4.2,0.9,-11.6,-5.1,,,
147,Jonathan Schoop,DET,661,-22.1,-0.6,-0.7,-6.3,-2.4,-7.8,-3.5,0,,
148,Whit Merrifield,3 Tms,1150,-5,-1,-0.5,-14.1,-2.2,3.3,-1,0,,
149,Jake Marisnick,4 Tms,165,-0.7,1.2,-0.7,-2.2,-0.2,-2.1,0.2,,,
150,Jesús Aguilar,3 Tms,622,-6.2,0.9,-1.3,0.6,0,-1.2,-6.1,,,
151,Yasmani Grandal,CHW,781,-15.1,-4.9,0.4,-7.6,-4.4,3.5,-0.4,0.5,,
152,Gary Sánchez,4 Tms,741,4.2,-1,-0.6,-1.1,3.1,-10.6,-2.9,,-0.8,
153,Mark Canha,3 Tms,1062,3.4,-0.9,3.3,9.9,4.1,0.4,1.5,,,
154,Odúbel Herrera,PHI,197,-1.5,3.9,-1.3,-1.3,0.5,1.6,-2.5,-0.1,,
155,Christian Yelich,MIL,1317,24.2,2.3,-1.1,4.9,7.4,-4.8,-3.3,,,
156,Henry Ramos,CIN,86,-0.7,-0.4,0.8,-1.8,0,0.7,-0.7,,,
157,Michael A. Taylor,3 Tms,860,-4.1,1.1,1.1,0.4,-2.6,3.7,-9.3,,,
158,Manny Machado,SDP,1273,-8.1,0.7,0.2,10.2,10.9,13,7.2,0,,
159,Bryce Harper,PHI,980,19.8,3.8,-4.2,3.4,10.3,2.5,8.9,-0.1,-0.3,
160,Yolmer Sánchez,2 Tms,44,-1.9,-0.8,,-0.3,-0.1,-1.5,-0.4,,,
161,Willson Contreras,2 Tms,994,7.1,1.5,-2,7.1,4.4,10.6,2.5,,,
162,Brandon Drury,3 Tms,1101,6.7,2.9,1.3,-0.1,10.1,1.3,-2.3,,,
163,Elias Díaz,COL,918,-1.4,3.6,-3.3,-5.7,-8.2,6.5,-2.9,0,,
164,Nick Castellanos,PHI,1241,16.9,-0.8,-1.9,-9.2,-11.4,8.1,-3.7,-0.2,,
165,J.T. Realmuto,PHI,1114,10.4,4.3,-1.6,4.9,5.7,1,0.2,-0.2,-0.2,
166,Joc Pederson,2 Tms,867,13.5,-1.2,0.2,10.1,-1.1,0.5,2.9,,-0.1,
167,Hanser Alberto,2 Tms,249,-4.2,3.7,-0.4,0.5,-1.8,-4.5,-2.4,,,
168,Nick Martini,CIN,88,1.7,-1.1,0.1,-0.2,-1.1,6,1.4,,,
169,Jon Berti,2 Tms,832,2.8,4.1,-0.6,-0.2,-0.9,-5.6,1.7,,,
170,Niko Goodrum,HOU,45,-1.1,-1,-0.2,-0.1,-0.2,-2.5,-0.3,,,
171,Juniel Querecuto,STL,21,0,-1,-0.7,-0.4,0.1,-0.2,-0.8,,,
172,Max Kepler,MIN,941,-0.4,6.5,-2.8,3.9,8.9,-4.3,-3.2,,,
173,Nick Ahmed,2 Tms,276,-4.9,-4,0.4,-1.1,-3.3,-0.5,0.6,,,
174,Eddie Rosario,2 Tms,798,-8.1,5.3,2.6,2.4,0.9,-7.1,-10.5,,,
175,Austin Barnes,LAD,415,-2.8,-2.9,0,-7.4,-2.7,-1.7,0.1,,,
176,Ben Gamel,2 Tms,438,2.4,-2.9,-0.1,2.1,1.7,-3.3,-1.8,,,
177,Xander Bogaerts,2 Tms,1322,1.7,-0.2,0,6.9,0.5,15.7,8.4,0.5,,
178,Miguel Sanó,2 Tms,77,-6.8,-0.8,,0.8,0.2,-1.5,-0.6,,,
179,Maikel Franco,WSN,388,-4.6,0.3,-0.7,-7,-5.6,-3.6,0.6,,,
180,Jorge Alfaro,3 Tms,326,-2.7,-1.8,-1.8,-2.4,0.5,-0.3,-3.9,,,
181,Jake Hager,ARI,59,-0.6,0.3,-0.2,-1.2,0.2,0.6,-0.1,,,
182,Rougned Odor,2 Tms,629,-0.6,3.1,-2.7,1.8,-8.2,-11.8,-0.2,,,
183,Jace Peterson,3 Tms,758,-1.6,0.9,-1.5,-8.7,6.2,-7.4,-7.7,,,
184,Tommy La Stella,2 Tms,219,1.6,-1.5,-0.7,-1.6,-1.7,-2.3,-1.3,,,
185,Taylor Motter,2 Tms,88,-4,-1.2,-0.3,-1.3,0,-1.4,-0.4,,,
186,Kevin Pillar,3 Tms,223,-2.1,2.2,0,-3.6,-0.3,-4.2,-0.1,,,
187,Curt Casali,3 Tms,272,-0.4,0.6,-0.1,-1.7,-1.4,-5.6,1.4,,,
188,Kolten Wong,3 Tms,747,10.6,1.1,-1.7,-5.9,-3.3,-1.8,-3.9,,,
189,Marcus Semien,TEX,1492,3.7,-2.7,0.9,4.5,2.9,17.2,13.9,,,
190,C.J. Cron,2 Tms,910,0.3,0,-1,-2.8,6.2,-4.7,3.1,0,,
191,Eugenio Suárez,2 Tms,1339,8.8,-7.1,-2.1,10.7,3,-1.9,-0.2,,,
192,Trevor Story,BOS,582,-10.8,1.2,-1.2,2.2,8.5,-9.9,-0.2,,,
193,Alex Dickerson,ATL,36,-1,-0.7,-0.3,-0.6,-1.5,-0.6,-0.6,,,
194,Brad Miller,TEX,308,-2.5,1.1,-1.4,-2.2,-0.6,-3,-1,,,
195,George Springer,TOR,1284,13.2,-0.8,0.3,4.2,-1.9,-12.1,10.9,,,
196,James McCann,2 Tms,421,-7.2,-2.6,-0.4,-5.4,-0.9,-1.8,-1.6,,,
197,Anthony Rendon,LAA,387,0.1,-3.8,0.1,-5.6,1.5,0.9,-0.4,,,
198,Brandon Nimmo,NYM,1368,8.6,5.7,2.5,-1.8,13.4,10.4,9.4,,,
199,Austin Hedges,3 Tms,559,-17.7,-4.3,-1.4,-8,-0.7,-18,-0.3,,,
200,Michael Pérez,2 Tms,140,0.6,-2.1,-0.2,-1,-1.6,-1.4,-2.7,,,
201,Javier Báez,DET,1150,-0.9,3.2,0.1,-16.4,-0.9,-20.3,0.4,-0.1,,
202,Cam Gallagher,2 Tms,196,-11.9,0,-0.5,-5.6,-2.8,-2.3,-0.6,,,
203,Jackie Bradley Jr.,3 Tms,483,0,-3.2,-2.2,-4.4,-7.7,-6.3,-7.8,,,
204,Josh Bell,4 Tms,1283,13.8,-4.9,-1.7,-1,1.9,1.2,5.4,,,
205,Jorge Polanco,2 Tms,804,7.4,0.6,-0.1,8.3,9.9,-15.4,1.1,,,
206,Orlando Arcia,ATL,780,5.9,-2.2,-0.6,-2.2,2.1,-6.4,4,,,
207,Mike Zunino,2 Tms,263,-9.3,-1,0.1,-1.3,-0.7,-4.6,-1.8,,,
208,Ildemaro Vargas,2 Tms,511,1.2,2.1,-1.6,-9,-4.3,4.4,-2.5,,,
209,Jake Lamb,3 Tms,165,-3.5,-0.7,-0.3,-0.8,1.3,0.1,0.7,,,
210,Omar Narváez,2 Tms,446,-6.5,0.7,-0.4,-10.1,-2.9,-1.4,2.8,,,
211,Luke Maile,2 Tms,410,1.9,-1.8,0.5,-7.3,4.2,-5.1,-1.5,,,
212,Tyler Naquin,3 Tms,342,-5.3,-1.6,-0.2,-0.9,0.2,-0.5,2.1,-0.2,,
213,Stephen Piscotty,OAK,139,-1.8,-0.7,-0.9,-0.6,-1.2,0,-1.5,,,
214,Erik González,MIA,41,-0.5,-1.4,,-0.3,-1.2,0.2,-0.3,,,
215,Wynton Bernard,COL,42,-0.7,-1.7,0.5,-0.5,0.5,0.4,0.1,,,
216,Christian Walker,ARI,1347,18.4,4.5,-3.7,4.2,0.3,7.8,2.8,0,,
217,Tom Murphy,2 Tms,205,3.1,-0.6,-0.2,1.5,0.1,3.8,0.3,,,
218,Roman Quinn,2 Tms,87,-1.2,0.7,0,-0.7,-0.5,-1.6,0.3,,,
219,Patrick Wisdom,CHC,836,-6,3.6,0.6,0.2,12,-8.1,-3.6,0.1,,
220,Ketel Marte,ARI,1227,0.9,-11.8,-0.1,17.9,5.2,4.4,4.7,-0.6,,
221,Carson Kelly,2 Tms,511,-8.4,-1,-1,-6.5,6,-9.7,-2,,,
222,Corey Seager,TEX,1209,22.9,3.4,3.7,0.2,5.4,9.3,7.1,,0,
223,Tyrone Taylor,2 Tms,655,0.7,-5.3,-2.7,-2.3,-0.7,0.8,-1.9,,,
224,Jacob Stallings,2 Tms,664,-10,0.2,-0.9,-5.6,-3.4,-11.1,-5.5,,,
225,Elier Hernandez,TEX,35,-1.8,-0.5,0,-2,0.9,0.3,-0.6,,,
226,Tomás Nido,NYM,374,-5.6,-2.5,-0.7,-4.8,-6.5,-6.5,-0.3,,,
227,Chris Taylor,LAD,846,0.5,2.4,-1.7,7.9,-5.8,-4.5,-1.8,,,
228,Travis Jankowski,3 Tms,352,-6,-1.3,-1.4,-2.5,4.1,-0.2,3.6,,,
229,Adalberto Mondesi,KCR,54,-2.6,0.1,0,-0.6,-1.6,-2.7,0.1,,,
230,Rob Refsnyder,BOS,420,1.5,3.4,0.6,2.5,-0.2,-1.2,1.8,,,
231,Matt Reynolds,2 Tms,277,-1.6,1.2,0.3,-3.9,-0.3,0.1,-2.9,,,
232,Kevin Plawecki,2 Tms,186,-5.6,0.7,-0.1,-1,-0.6,-2.9,-0.2,,,
233,Matt Duffy,2 Tms,456,-8.5,0.1,-0.1,-0.4,-1.3,-2.8,-0.8,,,
234,Joey Wendle,MIA,689,-9.2,1.1,-3.3,-0.6,-6.9,-4.4,-3,0.9,0.1,
235,Anthony Bemboom,BAL,72,-1.6,-0.6,0.6,-2.1,-1,-1.9,0.4,,,
236,Tyler Heineman,2 Tms,221,-1.4,-0.3,-0.7,-2.1,-3.1,-1,-0.6,,,
237,Albert Almora Jr.,CIN,235,1.8,-0.7,-0.5,-4.4,-0.2,-2,-2.6,,,
238,Eric Haase,2 Tms,644,-19.4,3.8,-0.5,3.7,-2.9,-6.9,-0.6,,,
239,Joey Gallo,4 Tms,756,5.1,-2.5,1.3,-3.2,-5.2,-5.6,-1,0,,
240,Daniel Vogelbach,3 Tms,785,-1.3,-2.7,-0.3,13.6,7.9,-8.7,1.7,,,
241,Byron Buxton,MIN,741,9.8,0.8,1.8,1.3,-6.5,4.9,2.9,,,
242,Carlos Correa,MIN,1182,10.7,2.3,1.1,-10.4,3.2,-5.2,1.5,,,
243,Andrew Velazquez,LAA,443,-9.1,0.5,-2.5,-6.3,-3.9,2.8,-5.7,-0.2,,
244,Jorge Soler,2 Tms,904,17.4,-5.9,-0.2,-4.7,3,-3,-0.8,,,
245,Raimel Tapia,4 Tms,602,-2.4,-3.2,0.2,-3.8,-1.4,-0.4,-1.6,,,
246,Lewis Brinson,SFG,39,1.7,0.7,,-0.4,-1,-0.7,-0.9,,,
247,Joey Meneses,WSN,911,-1.2,0.8,0.4,-5.2,3.7,8.3,2.2,,,
248,Harold Ramírez,TBR,886,10.1,3,1.7,-7,5.4,-1.9,4.2,,0,
249,Jake Cave,3 Tms,384,-0.4,-3.3,-0.2,-2.1,1,-4.8,-2.3,,,
250,Pedro Severino,MIL,21,-0.3,0.2,,-1.2,-0.1,0.3,0.9,,,
251,Anthony Santander,BAL,1316,9.7,-1.6,0.8,-4.8,10.4,6.2,-1.3,0,,
252,Nomar Mazara,SDP,171,-4.7,-0.1,0.7,0.4,1.4,0,-0.4,,,
253,Franmil Reyes,3 Tms,538,-8.5,-0.8,-0.5,-4.6,-1.4,-3.4,-1.6,,,
254,Franchy Cordero,2 Tms,346,0.1,3.1,-0.1,-1.1,-3.1,-0.4,-0.6,,,
255,David Bote,CHC,127,-0.5,-0.7,-0.1,-0.7,-0.1,2.4,0.6,,,
256,Harold Castro,2 Tms,713,5,-0.8,-2.8,-2.7,-6,0.7,-9.2,0.1,,
257,Manuel Margot,2 Tms,704,-3.6,4.9,-1.3,4,-0.1,-9.7,-1.8,,,
258,Brett Phillips,3 Tms,296,-11.8,-0.5,-0.1,-3.3,1.8,-3.8,-1.6,,,
259,Yu Chang,4 Tms,302,4.6,1.1,-0.4,-6.4,-2,-8.2,-3.8,,,
260,Luke Voit,3 Tms,642,14.8,-3.7,-1.4,-4.6,-6.4,-0.6,-3.5,0,,
261,Kyle Farmer,2 Tms,959,-3.2,12.8,-0.2,-7.5,-3.3,-2.8,-3.9,,,
262,Mike Yastrzemski,SFG,943,3.6,0.5,2.5,-3,4,-7.6,2.9,0,-0.3,
263,Tony Kemp,2 Tms,980,-11.8,0.8,-2.5,-2.5,-0.4,-5.3,-4.8,,0.5,
264,Andrew Knapp,3 Tms,46,-2.2,0,0.1,-0.1,-0.7,0,-1,,,
265,Johan Camargo,2 Tms,186,-4.4,1.1,-0.5,-0.7,2.9,-3.8,-2.3,0.2,,
266,Victor Caratini,2 Tms,544,-5.5,-2,0.1,-0.3,-1.5,0.6,-2.4,,,
267,Dom Nuñez,COL,41,-1.8,-0.1,-0.2,0.2,-1,0.1,0,,,
268,Adam Engel,2 Tms,266,-1.4,-2.2,-1,-3.3,-2.8,-1.9,0.6,,,
269,Jonathan Davis,2 Tms,195,1.3,-2.4,0.3,-4.9,-1.1,3.9,-0.7,,,
270,Hunter Dozier,KCR,591,10.7,-5,-1.7,-5.1,1.7,-12.5,0.2,,,
271,Tim Locastro,2 Tms,113,-3.6,-1.1,0,0.4,1.4,1.2,0.7,,,
272,Trey Mancini,3 Tms,850,1.4,-5.6,-0.1,-7.4,-4.7,4.9,0.9,-0.1,,
273,Mitch Garver,2 Tms,563,9.1,-1.4,-0.4,1.1,3.7,1.4,1.5,,,
274,Josh VanMeter,PIT,192,-4.1,0.3,-0.3,-2.3,-2.2,-1.4,0.3,,,
275,Tim Anderson,2 Tms,892,-6.3,-2.7,-1.8,3.1,-5.3,-17.8,-0.1,0,,
276,Chad Pinder,OAK,379,-2.6,-0.1,-1.4,-3,-1.8,-4.9,1.7,,,
277,Jake Bauers,2 Tms,279,1.2,0.9,-0.5,-2.8,-0.9,-4.2,1.5,-0.1,,
278,Brandon Dixon,SDP,100,-3.1,0.6,-0.3,-2,-1.6,-0.6,0.4,,,
279,Adam Frazier,3 Tms,1066,2.6,-4.9,1.1,-10,-7.3,-11.8,2,0,0,
280,Austin Wynns,3 Tms,322,-0.1,-3.1,0,-4.2,-5.8,0.9,-2.3,,,
281,Mike Tauchman,CHC,406,5.3,3.6,-1.1,-0.4,3.8,0.1,-3.8,,,
282,Garrett Cooper,3 Tms,930,12.7,-2.1,-1,-3.2,4,-11.1,-0.5,1,,
283,Frank Schwindel,CHC,292,2.1,-1.3,0,-2.7,-2.1,-7.2,-0.6,,,
284,Jeff McNeil,NYM,1248,-4.5,-5.2,2.8,8.9,8.3,9.2,4,0,,
285,Jack Mayfield,LAA,74,-1,-1,-0.1,0.6,-0.2,-1.2,-1.8,,,
286,Kris Bryant,COL,528,8.6,2.1,-1.1,-6.4,0.2,-4.1,3.8,,,
287,Hunter Renfroe,4 Tms,1077,2.6,1,0.3,6.7,-1.5,-6.1,-3.3,0,,
288,Aristides Aquino,CIN,276,-3,-3.3,-0.2,0,-0.9,-1.9,0.5,-0.2,,
289,Victor Reyes,DET,336,-3.6,-0.1,-1.1,0.7,-2.3,-1.2,-0.6,,,
290,Amed Rosario,3 Tms,1224,-9.2,3,3.2,-5.6,7.8,-14.7,-0.9,,,
291,Willians Astudillo,MIA,55,-2.7,-0.7,,0.9,0,-1.7,1,,,
292,Aaron Judge,NYY,1173,39.9,0.5,-0.3,21.2,10.5,31.4,5.9,-0.1,,
293,Billy McKinney,2 Tms,204,2.1,-2,-1,-0.7,-1.3,-4,-0.7,,,
294,Austin Meadows,DET,168,-4.3,0.4,0.2,-2.1,-0.3,4.3,-0.1,,,
295,Reese McGuire,2 Tms,488,0.3,-1,1.5,2,3.9,-5.7,-8.3,,,
296,José Abreu,2 Tms,1286,-3.4,5.7,1.2,-6.4,6.6,4.6,1.5,,0.1,
297,Rowdy Tellez,2 Tms,958,4.7,0.7,-4.1,-11.2,-2.1,-0.2,4.8,-0.1,,
298,Tyler O'Neill,2 Tms,662,-1.9,1.4,1.6,3.6,0.3,-7.6,-1.9,,,
299,Tyler Wade,3 Tms,231,-2.4,-1.1,-1,-3.5,-3.4,1.1,0.2,0,,
300,Yonathan Daza,COL,488,6.6,-0.4,0.3,-1.5,1,-5.6,-0.9,-0.2,,
301,José Godoy,2 Tms,22,-0.7,-0.5,-0.2,-0.4,-0.8,-0.6,-0.5,,,
302,Miguel Andujar,2 Tms,230,-1.6,0.8,-0.2,0.2,0.4,-1.8,-0.4,,,
303,Luis Torrens,2 Tms,196,3.8,-1.2,-0.1,-3.5,-2.4,-3.5,-1.5,,,
304,Aledmys Díaz,2 Tms,671,-2.4,-3.7,2.1,-8.9,-4.4,-5.5,-1.9,,0.1,
305,Austin Nola,SDP,551,-14.4,-0.5,-0.5,-5.6,2.9,-0.5,-0.1,,,
306,Travis Demeritte,ATL,96,-2.3,0.3,-0.2,0,-0.6,-1.8,0.3,,,
307,Clint Frazier,2 Tms,121,0.1,-0.3,-0.4,-1.7,-1.4,-1.8,1.8,,,
308,Cody Bellinger,2 Tms,1120,1.6,-1.2,-1.6,8.1,7,6.4,-2.7,-0.2,,
309,Mark Payton,CHW,25,-0.5,,-0.2,-0.1,0.2,0.3,-0.1,,,
310,Austin Slater,SFG,535,8.5,-1.5,-0.1,3.2,0.4,-3.5,1.8,,,
311,J.D. Davis,3 Tms,926,2.5,6.5,1.2,-11.8,2.4,0.1,0.7,,-0.1,
312,Bradley Zimmer,2 Tms,117,-6.9,-1.4,-0.3,1,0.6,-2.9,0.6,,,
313,Michael Hermosillo,CHC,73,-1.1,-0.4,0.4,-1.8,-0.8,-1.2,-1,,,
314,Yairo Muñoz,PHI,60,0.3,1.5,,-0.1,0.6,-1.7,-0.5,,,
315,Nick Gordon,2 Tms,542,-0.8,-1.3,2.3,-2,-0.4,-0.2,-2.1,,,
316,Óscar Mercado,3 Tms,160,-0.3,-0.1,-0.8,-0.1,-3.1,0.5,-0.8,,,
317,Michael Conforto,SFG,487,-2.3,-0.7,-1.9,-0.6,2.8,0.1,0.5,,-0.3,
318,Francisco Mejía,TBR,459,-1.4,-2.7,-2,1.9,-5.6,-0.8,-3.7,,,
319,Sergio Alcántara,2 Tms,224,-5.6,-1.4,-0.5,-0.7,0.2,1.6,-1.4,-0.1,,
320,Jordan Luplow,3 Tms,324,1.4,-0.7,-0.4,0.8,-4.1,-4.1,-0.7,,,
321,Thairo Estrada,SFG,1087,7.1,2.8,-0.8,-5.7,6.1,-1.7,-5.9,0,1.1,
322,Christian Arroyo,BOS,506,-5.6,-0.9,-0.4,-10.8,9.9,-4.6,0.1,,,
323,Ryan O'Hearn,2 Tms,520,-6.5,1.9,2.8,2.6,1.3,1.3,-1.1,0.5,,
324,Luis Guillorme,NYM,455,-7.4,-1.1,-2,-4.9,-1,3.5,-0.9,0.1,,
325,Rhys Hoskins,2 Tms,685,6,-3.7,-0.2,2.4,7.7,4.6,-1.8,,,
326,Kyle Schwarber,PHI,1402,13.1,0.4,-2.8,13.8,13,-3.8,7.2,0.6,0,
327,Matt Chapman,2 Tms,1220,0.3,-3.5,5.1,3.3,9.2,0.2,-1.1,-0.1,,
328,Isiah Kiner-Falefa,2 Tms,902,-5.6,-1.4,3.1,-14.1,-2.2,-9.4,3.7,-0.2,,
329,Mauricio Dubón,2 Tms,762,-8.2,-4.5,0.3,-5.5,3.2,-1.4,2.5,,,
330,Danny Jansen,TOR,549,7.1,2.8,-0.3,-2.4,6.1,6.2,-4,,,
331,Ozzie Albies,ATL,943,19,3.9,-7.1,1.4,-4.2,10.6,1.3,,,
332,Connor Joe,2 Tms,961,1.5,0.5,-1.4,-0.6,6.8,0.2,0.5,,,
333,Yandy Díaz,TBR,1175,15.7,0,-0.3,8.6,4.1,26.2,8.1,,,
334,Kevin Padlo,4 Tms,42,-1.9,-0.4,0.1,0.5,-2.1,-2.6,-1,,,
335,Luis Urías,3 Tms,655,11.2,-0.6,0.7,-0.6,-3.9,-2.4,-3.7,,,
336,Brian O'Keefe,SEA,25,-0.6,-0.3,,-1.7,0.1,-0.8,0,,,
337,Jason Vosler,2 Tms,176,-2.6,-2.2,-1.5,2.9,2.7,-0.5,0.6,,,
338,Jose Trevino,NYY,529,-10,-3,0.4,-12.3,5.4,0.3,3.3,-0.2,1.4,
339,Colin Moran,CIN,128,0.1,0.8,1.1,-3.1,1.2,-1.3,-1.2,,,
340,Aramis Garcia,CIN,115,-4.5,-0.4,0,-1.2,-1.5,-2.6,0.2,,,
341,Jonah Heim,TEX,960,-2.8,-1.2,-1.5,0.1,8.5,-2.1,-5.1,,,
342,Lane Thomas,WSN,1244,13.4,-7.7,-0.3,-3.7,1.6,11.2,-3.1,,0,
343,Derek Hill,2 Tms,142,-3.5,-1.3,1.1,-2.2,-0.8,-2.7,0.9,,,
344,Chadwick Tromp,ATL,22,-0.1,-0.5,-0.2,0,0.5,-0.5,-0.5,,,
345,Eddy Alvarez,LAD,27,-2.3,-1.2,-0.2,-0.3,-0.1,0.1,0.1,,,
346,Gleyber Torres,NYY,1263,12.8,-2.8,0.3,7.3,-4.9,-0.5,-0.7,0,,
347,Edmundo Sosa,2 Tms,492,-5.5,2.6,-0.2,-9,5.4,-7.2,0.3,,0.8,
348,Magneuris Sierra,LAA,96,-2.3,0.1,-0.6,-1.3,-0.8,-3.4,0,,,
349,Jose Herrera,ARI,244,-6.2,-0.5,-0.2,0.6,-1.9,-6.3,-1,-0.1,,
350,Meibrys Viloria,2 Tms,79,-1.3,-0.6,-0.5,0.4,0.1,-1.9,-0.1,,,
351,Ramón Laureano,2 Tms,798,7.7,-0.7,-0.1,-5.2,-4.4,-10.2,-1.8,,,
352,Chad Wallach,LAA,212,-1.7,1.6,0.9,-2.5,0.5,-6.3,-2.6,,,
353,Yoán Moncada,CHW,803,-10.5,-2.3,-1.1,0.1,0.5,-1.5,-2.5,,,
354,Jorge Mateo,BAL,889,-17.3,-4.3,-0.9,-3.6,-3.2,-10.3,6.4,,,
355,Michael Chavis,2 Tms,522,-10,-3.4,-0.3,-1.7,-0.6,-6.6,4.7,,,
356,Cole Tucker,2 Tms,73,-1.4,-2.6,-0.4,0.6,-0.5,-0.6,-0.6,,,
357,Willi Castro,2 Tms,813,6.5,-4.4,-0.4,-1.4,2.6,-3.6,-3.2,-0.2,,
358,Rafael Devers,BOS,1280,12.6,10,-0.8,3.9,10.9,9.5,3.3,,,
359,Yermín Mercedes,SFG,83,-1.2,-1.5,0,0.2,2.4,-0.1,-0.2,,,
360,Jose Siri,2 Tms,705,-4.3,-0.8,-0.2,-3.6,0.6,-5.5,-2.1,,,
361,Kelvin Gutiérrez,BAL,33,-1.4,0,,-0.4,-0.8,-0.3,-0.2,,,
362,Eloy Jiménez,CHW,827,-4.6,7.5,1,2.2,-0.5,10.9,-6.2,-0.3,,
363,Taylor Ward,LAA,985,6.3,3,0,4.5,12.5,3.4,-0.6,,,
364,Myles Straw,CLE,1114,-20.8,-5.1,-2.3,-15,3,-6.9,-0.5,,,
365,Alex Bregman,HOU,1397,18.3,-1.7,1.8,-5.5,2.7,9.9,4.9,,,
366,Vimael Machín,OAK,253,2.1,-1.3,-1,-1.5,-1,-4.3,-1.4,,,
367,Kevin Newman,2 Tms,562,-0.6,0.3,-0.5,-6.4,1.3,-1.7,-0.8,,,
368,Matt Beaty,3 Tms,119,-5.4,-0.1,0,-0.8,-0.8,-1,-0.2,,,
369,Steven Duggar,3 Tms,80,-1.4,-0.6,-0.4,0.8,-1.4,-2.3,-1.2,,,
370,Skye Bolt,OAK,116,0.8,-0.3,-0.2,-0.7,0.3,-3.1,-1.5,,,
371,Richie Martin,BAL,33,-1.7,,,-0.8,-1,2.3,-0.5,,,
372,Josh Lester,2 Tms,28,-0.4,-1.6,0,0,-0.7,-0.8,0.1,,,
373,Max Schrock,CIN,27,0.2,-0.5,0,0.2,-0.7,-1.1,-1.5,,,
374,DJ Stewart,2 Tms,193,0.5,-2,-0.4,0.1,-1.6,3.8,3.4,,,
375,Willie Calhoun,3 Tms,211,-1.8,0,1.3,-5.4,-1.4,2.4,0.2,,,
376,Tyler Nevin,2 Tms,295,-7.4,-1.4,-0.3,-4.3,3.1,0.8,0.5,,,
377,Andrew Benintendi,3 Tms,1155,-1.8,-1.8,-1.4,4.1,4.8,-1.1,-0.6,,,
378,Brendan Rodgers,COL,790,-3.2,-2,1.8,-10.9,4.2,-1.3,0.5,0,,
379,Ian Happ,CHC,1346,7.9,12.6,-3.2,1.8,11.9,-5.2,3.7,-0.5,,
380,Isan Díaz,2 Tms,26,-1.2,-0.5,-0.2,-0.8,-0.7,-1,-0.5,,,
381,Cedric Mullins,BAL,1139,10.1,-8.5,0.6,0,4.2,-10.8,7.1,,,
382,Andrew Stevenson,MIN,40,-0.7,-0.2,,-0.6,0.3,-1.6,-0.2,,,
383,David Fletcher,LAA,325,-9.2,-2.5,-0.4,-2.4,2.1,2.2,-2.5,,,
384,Paul DeJong,4 Tms,643,-9.9,2.6,-2.6,-4.1,-7.2,-10.4,-6.4,,,
385,Hoy Park,PIT,60,0.9,0.3,-0.7,0.3,-0.7,-0.5,0.4,,,
386,Harrison Bader,4 Tms,664,5,-1.7,1.7,-6.9,-0.3,-16.2,-6.1,,,
387,Mark Mathias,4 Tms,163,4.2,-1.6,,-0.4,-0.6,-0.3,0.2,,,
388,Jake Cronenworth,SDP,1233,-7.6,1.7,0.3,2.5,10.4,0.6,-1.3,,,
389,Dylan Moore,SEA,426,4.6,2.3,0,1.2,3.3,-11.5,2.7,,,
390,Sam Haggerty,SEA,309,-3.5,5.6,-1,0.3,-1.2,2.2,-0.8,,,
391,Kyle Garlick,MIN,192,7.5,0.1,0.7,-1.5,-2.7,-2.4,-0.8,,,
392,Garrett Stubbs,PHI,246,3,-2,2.5,-3.1,0.2,-0.7,-1.7,0,,
393,Nathan Lukes,TOR,31,0.8,-0.2,-0.1,-0.5,0.2,-1.5,-0.5,,,
394,Patrick Mazeika,NYM,72,1.5,-1.2,-1.4,-4,1,-0.7,0.2,,,
395,Seth Brown,OAK,945,4,1.9,0.8,-1.8,-9.7,-2.8,2.2,,-0.4,
396,Brett Sullivan,SDP,86,-2.3,-0.7,-0.6,-1.8,-0.2,-0.6,0.1,,,
397,Brian Anderson,2 Tms,744,-0.2,-1.8,-4.8,-4.2,-3.5,-2.9,3.2,,,
398,Dansby Swanson,2 Tms,1346,20.2,0,-3.8,5.1,-6.4,3.1,-4.6,-0.1,,
399,Edwin Ríos,2 Tms,126,3.1,-0.6,-0.6,2.8,-2.8,-0.9,-3,,,
400,Kyle Tucker,HOU,1302,19.1,-4.3,1.3,6.6,1,16.5,3.7,,0.1,
401,Daz Cameron,DET,70,-3.1,1.9,,-2.3,1.5,-1,0.3,,,
402,Austin Riley,ATL,1422,6.6,7.3,0.6,-1.5,13.5,11,18.6,,,
403,Victor Robles,WSN,533,-8,2.3,-0.2,0.5,1.4,-9.3,0.2,,,
404,Lewin Díaz,MIA,174,0.4,0.7,-0.4,-1.1,-4.8,-3.9,-2.9,-0.1,,
405,Jermaine Palacios,MIN,77,-1.5,-0.1,0,-0.8,-1.4,-2.9,-0.6,,,
406,Ryan Mountcastle,BAL,1093,-10,0.1,-2.3,-4.9,3.1,12.1,2.4,0.8,,
407,Travis Blankenhorn,2 Tms,40,1.6,0,-0.1,-1,-1.8,-0.7,0.1,,,
408,Juan Yepez,STL,339,-5.9,1.6,-1,0.7,0.9,1.8,0.4,0.1,,
409,P.J. Higgins,CHC,229,0.5,-0.3,-1.2,3.2,-2.6,-0.7,0.7,,,
410,Trent Grisham,2 Tms,1083,-5.9,1.7,-1.3,2,-2.1,-12,-2.8,,,
411,Luis Arraez,2 Tms,1240,23.9,-1.3,2,2.6,4.3,4.5,5.1,0,,
412,Ke'Bryan Hayes,PIT,1108,0.9,-2.1,3.2,-7.8,-4.8,-1.2,5.7,,,
413,Jared Walsh,2 Tms,579,-6.8,-0.7,-1.5,-1,-3.2,-4.2,-2.4,,,
414,Nick Plummer,NYM,31,2.5,0,-0.3,-1.7,-0.7,-1.2,-0.8,0,,
415,Guillermo Heredia,ATL,82,-1.6,-0.3,-0.4,0.3,-0.9,-0.4,-0.8,,,
416,Ramón Urías,BAL,849,-3.4,0.7,-0.9,2.5,-9,4.4,1.4,,,
417,Andy Ibáñez,2 Tms,515,-1.8,1.3,-1,-1.7,2.8,-7.8,2.4,,,
418,José Azocar,SDP,326,-7,-0.9,1.1,-1.7,-0.2,-7.3,4.5,,,
419,Josh Naylor,CLE,1007,2.4,1,-1.1,6,0.5,15.8,-1.4,,,
420,Brandon Lowe,TBR,714,2.9,4.4,-3.4,-1.1,-1.4,-2.2,3.4,,,
421,Seby Zavala,3 Tms,401,-4.9,-2.8,0,-4.7,2.2,-7.2,4.7,,,
422,Danny Mendick,2 Tms,175,2.4,1.6,1.3,-6.8,-1.6,-1.6,0.1,,,
423,Lucius Fox,WSN,28,-1.3,-0.4,0.4,-0.8,-1.3,-1.4,-0.1,,,
424,Leody Taveras,TEX,907,2.9,-2.1,1.5,-2.3,0.5,-1.5,-0.8,,,
425,Estevan Florial,2 Tms,114,-1.8,0.2,-0.7,0.8,-1.9,-0.6,-1.5,,,
426,Zack Collins,3 Tms,114,-3.3,1.2,-0.3,-0.6,-0.3,-2,1,,,
427,Will Smith,LAD,1156,0.1,1.5,3.7,10.4,7.6,-1.2,10.3,,,
428,Yuli Gurriel,2 Tms,913,-23.7,-8,1.3,-4.3,3.8,2.6,-0.2,,,
429,Lourdes Gurriel Jr.,2 Tms,1104,-1.3,-4.7,1.4,0.1,2.9,3.1,5.3,,,
430,Pete Alonso,NYM,1355,11.9,-1.6,-4.2,13,6.1,3.8,8.2,0,,
431,Cavan Biggio,TOR,656,-3.3,-3.3,0.4,3.6,-0.4,2,1,0,,
432,Jake Fraley,CIN,635,11.9,5.7,0.5,0,-5.6,1.8,2.5,0.5,,
433,Garrett Hampson,3 Tms,482,-3.8,2.9,-1.5,1.3,-6,-2.3,1.2,,0.4,
434,Adolis García,TEX,1304,-5.5,6.7,0.7,9.8,1.6,4.4,2.5,,,
435,Randy Arozarena,TBR,1314,29.2,-3.4,0.7,4.3,5.1,-9.5,-0.4,,,
436,Nick Senzel,CIN,750,0.1,-3,-0.1,-10.6,-1.1,-0.4,1.6,,,
437,Nick Solak,3 Tms,95,-2.7,0.8,0,2,0.2,0.5,0.2,,,
438,Donovan Walton,2 Tms,78,-2.1,-0.9,0.5,-2.6,-0.4,-0.2,-0.6,,,
439,Matt Thaiss,LAA,388,-2.8,-2.4,-1.4,0.4,-2.9,-1.9,2.7,,,
440,Bryan Reynolds,PIT,1277,25.7,3,-0.3,-3.1,-3.7,-5.5,12.9,0,,
441,Jose Rojas,LAA,57,-3.9,-0.6,-1,-1.1,0.9,-1.8,-1,,,
442,Yadiel Hernandez,WSN,327,5.8,4.3,-0.3,-5.6,-0.4,-2.8,-0.2,,,
443,Nicky Lopez,3 Tms,749,-10.4,-2.6,-1.4,-3.9,-6.8,-4.3,0.2,0,,
444,Eli White,2 Tms,134,-6.1,1,,2.7,0.4,-2.9,-0.6,,,
445,Sean Murphy,2 Tms,1053,19.9,-1.4,-0.1,-2.4,5.3,-12,5.3,,,
446,Weston Wilson,PHI,22,0.1,0.2,,0.6,0.1,0.1,1.2,,,
447,Austin Hays,BAL,1161,2.4,-3,1.9,-2.7,2.7,2.4,0.2,0.1,,
448,Zach McKinstry,3 Tms,709,-9.4,0.6,-1.6,1.6,-3.2,-3.1,0.8,,,
449,Brian Serven,2 Tms,231,-8.9,0.2,-0.4,-3.3,0.4,-0.8,-1,,,
450,Yonny Hernández,2 Tms,55,-1.2,-1.3,-0.2,-1,-1.1,-0.8,-0.1,,,
451,Andruw Monasterio,MIL,317,-7.8,2.1,1.9,-0.4,-1.1,-2.2,0.3,0.4,,
452,Cooper Hummel,2 Tms,227,-1.1,-1,0,-3,-1.4,-3.1,-1.7,-0.4,,
453,Tommy Edman,STL,1158,4.8,-8.5,-2.6,6.3,-1.4,-3.6,1,-0.2,-0.2,
454,Kyle Lewis,2 Tms,116,-0.8,-1.7,-0.3,-3.6,0,-0.9,-2,,,
455,Andrew Knizner,2 Tms,538,-9.6,3,0.7,3.3,-8,-1,-5.6,,,
456,Jaylin Davis,BOS,27,0.1,-0.5,,-0.4,0.3,1.2,0.2,,,
457,Yordan Alvarez,HOU,1076,32.6,1,-0.2,9.3,22,19.1,2.3,,0.3,
458,Zack Short,2 Tms,269,-7.1,-3.4,-0.5,-0.8,-2.3,4.8,-1.3,,,
459,Nathaniel Lowe,TEX,1369,8.2,7.1,0.4,-8,11.8,14.8,0.8,,,
460,Chas McCormick,HOU,876,29.1,-3,0.5,0,5.5,-5.6,-6.3,,0,
461,Bryan De La Cruz,MIA,1000,-10,-6.6,-2.5,-1.2,3.7,1.6,-1.4,,,
462,Keibert Ruiz,WSN,1008,8.8,0.3,-2.6,-0.8,-1.4,-5.7,-10,,-0.2,
463,Vladimir Guerrero Jr.,TOR,1406,3.4,3.8,5.2,11.5,-5.2,3.2,3,,,
464,Bo Bichette,TOR,1311,4.4,6.4,1.4,-3.2,7.9,5.6,7.3,,,
465,Luis Barrera,OAK,85,-0.8,-0.2,0,3.2,-3.3,-0.9,-0.1,,,
466,David MacKinnon,2 Tms,57,-1.5,-0.4,-0.2,0,-1.2,-1.9,-0.7,,,
467,Brent Rooker,3 Tms,571,7.9,5.9,-2,-3.8,-0.8,-1.3,-3.7,,,
468,Sheldon Neuse,OAK,293,-0.8,-1.3,-0.7,-4.3,-0.2,-5.3,-1.4,,,
469,Ben DeLuzio,STL,25,-1.4,0.2,0.1,-0.8,-0.5,1.5,0.3,,,
470,Zach Reks,TEX,34,-2.2,-0.6,,0.3,0.3,0.4,0,,,
471,Mike Brosseau,MIL,238,-2.1,3.2,,-0.3,0.7,3.2,-3.2,,,
472,Edward Olivares,2 Tms,572,-4.8,-2.4,0.2,2.4,-2.1,10.2,4.8,,,
473,Fernando Tatis Jr.,SDP,660,3.9,-4,-1.3,-1.3,0.5,5.2,3.3,,,
474,Darick Hall,PHI,198,-5,0.2,1.5,-0.8,1.1,3.6,-4.9,0.1,,
475,Shohei Ohtani,2 Tms,1294,29,13,0.9,12.2,5.2,11.6,12.2,0,,
476,Rylan Bannon,3 Tms,21,-1.4,-0.5,,-0.8,0.5,-0.4,0.1,,,
477,Dairon Blanco,KCR,146,-2.2,-2.4,0,1.8,-1.9,5.6,1.3,,,
478,Esteban Quiroz,CHC,47,0.6,0.4,0,0.6,-1.4,0.5,-0.8,,,
479,Zach Remillard,CHW,160,-0.5,-1.2,-0.1,-3.1,0.2,-2.4,0,,,
480,Jason Delay,PIT,359,-2,-5,-0.4,1.9,-3.1,-6.2,-1.7,,,
481,Charles Leblanc,MIA,169,0.5,-0.4,1.3,1.2,-0.1,-0.5,0.5,0,,
482,Joshua Palacios,2 Tms,313,-6,-0.5,0.3,-1,-2.4,-0.2,-0.8,,,
483,Chuckie Robinson,CIN,60,-3.6,-1.8,-0.8,-1.7,0.8,-1.8,0.2,,,
484,Cody Thomas,OAK,78,-1,-0.9,-0.2,-0.6,-0.2,0.5,0.2,,,
485,Caleb Hamilton,2 Tms,29,-0.1,0,,-0.2,-0.8,-0.7,-0.8,,,
486,Abraham Toro,3 Tms,378,-1.5,0.7,-1.8,-1.2,-0.6,-6.1,-3.8,,,
487,Luis Rengifo,LAA,963,10.3,-2.6,-3.5,4.5,1.8,-6.1,4.8,-0.2,,
488,René Pinto,TBR,195,-6.2,0.7,-1,2.2,-0.4,-2.6,-1.5,,,
489,Riley Adams,WSN,313,-0.3,-2.1,0,-1,-2.7,-2.8,2.1,,,
490,Drew Ellis,3 Tms,46,1.2,-1.4,0,0.6,0.1,0.7,-0.2,,,
491,Adam Haseley,CHW,64,-1.4,1.2,-0.1,-0.8,-0.7,0.2,-0.1,,,
492,Emmanuel Rivera,2 Tms,642,3.2,-0.6,-0.8,-1.7,-4.4,-7.1,0.9,,,
493,Pavin Smith,ARI,505,-0.1,-2.8,-2.3,7.9,-2.6,-6.4,-3.2,1.5,,
494,Connor Wong,BOS,466,-3.4,3,-1.1,-1.1,-0.3,-3,-4.6,,,
495,Gavin Sheets,CHW,756,-10.7,-0.2,-1.1,-2.3,-3.5,-0.5,-1.6,0.1,,
496,Diego Castillo,2 Tms,284,-2.1,-1.5,-0.3,2,-1.1,-2.4,-2.5,,,
497,Jesús Sánchez,MIA,753,4.8,-1.3,-2.1,2.3,-1.1,-2.1,-2.5,,,
498,Daulton Varsho,2 Tms,1190,-4.7,5.8,-0.6,-7.8,3,-1.8,2.2,-0.2,,
499,Blake Perkins,MIL,172,-5.9,-1.2,0.3,-3.3,5.5,1.1,-0.3,,,
500,Ryan McKenna,BAL,311,-10.6,2.2,-0.6,-3.2,-5.3,5,2.9,,,
501,Luke Williams,4 Tms,155,-3.5,-1.9,0.2,-0.7,1.2,-3.2,-1,,,
502,Cristian Pache,2 Tms,357,-12.9,0.6,-0.6,-5.1,-2.1,-1.3,0.2,0,,
503,Andrés Giménez,CLE,1192,0.6,6.2,-0.1,1.1,6.5,4.2,2.3,,,
504,Josh Lowe,TBR,699,-3.5,1.7,-0.5,1.6,1.9,1.4,3.5,0,,
505,Gavin Lux,LAD,491,1.6,3.1,1,3.7,0.1,-3.6,-0.2,,,
506,Mickey Moniak,2 Tms,437,-0.6,-2.5,4.2,-0.5,0.6,-8.2,2.2,-0.1,,
507,Blake Rutherford,WSN,36,-0.8,-0.9,-0.2,0.8,-1.4,-1.2,-0.5,,,
508,Carter Kieboom,WSN,94,-3.9,-0.5,,1.1,-1.9,0.4,0.5,,,
509,Taylor Trammell,SEA,173,5.8,-0.1,0.3,-1.7,-2.1,-7,-0.5,,0.5,
510,Eguy Rosario,SDP,52,3.5,-0.7,,-0.1,0.1,-2.3,-0.4,,,
511,Bobby Dalbec,BOS,409,-6.3,-3.3,-0.7,4,0.1,-0.8,-1.4,,,
512,Ryan Aguilar,LAA,26,0.4,0,-0.2,-0.2,-0.6,0.2,-1.7,,,
513,Tres Barrera,2 Tms,55,-1.3,-1,0,-0.2,-0.3,-2.1,-1.3,,,
514,Conner Capel,2 Tms,145,1.6,4.4,-0.2,-1.1,-2.2,-0.4,0,,,
515,Santiago Espinal,2 Tms,748,-1.6,5.8,-1.2,-11.3,3.6,-9.8,-0.3,,,
516,Bryce Johnson,SFG,67,-1.3,-0.1,-0.4,-0.8,-1.4,-1.6,-1,,,
517,Keston Hiura,MIL,266,5.7,-1.6,-0.7,3.8,-1.4,-0.4,0.7,,,
518,Miles Mastrobuoni,2 Tms,168,-5.6,-1,-0.8,0.9,-0.1,-0.9,-0.8,,,
519,Isaac Paredes,TBR,968,9.6,3.4,-0.3,-3.7,5.9,4,-0.2,,,
520,Luis Robert Jr.,CHW,1009,13.7,3.7,0.5,-8.2,6,6.3,-0.7,0,,
521,Bligh Madris,2 Tms,153,-4.1,1,-0.4,-2.1,-1.1,-3.4,-0.7,,,
522,Alan Trejo,COL,352,-7.3,0.5,-0.3,-1,-2.7,0.8,0.4,0,,
523,Mark Contreras,MIN,61,-1.3,-0.6,-0.3,-2.8,1,-2.6,0.3,,0.1,
524,Juan Soto,3 Tms,1392,29.3,9.6,4.5,7.3,9.7,15.4,4.3,-0.3,,
525,Dylan Carlson,STL,743,0.5,-1.4,-1,-1,-6.2,0.7,2.1,0.5,,
526,Matthew Batten,SDP,161,-2,0,-0.2,-3.5,3,-0.6,0.9,,,
527,J.J. Matijevic,HOU,71,0.6,0.3,-0.2,0.5,-1.8,-0.5,-1.1,,,
528,Miguel Vargas,LAD,354,-6.9,-0.9,0.6,-1.3,-2.3,1.4,1.7,,,
529,Brandon Marsh,2 Tms,939,5.7,5,2.2,0,6.3,-3.6,-4.4,0,,
530,Jo Adell,LAA,352,-7.8,0.5,-0.7,0.3,-0.5,-5,2.4,,,
531,Gilberto Celestino,MIN,347,-4.8,-3.3,-0.1,-2.6,-5.9,3.9,1,,0.6,
532,Kevin Smith,OAK,297,-6.3,-0.4,-0.6,-4,1.9,-9.4,-4.2,,,
533,Jonathan Araúz,3 Tms,107,-5.1,-0.4,1.4,-0.6,-2.6,-0.6,-2.6,,,
534,Ben Rortvedt,2 Tms,86,-3.2,-1.5,0,-1.7,-1,-0.2,1.2,,,
535,Jake Meyers,HOU,510,-4.9,-1.5,-2.2,5.7,-2.6,-4.7,-0.6,,,
536,Corey Julks,HOU,323,-1.5,-0.8,0.8,-0.5,-3.1,-6.4,0.8,0,,
537,Stuart Fairchild,3 Tms,369,-2.7,-0.5,-0.8,7.5,-1.7,0.3,0.6,,,
538,Alex Kirilloff,MIN,486,6.2,1.5,-1.7,6.3,-1.7,-7.7,0.9,,,
539,Luis González,SFG,350,-4.7,-3.6,-1.5,2.6,3.7,-0.7,-0.1,,,
540,Ernie Clement,3 Tms,240,-7.4,-2,0.1,1,-2.1,-0.3,-1.7,,,
541,Luis García Jr.,WSN,871,10.4,-0.7,-1.5,-3.4,-12.1,-1.3,-1.7,,,
542,Jared Young,CHC,69,-2,2.5,1.2,3.4,-1,-0.7,-2.5,,,
543,Royce Lewis,MIN,282,11.7,0.4,-1.6,2.7,1.8,3.9,-3.8,,,
544,Jazz Chisholm Jr.,MIA,642,7.9,-2.7,-2.7,0.5,1.1,9.8,2.1,,,
545,Seth Beer,ARI,126,-0.3,-2.1,-0.5,-1.2,-2.3,-1.4,-0.3,,,
546,William Contreras,2 Tms,1001,15.5,-0.5,1.1,5.1,2.9,3.5,3.5,,,
547,Drew Waters,KCR,446,-3.3,-0.3,-0.7,6.5,-0.2,-2,-3.5,,,
548,Vidal Bruján,2 Tms,251,-7.8,-0.9,0.4,-3.9,-4.6,-0.7,-1.7,,0,
549,Jose Miranda,MIN,635,-11.4,-1.5,0,6.8,-4.4,-1.2,1.4,,,
550,Elehuris Montero,COL,506,5.5,7.6,-0.6,-7.5,-5.6,-2.1,-1.9,,,
551,Kody Clemens,2 Tms,275,-12.6,0.2,-0.3,2.4,-2.6,-0.1,-1.3,0.5,,
552,Iván Herrera,STL,70,0,-0.3,-0.1,-1.3,0.2,-0.7,-0.1,,0.1,
553,Logan Porter,KCR,38,0.3,-0.1,-0.7,0.4,-1.8,1,-0.3,,,
554,Carlos Pérez,CHW,71,-3.4,-0.9,0.6,0.4,-1.3,1.4,-0.6,,,
555,Dérmis Garcia,OAK,125,-3.9,-0.1,,6,0.2,-3.3,-0.8,,,
556,Oscar Gonzalez,CLE,562,-4.4,-2,0,-0.6,0.1,9.8,-3.6,,,
557,Trey Cabbage,LAA,56,-0.4,-0.4,-0.3,0.7,-1,-1,-1.6,,,
558,Alejo Lopez,CIN,158,3.1,-0.1,1.1,-2.3,-2.4,-1.5,-1,,,
559,Sean Bouchard,COL,140,6.2,1.4,-0.2,2.7,3.9,-0.6,0.5,-0.1,,
560,Dalton Guthrie,PHI,56,-0.9,1.6,-0.3,0.5,0.6,-1.5,1,,,
561,Mark Kolozsvary,2 Tms,21,-0.3,-0.1,,-0.1,-0.6,0.3,-0.3,,,
562,Michael Papierski,2 Tms,103,-4.7,0,0,-1,-0.3,-2.5,-1.6,,,
563,Lars Nootbaar,STL,850,14.4,10.8,-1.2,4.4,-2.2,-6,2.6,0,-0.1,
564,Nico Hoerner,CHC,1218,1.5,-0.6,-0.6,-3.6,1.1,8.5,-0.1,0.1,0.5,
565,Luken Baker,STL,99,-1.5,1.1,0,-1.7,1.6,-2.2,0.2,,0.1,
566,Trevor Larnach,MIN,392,-0.8,1.4,0.4,2.9,-3.5,2.7,-3.2,,,
567,Joey Bart,SFG,386,3.1,-1.6,-0.8,3.8,-6.4,-3.7,-5.9,,,
568,Nick Fortes,MIA,570,-5.1,-6.1,-1.1,-3.3,-0.9,-4,-2.6,,,
569,Coco Montes,COL,41,-0.4,-0.9,,-0.4,-0.2,0.4,-0.7,,,
570,Alfonso Rivas III,3 Tms,410,-7.7,2.4,0.9,0.8,2.8,-3.3,-1.2,-0.2,,
571,Romy Gonzalez,CHW,206,-3.9,0.3,0.5,-4,-4.4,0.8,0.2,,,
572,Kyle Isbel,KCR,600,-11.7,2,-3.1,-4.2,-1.1,-0.9,-1.4,,,
573,Alec Bohm,PHI,1254,7.8,-6,1.8,-16.4,2.5,-0.5,9.5,,0,
574,Ford Proctor,SFG,22,-0.2,-0.2,0,0.5,-0.7,-0.6,-0.1,,,
575,Nick Maton,2 Tms,378,8.3,-3.7,-1.7,0.3,-4,-7.6,0.6,,,
576,Jeremy Peña,HOU,1208,13,2.2,0.4,-2.7,-5.1,-10.3,-0.3,0,-0.2,
577,Miguel Amaya,CHC,161,-0.6,1,0.1,-1.1,0.7,0.7,-1.7,,0,
578,Oswaldo Cabrera,NYY,518,-2.6,-4.8,-1.2,-3.9,-2.9,1.4,0.2,,,
579,Oneil Cruz,PIT,417,6,1.4,2.7,-0.2,2.9,-4.5,-3,,,
580,Enmanuel Valdez,BOS,161,-4.3,-0.3,0.8,-2.1,-1.3,3.3,3.3,,,
581,Sebastián Rivero,KCR,29,-2.6,-0.1,-0.2,-0.1,2,-1.3,-0.7,,,
582,José Fermín,STL,61,-0.4,1.1,-0.1,-1.6,-0.7,-0.5,-0.6,,0,
583,Esteury Ruiz,3 Tms,541,-4.4,2.8,-0.5,-2,-0.4,-7.7,-1.3,,,
584,Jonathan Aranda,TBR,190,-4.5,-1.8,-1.2,-1.1,2.8,1.2,0.1,,,
585,Freddy Fermin,KCR,246,-4,-2.4,1.6,-5.9,4.8,1.3,-0.2,,,
586,Bo Naylor,CLE,246,-1.4,-2.3,0.8,2.4,2.2,2,-1.8,-0.2,,
587,Jerar Encarnación,MIA,81,-4.5,-0.8,-0.5,-1.9,1,1.5,-0.4,,,
588,Christopher Morel,CHC,868,5.4,2.3,-0.1,3.4,-2.9,11.9,-4.4,,,
589,Rodolfo Castro,2 Tms,534,-4.3,-1.7,-2,0.3,1.6,-2,1.3,0.2,,
590,Dane Myers,MIA,70,-1.7,-0.5,,-2.8,0.3,-0.5,2.6,,,
591,Nick Pratto,KCR,527,-10.2,-4.2,-1.6,3.3,-2.5,-2,4.6,,,
592,Payton Henry,MIA,35,0.2,-0.5,-0.2,-0.1,-0.7,-0.9,0.7,,,
593,Akil Baddoo,DET,582,-2.7,-1.8,0.6,-5.3,-1.8,-2.9,-2.2,,,
594,Cal Mitchell,PIT,237,-2,-2.9,0.6,-1.5,-2.6,2.4,0.2,,,
595,Mark Vientos,NYM,274,-1.1,-3.6,0.4,-3.7,-3.1,-0.9,-1.9,,,
596,MJ Melendez,KCR,1147,2.4,-2.2,1.4,4.1,-2,-1.2,0.6,,,
597,Jeter Downs,2 Tms,50,-0.7,-0.2,-0.3,-1.9,0.2,0.7,-0.4,,,
598,Sam Huff,TEX,177,3.7,2.7,-0.6,-1.9,-1,-3.5,-0.1,,,
599,Luis Campusano,SDP,247,2.8,-0.9,-0.1,-4,1.9,-1.4,3,0,,
600,Jack Suwinski,PIT,921,5.2,7.5,0.2,-5.1,1.5,-1.7,3,0,,
601,Bubba Thompson,2 Tms,241,-10.3,-1.6,-0.7,6,-2.1,1,-1.7,,,
602,Nolan Gorman,STL,795,-1.1,1.6,0.4,4.2,2.2,-1.7,1.8,,,
603,Xavier Edwards,MIA,84,-0.9,-1.7,-0.5,-0.2,0.9,-1.4,2.4,,,
604,Samad Taylor,KCR,69,-1.4,-1.5,0,2.2,-0.5,-2.5,-0.2,,,
605,Jake Burger,2 Tms,741,14.8,1.8,0.2,-8.6,-6,5.6,7.4,0,,
606,Nick Allen,OAK,668,-12.2,-0.3,-0.6,-2.2,-5.9,-16.7,-1.9,,0.8,
607,Cal Stevenson,2 Tms,83,0,-0.5,-0.6,0.1,-0.5,-2.5,-1.7,,,
608,Taylor Walls,TBR,815,-8.5,-4.8,-1.7,-11.8,-3,0.6,-4.6,0.8,,
609,Livan Soto,LAA,71,1.2,1.5,-0.3,1.9,0.8,-1.1,0.9,,,
610,Buddy Kennedy,ARI,123,-1,-0.4,0.2,1.9,0.2,-4.1,-0.8,,,
611,Triston Casas,BOS,614,7.1,4.6,-0.6,-0.5,3.6,-1.2,4,,,
612,Heliot Ramos,SFG,82,-4.2,0.1,0,1.4,-1.4,-0.8,-1.5,,,
613,Tyler Freeman,CLE,269,-5.6,0,-0.3,0.1,0,-1.2,-0.2,,,
614,Lawrence Butler,OAK,143,-5.1,-0.3,-2.1,-2.2,-1,0.3,0.1,,0.2,
615,Michael Siani,2 Tms,31,-2.2,-0.5,0.5,-1.2,-1.4,0,-0.1,,,
616,Gabriel Arias,CLE,411,-7.4,-0.9,0,2.9,-5,-3.5,-0.5,,,
617,Alejandro Kirk,TOR,976,7.4,0.8,-0.1,1.5,4,-2.8,-4.7,0,,
618,Jordan Diaz,OAK,344,-5.1,-1.9,0.6,-0.6,-4.1,-1.4,-1.9,,,
619,Gabriel Moreno,2 Tms,466,3.7,2.4,-0.3,-8.5,0.6,-3.7,1.5,,,
620,Maikel Garcia,KCR,550,-8.7,1,-0.1,0.9,4.7,-3.7,-2.1,,,
621,Geraldo Perdomo,ARI,1010,-14.9,2.7,1.3,-6.5,4.9,-5.2,-1.7,0,,
622,Oswald Peraza,NYY,248,-6.7,-1.7,-0.5,1.1,-1.3,2.2,-1.7,,,
623,Lenyn Sosa,CHW,209,-6.8,-1.7,-1.6,-1.2,-1.2,-2.7,-1.8,,,
624,Yainer Diaz,HOU,402,-0.1,5.8,2.1,-1.6,5.1,2.6,-3.1,0,0.1,
625,Canaan Smith-Njigba,PIT,44,-0.5,0.1,,0.6,-1.7,0.2,-1.6,,,
626,Ryan Noda,OAK,509,5.4,-4.8,-0.6,-3.6,7.4,5.8,-2,,0.1,
627,Nelson Velázquez,2 Tms,392,4.2,3.8,0.9,1.6,-2.1,-3.6,-0.7,,,
628,José Caballero,2 Tms,295,1.5,-1.5,-0.2,0.7,-1,-1.2,0.6,,,
629,Davis Schneider,TOR,146,6.7,-0.4,-0.6,1.7,1.1,5,-1,,,
630,Wander Franco,TBR,835,13.3,3.5,-1.8,4,-8.1,6.1,-0.2,-0.2,,
631,Brayan Rocchio,CLE,99,-0.5,-0.9,-0.1,-0.5,-1.4,-0.1,0.2,,,
632,José Tena,CLE,34,1,-0.1,-0.2,0.4,0.1,-2.2,-0.5,,,
633,Everson Pereira,NYY,103,-2.5,0.2,-0.9,-2.1,-1.3,-3.1,-0.9,,,
634,Julio Rodríguez,SEA,1291,16.5,2,0.8,4.3,2.3,6.5,8.1,,,
635,Ronny Mauricio,NYM,108,-2,0.4,-1.8,-1.3,1.8,-1.1,-0.2,,,
636,Ezequiel Duran,TEX,666,-8.1,0.5,-1.1,4.9,6.1,-2.6,-1.7,,,
637,Wilyer Abreu,BOS,93,2.7,-0.5,-0.5,1.1,1.9,0.2,-1.7,,,
638,Jordyn Adams,LAA,40,-2.8,1.3,-0.4,-1.1,-0.7,-1.3,-0.2,,,
639,Alek Thomas,ARI,827,-1,3.8,-1.7,-5.4,-12.3,1.6,-9.2,-0.2,,
640,Jordan Groshans,MIA,65,-0.3,-0.1,-0.5,1.4,0.2,-2.3,-0.9,,,
641,Parker Meadows,DET,157,-0.2,-1.3,0.4,0.6,-0.5,1,0,,,
642,Ji Hwan Bae,PIT,408,-3.2,-1.2,-0.9,-4.2,1.4,-1.4,-2,,,
643,Osleivis Basabe,TBR,94,-0.8,-0.8,-0.2,-3.8,-0.3,1,0.2,,,
644,Curtis Mead,TBR,97,-0.7,-0.3,-0.1,-1.5,1.6,-1.7,-0.9,,,
645,Ezequiel Tovar,COL,665,3.6,-2,1.9,3.7,-1.2,-9.7,-10.2,,,
646,Ceddanne Rafaela,BOS,101,1.8,0.5,-0.1,-4.6,-0.7,1.7,-1.3,,,
647,Liover Peguero,PIT,217,-3.6,0.2,1.6,-4.4,1.2,-6.3,2.2,,,
648,Johan Rojas,PHI,174,-2.3,-0.2,-0.2,-0.2,0.9,2.6,-1.5,,,
649,Terrin Vavra,BAL,159,1.2,-2.5,-0.3,0.9,-1.1,-3.9,-0.5,,,
650,J.P. Martínez,TEX,44,-0.7,-0.3,-0.3,1,-0.7,-1.1,-0.5,,,
651,Richie Palacios,3 Tms,233,-1.5,-0.1,-0.1,-1.5,-1,-1.6,3,,0.1,
652,Steven Kwan,CLE,1377,2.1,2.6,0,3.3,5.1,0.6,2,,,
653,Jarren Duran,BOS,603,-2.5,1,2.7,-0.8,-3.8,2.8,6.1,,,
654,Ryan Jeffers,MIN,584,-4.8,4.8,0,-3.6,2.7,-0.5,3.2,,,
655,Owen Miller,2 Tms,786,-10.2,-0.9,0.6,-3.2,3.8,-6.5,0.3,,,
656,Brendan Donovan,STL,857,8.7,-1.3,1.7,7.2,7,4,-2.2,0,,
657,Jonah Bride,2 Tms,298,-8.3,-1.5,0.2,-3.7,-0.6,-3.4,-0.5,,,
658,Logan O'Hoppe,LAA,225,5,1.2,1.1,1.1,-1.3,-5.3,0.8,,,
659,David Villar,SFG,321,6.9,0.9,0.2,-3.3,-4,-5.3,-0.2,,,
660,David Fry,CLE,124,0.8,-1,,2.1,1.5,-1,-0.9,,,
661,Vinny Capra,2 Tms,28,-0.1,-1,,-0.7,-0.3,0.7,-0.3,,,
662,Nate Eaton,KCR,178,-6,-1,-0.2,-1,0.4,-1.4,-0.3,,,
663,David Hensley,HOU,128,-2.3,0.3,0.4,-0.9,0.5,-5,0.3,,,
664,Endy Rodríguez,PIT,204,0.7,-1.4,-0.4,-2.5,-1.6,-4,1.1,,,
665,Michael Stefanic,LAA,140,-4.4,-0.3,,0.1,2.5,0.3,-1,,,
666,Peyton Burdick,MIA,139,-4.4,-1.7,0.7,-0.2,1.8,-1.6,1.8,,,
667,Brenton Doyle,COL,445,-8.2,0.2,-1.2,-3.5,-0.9,-9.7,0.1,,,
668,TJ Hopkins,CIN,44,-1.7,-0.5,,-2.5,-0.6,0,0.3,,,
669,Joey Ortiz,2 Tms,43,0.3,0.5,-0.2,-2.5,-0.3,-2.8,-0.4,,,
670,Korey Lee,2 Tms,100,-4.5,-0.1,-0.7,-5.5,-1.2,0.3,-0.8,,,
671,Jake Alu,WSN,175,-2,0.2,-0.6,0.2,0.9,-2.8,-3.1,,,
672,Marco Luciano,SFG,45,2.8,-1.1,0,-0.8,-0.6,-1.5,0.2,,0,
673,Drew Millas,WSN,33,0.6,0.3,,-1.3,-0.9,-0.4,1.6,,,
674,Will Brennan,CLE,512,-3.7,1.7,-1.1,-0.4,-0.1,-0.2,-3.5,,,
675,Bobby Witt Jr.,KCR,1339,1.3,5.1,0.3,-9.1,11.5,-0.4,3.4,,,
676,Blake Sabol,SFG,344,-0.6,3.2,0.6,-0.8,-4.7,-2.4,1.5,,-0.2,
677,Jared Triolo,PIT,229,1.9,0.2,0,5.2,1.4,-0.5,1,,,
678,Grae Kessinger,HOU,45,-1,-0.6,,-1.2,0.2,0,1,,,
679,Shea Langeliers,OAK,654,-13,1.4,-0.2,1.6,-3.9,-2.7,-0.7,,,
680,Andre Lipcius,DET,38,-0.7,0.6,,-0.9,-0.2,1.1,-0.2,,,
681,Michael Toglia,COL,277,-3.5,3.8,0.1,-1.9,-6.2,-2,-4.4,,,
682,Ryan Kreidler,DET,102,-2.5,-0.4,0.2,-2,-1.2,-2.7,0.3,,,
683,Michael Harris II,ATL,994,10.8,2.3,6.1,5.2,-8.6,11.5,4,,,
684,Kerry Carpenter,DET,582,8.5,8.2,-1.4,0,2.3,-3.9,2.5,,,
685,Vaughn Grissom,ATL,236,7,-1.2,-0.2,-1.8,1,1.9,-4.9,,,
686,Francisco Alvarez,NYM,448,5.9,-2.2,1.3,-6.5,-3,-1.3,-0.1,,,
687,Brett Baty,NYM,439,-4.9,-1.9,1.8,0.1,-5.9,-8.3,-0.7,,,
688,Dominic Fletcher,2 Tms,109,-3.4,-1.1,-0.2,2.6,0.5,2.1,0.2,,,
689,Kyle Stowers,BAL,131,-2.2,-1.3,-0.5,-0.7,0.1,-2.9,0.5,,,
690,Andrew Vaughn,CHW,1181,0.2,5.3,0,4.6,-1.1,-1.9,-4.5,0,-0.1,
691,Tyler Fitzgerald,SFG,38,-1.1,0.5,-0.3,-0.3,-0.7,0,1.3,,-0.1,
692,Adley Rutschman,BAL,1170,22.2,-1,3.7,9.6,0,5.7,-4,0,,
693,Gunnar Henderson,BAL,767,4.9,1.8,1.2,-5.2,4.7,6.6,5.9,-0.2,,
694,Bryson Stott,PHI,1116,-10.7,-1.8,-1,4.2,0,7.2,-0.1,0,0.5,
695,Josh Jung,TEX,632,7.6,-0.4,0.5,0.3,-0.2,-7.6,3.1,,,
696,Spencer Steer,CIN,785,1.3,2.1,-1.3,-7,7.6,9.4,3.5,,,
697,Jonny DeLuca,LAD,45,2.3,-0.8,,0.6,-0.5,-1.5,-0.2,,,
698,JJ Bleday,2 Tms,558,-0.6,3.5,-3.1,-5.7,-2.5,-7.5,1.2,0,,
699,Josh Smith,TEX,486,-5.8,1.9,-2,-2.7,-3,-0.9,-2.7,,,
700,Kyren Paris,LAA,46,-0.5,0.2,,-1.2,-1.2,-1.6,-0.3,,,
701,Dominic Canzone,2 Tms,190,6.8,1.2,-0.7,-3.7,-2,-4.8,-4.1,,,
702,Matt Wallner,MIN,327,1.5,2.6,0.2,2.5,3.3,3.8,0.9,,,
703,Luis Matos,SFG,257,-1.1,-1.7,0.7,-2.3,2.3,-3.6,0.4,,,
704,Spencer Horwitz,TOR,44,0.2,0.3,-0.2,0.5,-0.4,0.3,-0.9,,,
705,Noelvi Marte,CIN,123,0,1.3,-0.8,2.6,-0.1,1.6,-0.8,,,
706,Elly De La Cruz,CIN,439,-1.6,4.2,-1.5,-0.5,-0.1,-7.8,1.8,-0.1,,
707,Yoshi Tsutsugo,PIT,193,2.1,-2.4,-0.6,-8.2,-2.7,-1.7,0,,,
708,Tyler Soderstrom,OAK,138,-2.2,-0.4,-1.7,-1.5,-4.9,-2.3,-1.3,,-0.3,
709,Jordan Walker,STL,476,3.7,-5.4,0.8,2,-2.6,10.8,-4.7,,-0.2,
710,Patrick Bailey,SFG,365,-5.9,-2.8,-0.1,-2.3,0.4,-3.2,2.1,-0.1,0,
711,Masyn Winn,STL,147,-6.6,0.6,-0.5,0.3,-0.6,-4,-0.6,,1.3,
712,Nick Gonzales,PIT,128,4.2,1.2,-0.4,-3.8,-2,-3,-0.7,0,,
713,Ha-Seong Kim,SDP,1235,6.2,-1.5,1.2,-3.6,3.3,6.2,-1.4,,,
714,David Hamilton,BOS,39,-0.4,-0.5,-0.5,-1,-0.7,-0.2,-0.2,,,
715,Edouard Julien,MIN,419,13.2,3,-0.8,-3.3,2.7,0,-1.5,,,
716,Garrett Mitchell,MIL,141,-2.6,1.3,-0.2,1.1,2.4,0.1,1.9,0,,
717,Austin Wells,NYY,84,0.5,-1.2,1.9,-0.8,-0.4,0.3,-1.1,,,
718,Alika Williams,PIT,117,-2.7,-2.3,-0.1,-2.5,-1.6,0,0.8,,,
719,Alec Burleson,STL,414,1.6,0.9,-0.6,-0.4,-7.5,-5.5,-0.9,,,
720,Nick Loftin,KCR,72,0.1,0.7,-0.3,-0.5,1.8,1.1,-0.9,,,
721,Anthony Volpe,NYY,615,8.8,-4.3,-1.1,-0.8,-1,-12.1,-2.6,0,,
722,Vinnie Pasquantino,KCR,571,5.5,3.1,-1.4,-0.3,-6.2,5,3.3,,,
723,Michael Massey,KCR,655,-6.1,2.9,-0.3,1.8,1,-6.9,-3.3,,,
724,Joey Wiemer,MIL,410,3.5,3.2,0.5,-1.9,0.6,-13.4,-2.8,,,
725,Brett Wisely,SFG,131,-4.5,-3,-0.3,1.1,0.3,-2.9,-1.8,,,
726,Evan Carter,TEX,88,2.3,0.2,0.4,0.5,3.5,0,-0.5,,0,
727,Jordan Westburg,BAL,238,-2.3,2.1,0.1,-2.2,-1.5,3.2,-1.3,,,
728,Matt Mervis,CHC,99,-2.2,0.2,-0.6,-1.8,1.6,-1.6,-1.7,,,
729,Jasson Domínguez,NYY,33,0.5,2,-0.3,-0.4,-0.9,0.9,-0.2,,,
730,Junior Caminero,TBR,36,-0.5,-0.6,0.2,0.7,-0.6,-1.8,0.3,,,
731,Jackson Merrill,SDP,20,-0.2,0.6,-0.2,-0.7,0.8,-0.6,-0.5,0,,
732,Colton Cowser,BAL,79,-1.4,-1.4,0.3,-1.5,-1.1,-0.2,0,0.2,,
733,Henry Davis,PIT,271,0.5,-2.5,-0.2,-2.8,-1.1,-3.1,1.8,-0.3,,
734,Sal Frelick,MIL,233,0.4,5.6,-0.7,2,-2.7,-3.6,-2.6,,,
735,Hunter Goodman,COL,77,1.5,-1,-0.4,-0.7,0.8,-2.5,-1.2,,,
736,Zack Gelof,OAK,317,3.2,-0.3,1.6,3.5,-4.5,2.1,-0.2,,-0.1,
737,Jacob Young,WSN,121,2,-0.7,-0.5,-1.4,-0.2,-2.7,-0.5,,,
738,Jordan Lawlar,ARI,34,-0.3,-0.6,,-1.2,-0.3,-1.1,0.1,,,
739,Christian Encarnacion-St...,CIN,254,-3,0.8,-0.5,-2.1,2.5,0.8,2.4,,,
740,Oscar Colás,CHW,263,-3.1,-0.2,0.6,-4.9,-2.7,-1.6,-4.7,,,
741,Heston Kjerstad,BAL,33,0.2,1.4,0.4,-0.2,0.1,-0.4,-1.6,,,
742,Zach Neto,LAA,339,-4.2,2.3,0.3,3.4,-2.2,-5.5,1.3,,,
743,Wade Meckler,SFG,64,2.3,0.9,-0.8,-0.4,-1,-1.7,-1.6,,0,
744,Masataka Yoshida,BOS,597,12.4,-5.1,1,-2.3,4.2,-4,1.1,,,
745,Nolan Schanuel,LAA,143,3.1,-0.3,-1,-0.4,0.6,-1,0.1,,,
