#,Name,Team,IP,FA%,FC%,FS%,SI%,CH%,SL%,CU%,CS%,KN%,SB%,XX%
1,Collin Snider,2 Tms,56.2,0.01,0.07,,0.46,0.01,0.43,,,,,0.02
2,Mychal Givens,3 Tms,65.1,0.51,,,0.01,0.19,0.29,,,,,0.01
3,Jose A. Ferrer,WSN,34,0.71,,,0.00,0.24,0.04,,,,,0.01
4,Tyler Matzek,ATL,45,0.76,0.00,,,,0.22,0.01,,,,0.01
5,Jose Hernandez,PIT,52.2,0.33,,,,0.11,0.56,,,,,0.01
6,Dustin May,LAD,78,0.26,0.17,,0.31,0.05,0.21,,,,,0.01
7,Grant Hartwig,NYM,35.1,,0.17,,0.47,0.04,0.31,,,,,0.01
8,Bruce Zimmermann,BAL,87,0.25,,,0.12,0.28,0.22,0.13,,,,0.01
9,Wily Peralta,DET,38.1,0.26,,0.21,0.23,,0.30,,,,,0.01
10,Michael Rucker,CHC,95,0.41,0.17,,0.01,0.07,0.20,0.14,,,,0.01
11,Mike Baumann,BAL,101,0.50,0.04,,,0.03,0.19,0.23,,,,0.01
12,Lucas Sims,CIN,69.2,0.43,,,,0.00,0.50,0.06,,,,0.00
13,Tanner Banks,CHW,115,0.40,,,0.02,0.18,0.41,,,,,0.00
14,Angel Perdomo,PIT,29,0.62,,,,0.07,0.31,,,,,0.00
15,Austin Pruitt,OAK,103.2,0.30,,,0.07,0.06,0.39,0.18,,,,0.00
16,Danny Coulombe,2 Tms,64.2,0.16,,,0.13,0.06,0.54,0.12,,,,0.00
17,Brandon Bielak,HOU,94,0.16,0.13,,0.23,0.23,0.12,0.12,,,,0.00
18,Richard Bleier,2 Tms,81.1,0.05,0.29,0.02,0.46,0.04,0.14,,,,,0.00
19,Chasen Shreve,3 Tms,71,0.39,0.01,0.40,,,0.13,0.07,,,,0.00
20,Jameson Taillon,2 Tms,331.2,0.35,0.16,,0.10,0.06,0.17,0.15,,,,0.00
21,Miguel Castro,2 Tms,94.2,0.00,,,0.40,0.17,0.43,,,,,0.00
22,Bryan Garcia,DET,20.1,0.49,,,,0.27,0.24,,,,,0.00
23,Jacob Webb,2 Tms,55.2,0.49,,,,0.28,0.23,,,,,0.00
24,Fernando Cruz,CIN,83,0.33,,0.35,0.01,,0.31,,,,,0.00
25,Jhony Brito,2 Tms,93.1,0.17,0.02,,0.32,0.29,0.20,,,,,0.00
26,Robert Stephenson,3 Tms,110.1,0.36,0.19,,,0.05,0.39,0.01,,,,0.00
27,Clay Holmes,NYY,129.2,0.00,,,0.74,,0.25,,,,,0.00
28,Adonis Medina,NYM,23.2,0.17,0.28,,0.31,0.17,0.08,,,,,0.00
29,Brent Suter,3 Tms,138.2,0.31,0.16,,0.19,0.27,0.08,,,,,0.00
30,Will Smith,4 Tms,117.1,0.40,,,0.00,0.02,0.49,0.09,,,,0.00
31,Paul Sewald,2 Tms,124.2,0.54,,,,,0.46,,,,,0.00
32,Brent Headrick,MIN,25.2,0.56,0.37,,,0.06,0.01,,,,,0.00
33,Phil Maton,2 Tms,133,0.22,0.16,,0.05,,0.21,0.35,,,,0.00
34,Dauri Moreta,2 Tms,96.1,0.38,,,,0.14,0.49,,,,,0.00
35,Luis Severino,2 Tms,196.1,0.47,0.09,,0.02,0.20,0.23,,,,,0.00
36,Greg Weissert,2 Tms,33.1,0.21,0.03,,0.35,0.07,0.32,,,,,0.00
37,Ron Marinaccio,NYY,91.1,0.48,0.01,,,0.38,0.14,,,,,0.00
38,Bryan Shaw,2 Tms,104,0.29,0.36,0.00,0.09,0.03,0.12,0.11,,,,0.00
39,Shawn Armstrong,2 Tms,116,0.26,0.32,,0.35,,0.07,,,,,0.00
40,Will Vest,DET,113,0.54,,,0.02,0.11,0.33,,,,,0.00
41,Steven Wilson,2 Tms,107.2,0.44,0.00,,,0.05,0.51,,,,,0.00
42,Enyel De Los Santos,2 Tms,122,0.60,,,,0.10,0.30,,,,,0.00
43,Daulton Jefferies,2 Tms,41.1,0.11,0.22,,0.34,0.20,0.13,,,,,0.00
44,Phil Bickford,2 Tms,128.1,0.70,,0.01,,,0.29,,,,,0.00
45,Carlos Hernández,KCR,126,0.53,,0.11,0.00,,0.21,0.15,,,,0.00
46,Gavin Hollowell,COL,40.2,0.32,0.03,,0.30,0.00,0.34,,,,,0.00
47,Scott Effross,2 Tms,56.2,0.11,,,0.34,0.15,0.40,,,,,0.00
48,Hirokazu Sawamura,BOS,50.2,0.49,,0.37,,,0.14,,,,,0.00
49,Brooks Raley,2 Tms,109.1,0.01,0.21,,0.24,0.17,0.37,0.00,,,,0.00
50,Aaron Loup,LAA,107.1,0.01,0.30,,0.52,0.15,0.03,,,,,0.00
51,Ryne Stanek,2 Tms,106,0.61,,0.21,,,0.18,,,,,0.00
52,Brent Honeywell,2 Tms,52.1,0.48,0.00,,,0.27,0.18,,,,0.08,0.00
53,Tyler Anderson,2 Tms,319.2,0.38,0.22,,0.07,0.33,0.01,0.01,,,,0.00
54,Max Castillo,2 Tms,59.2,0.46,,,,0.31,0.23,,,,,0.00
55,Mason Englert,DET,56,0.30,,,,0.27,0.36,0.07,,,,0.00
56,Jorge López,4 Tms,131.2,0.09,,,0.44,0.14,0.13,0.20,,,,0.00
57,Dillon Tate,BAL,75.2,,,,0.52,0.23,0.25,,,,,0.00
58,Matt Festa,SEA,63,0.44,0.02,,0.00,0.00,0.54,,,,,0.00
59,Ryan Walker,SFG,64.1,0.00,,,0.50,,0.50,,,,,0.00
60,Hunter Greene,CIN,242.1,0.54,,0.00,,0.05,0.41,0.00,,,,0.00
61,Tommy Henry,ARI,140,0.50,,,0.01,0.16,0.15,0.18,,,,0.00
62,Michael Tonkin,2 Tms,82,0.02,,,0.60,,0.39,,,,,0.00
63,Caleb Smith,ARI,70,0.46,,,,0.22,0.29,0.03,,,,0.00
64,JT Brubaker,PIT,144,0.06,,,0.42,0.05,0.31,0.16,,,,0.00
65,Bailey Falter,2 Tms,168.2,0.36,,,0.22,0.06,0.17,0.20,,,,0.00
66,David Peterson,NYM,216.2,0.32,,,0.19,0.17,0.24,0.07,,,,0.00
67,Cole Ragans,2 Tms,142,0.41,0.15,,0.00,0.26,0.07,0.11,,,,0.00
68,Trevor Rogers,MIA,130,0.50,,,0.04,0.29,0.17,,,,,0.00
69,Brandon Hughes,CHC,71.1,0.49,,,0.02,0.01,0.48,,,,,0.00
70,Kyle Nelson,ARI,95,0.34,0.06,,,,0.60,0.00,,,,0.00
71,Colin Holderman,2 Tms,84.1,0.01,0.14,,0.49,0.00,0.36,,,,,0.00
72,Kenley Jansen,2 Tms,109.2,,0.71,,0.17,,0.13,,,,,0.00
73,Brad Hand,3 Tms,98.2,0.30,,,0.19,,0.51,,,,,0.00
74,Jordan Weems,WSN,95.1,0.55,,0.08,0.00,,0.36,,,,,0.00
75,Wandy Peralta,2 Tms,112.1,0.03,,,0.40,0.43,0.14,,,,,0.00
76,Tim Mayza,TOR,104,0.00,,,0.79,,0.21,,,,,0.00
77,Seranthony Domínguez,PHI,102.2,0.39,,,0.31,0.05,0.26,,,,,0.00
78,Matthew Liberatore,STL,99.1,0.37,0.00,,0.19,0.09,0.13,0.22,,,,0.00
79,Zack Wheeler,PHI,351,0.43,,0.01,0.18,0.01,0.27,0.12,,,,0.00
80,Adrian Houser,MIL,214,0.21,,0.07,0.47,,0.15,0.10,,,,0.00
81,Anthony DeSclafani,SFG,118.2,0.13,,,0.28,0.09,0.44,0.07,,,,0.00
82,Alex Wood,2 Tms,231.2,0.00,,,0.45,0.23,0.32,,,,,0.00
83,Emilio Pagán,2 Tms,134.1,0.53,0.24,0.19,,,0.01,0.03,,,,0.00
84,Buck Farmer,CIN,123,0.43,,,0.00,0.24,0.33,,,,,0.00
85,Giovanny Gallegos,STL,116.2,0.31,,,0.17,0.04,0.47,,,,,0.00
86,Joe Jiménez,2 Tms,114.2,0.63,,,,0.06,0.31,,,,,0.00
87,Zach Thompson,PIT,121.2,0.17,0.33,,0.21,0.09,,0.21,,,,0.00
88,Justin Lawrence,COL,118.2,,,,0.53,0.00,0.47,,,,,0.00
89,Drew Smith,NYM,104.2,0.58,0.00,,,0.08,0.27,0.08,,,,0.00
90,Aaron Civale,2 Tms,225.1,0.11,0.36,0.01,0.20,0.02,0.05,0.25,,,,0.00
91,Trevor Stephan,CLE,132.1,0.48,,0.28,,,0.24,,,,,0.00
92,Cristopher Sánchez,PHI,139.1,,,,0.51,0.29,0.20,,,,,0.00
93,Taj Bradley,TBR,104.2,0.45,0.25,0.14,,,,0.17,,,,0.00
94,Zack Thompson,STL,106.1,0.53,0.01,0.01,,0.04,0.13,0.28,0.00,,,0.00
95,Steven Matz,STL,158.1,,,,0.54,0.28,0.02,0.16,,,,0.00
96,Domingo Germán,NYY,181,0.28,,,0.11,0.22,,0.39,,,,0.00
97,Brock Burke,TEX,143,0.63,0.07,,0.05,0.13,0.12,,,,,0.00
98,Keegan Thompson,CHC,143.2,0.48,0.23,,0.04,0.04,0.05,0.17,,,,0.00
99,José Suarez,LAA,146.1,0.36,0.00,,0.08,0.25,0.22,0.09,,,,0.00
100,Jake Irvin,WSN,126,0.35,0.00,,0.29,0.05,,0.31,,,,0.00
101,George Kirby,SEA,327.1,0.42,,0.04,0.17,0.04,0.20,0.12,,0.00,,0.00
102,Clayton Kershaw,LAD,258,0.38,,0.01,0.00,0.01,0.43,0.17,,,,0.00
103,Corey Kluber,2 Tms,219,0.01,0.32,,0.27,0.12,0.27,,,,,0.00
104,Brandon Woodruff,MIL,220.1,0.39,,,0.21,0.17,0.11,0.11,,,,0.00
105,Jack Flaherty,3 Tms,186.1,0.43,0.08,,0.03,0.03,0.25,0.19,,,,0.00
106,Eric Lauer,MIL,205.1,0.44,0.24,,,0.03,0.15,0.15,,,,0.00
107,Tylor Megill,NYM,177.2,0.56,0.00,0.00,,0.15,0.20,0.08,,,,0.00
108,Rich Hill,3 Tms,270.2,0.35,0.14,0.01,0.03,0.02,0.10,0.36,0.00,,,0.00
109,Jordan Lyles,2 Tms,357.2,0.32,0.04,,0.15,0.11,0.26,0.13,,,,0.00
110,Nathan Eovaldi,2 Tms,259.1,0.38,0.14,0.25,,,0.08,0.16,,,,0.00
111,Merrill Kelly,ARI,384.2,0.29,0.19,,0.16,0.21,0.03,0.12,,,,0.00
112,Taijuan Walker,2 Tms,330,0.23,0.11,0.31,0.17,,0.11,0.07,,,,0.00
113,Joe Musgrove,SDP,286.2,0.23,0.20,,0.07,0.08,0.21,0.21,,,,0.00
114,Max Fried,ATL,263.2,0.32,0.00,,0.14,0.15,0.17,0.22,,,,0.00
115,Kevin Gausman,TOR,364,0.50,,0.38,,0.00,0.12,,,,,0.00
116,Julio Urías,LAD,292.1,0.48,0.04,,,0.17,,0.32,,,,0.00
117,Nick Pivetta,BOS,328.1,0.51,,0.01,,,0.22,0.26,,,,0.00
118,Kyle Freeland,COL,332.2,0.21,0.12,,0.25,0.13,0.21,0.08,,,,0.00
119,Michael Kopech,CHW,251.1,0.62,,,,0.05,0.27,0.06,,,,0.00
120,Dylan Cease,2 Tms,365.2,0.42,,0.03,,,0.41,0.15,,,,0.00
121,Corbin Burnes,2 Tms,401.2,0.00,0.55,,0.07,0.10,0.09,0.18,,,,0.00
122,Shohei Ohtani,LAA,298,0.30,0.10,0.09,0.05,0.00,0.39,0.07,,,,0.00
123,Jesús Luzardo,MIA,284,0.38,0.00,,0.11,0.21,0.30,,,,,0.00
124,Reid Detmers,LAA,282.2,0.42,,,0.02,0.08,0.29,0.19,,,,0.00
125,Tommy Hunter,NYM,46,0.07,0.38,,0.37,0.04,0.07,0.07,,,,
126,Matt Bush,2 Tms,70,0.49,,,0.02,,0.13,0.36,,,,
127,Adam Ottavino,NYM,128.1,0.09,0.10,,0.35,0.11,0.35,,,,,
128,Matt Moore,4 Tms,126.2,0.46,,,,0.23,,0.31,,,,
129,Zack Greinke,KCR,279.1,0.33,0.03,,0.09,0.17,0.21,0.17,0.00,,,
130,Adam Wainwright,STL,292.2,0.09,0.25,,0.29,0.06,0.00,0.31,0.00,,,
131,Lance Lynn,3 Tms,309.1,0.44,0.26,,0.13,0.06,0.07,0.05,,,,
132,Jhoulys Chacín,COL,47.1,0.09,0.28,,0.35,0.03,0.20,0.06,,,,
133,Ross Detwiler,CIN,26.1,0.26,,,0.25,0.03,0.44,0.03,,,,
134,Max Scherzer,2 Tms,298,0.46,0.10,,0.00,0.13,0.20,0.11,,,,
135,David Price,LAD,40.1,0.32,0.18,,0.35,0.11,,0.04,,,,
136,T.J. McFarland,3 Tms,36.1,,,,0.60,0.22,0.18,,,,,
137,Joe Smith,MIN,27.1,0.31,,,0.42,,0.27,,,,,
138,Aníbal Sánchez,WSN,69.1,0.20,0.24,0.04,0.19,0.22,0.06,0.05,,,,
139,Darren O'Day,ATL,21.2,0.44,,,0.09,,0.48,,,,,
140,Liam Hendriks,CHW,62.2,0.60,,,,,0.30,0.10,,,,
141,Mark Melancon,ARI,56,0.03,0.63,0.02,0.00,,0.02,0.30,,,,
142,Charlie Morton,ATL,335.1,0.32,,,0.09,0.09,0.09,0.41,,,,
143,Jake Diekman,4 Tms,115.1,0.53,0.02,,0.11,0.07,0.27,,,,,
144,Anthony Gose,CLE,21,0.65,,,,0.00,0.35,,,,,
145,Jeurys Familia,3 Tms,57,0.24,,0.12,0.46,,0.19,,,,,
146,Manny Bañuelos,2 Tms,41,0.20,,,0.22,0.10,0.48,0.01,,,,
147,Michael Pineda,DET,46.2,0.59,,,,0.19,0.22,,,,,
148,Jesse Chavez,3 Tms,107,0.00,0.56,,0.28,0.13,,0.03,,,,
149,Madison Bumgarner,ARI,175.1,0.32,0.36,,0.01,0.11,,0.19,0.00,,,
150,Ryan Brasier,2 Tms,124,0.41,0.06,,0.13,0.01,0.39,,,,,
151,Huascar Brazoban,MIA,90.2,0.19,,,0.17,0.27,0.36,,,,,
152,David Phelps,TOR,63.2,0.30,0.25,,0.12,0.08,,0.26,,,,
153,Chris Archer,MIN,102.2,0.36,,,0.00,0.15,0.44,0.05,,,,
154,Jake Odorizzi,2 Tms,106.1,0.49,0.21,0.17,0.02,,0.07,0.04,,,,
155,Trevor May,2 Tms,71.2,0.46,,0.02,,0.20,0.32,,,,,
156,José Cisnero,2 Tms,86,0.36,0.05,0.00,0.25,0.09,0.21,0.04,,,,
157,Steve Cishek,WSN,66.1,0.28,,,0.34,0.01,0.37,,,,,
158,Alex Cobb,SFG,301,0.00,,0.40,0.41,,0.03,0.16,,,,
159,Carlos Carrasco,2 Tms,247,0.34,0.00,,0.11,0.27,0.22,0.06,,,,
160,Craig Kimbrel,2 Tms,129,0.68,,,,,0.03,0.29,,,,
161,Alex Colomé,2 Tms,50,0.18,0.82,,,,,,,,,
162,Julio Teheran,MIL,71.2,0.07,0.30,,0.39,0.12,0.12,,,,,
163,Johnny Cueto,2 Tms,210.2,0.23,0.08,,0.23,0.20,0.23,0.03,,,,
164,Chase Anderson,3 Tms,110.1,0.26,0.24,,0.13,0.24,0.08,0.05,,,,
165,Martín Pérez,2 Tms,342.1,0.06,0.23,,0.39,0.27,0.01,0.04,,,,
166,Luis García,2 Tms,120.2,0.07,0.01,0.10,0.48,,0.34,,,,,
167,Ian Kennedy,2 Tms,66.2,0.76,0.03,0.16,,0.01,0.01,0.04,,,,
168,Ryan Pressly,HOU,115.2,0.28,,,0.00,0.07,0.38,0.27,,,,
169,Daniel Bard,COL,109.2,0.07,0.01,,0.46,0.01,0.45,,,,,
170,Daniel Hudson,LAD,30.1,0.50,,,0.03,0.04,0.43,,,,,
171,Craig Stammen,SDP,40.2,,0.22,,0.55,0.02,0.12,0.09,,,,
172,Jay Jackson,3 Tms,32,0.37,,,0.02,0.01,0.59,,,,,
173,Collin McHugh,ATL,128,0.02,0.47,,0.00,0.00,0.48,0.02,0.01,,,
174,Jake McGee,3 Tms,37,0.83,,,,,0.17,,,,,
175,Tommy Milone,SEA,25.2,0.36,0.04,,,0.41,0.12,0.07,,,,
176,Hunter Strickland,CIN,62.1,0.54,,,0.04,0.03,0.39,,,,,
177,Anthony Bass,2 Tms,90.1,0.10,,0.04,0.30,,0.56,,,,,
178,David Robertson,5 Tms,131,,0.52,,0.00,0.01,0.20,0.27,,,,
179,Paolo Espino,WSN,117.1,0.47,,,,0.05,0.22,0.26,,,,
180,Lucas Luetge,2 Tms,71,0.01,0.53,,,,0.32,0.14,,,,
181,Justin Verlander,2 Tms,337.1,0.50,,,,0.04,0.27,0.19,,,,
182,Wade Miley,2 Tms,157.1,0.18,0.44,,0.04,0.26,0.05,0.02,,,,
183,Kirby Yates,2 Tms,69.1,0.54,,0.45,,,0.01,0.00,,,,
184,Patrick Corbin,WSN,337,0.17,0.00,,0.43,0.07,0.33,,,,,
185,Dallas Keuchel,4 Tms,98.1,0.03,0.20,,0.41,0.27,0.10,,,,,
186,Joe Kelly,2 Tms,78,0.07,,,0.37,0.09,0.20,0.27,,,,
187,Garrett Richards,TEX,42.2,0.25,,,0.00,0.35,0.38,0.02,,,,
188,Miles Mikolas,STL,408,0.27,,,0.23,0.05,0.25,0.20,0.00,,,
189,Mike Minor,CIN,98,0.41,,,0.00,0.23,0.25,0.10,,,,
190,Caleb Thielbar,MIN,90,0.50,,0.01,,,0.26,0.23,,,,
191,Kyle Gibson,2 Tms,359.2,0.13,0.19,,0.27,0.14,0.20,0.08,,,,
192,Brad Boxberger,2 Tms,84,0.55,,,,0.20,0.25,,,,,
193,Ryan Weber,NYY,25,,,,0.54,0.11,0.34,0.01,,,,
194,Shelby Miller,3 Tms,52,0.56,0.00,0.22,0.00,,0.22,,,,,
195,Aroldis Chapman,4 Tms,96.2,0.51,,0.10,0.12,0.00,0.27,,,,,
196,Ryan Tepera,2 Tms,68,0.32,0.37,0.08,0.16,,0.08,,,,,
197,Erasmo Ramírez,2 Tms,146.2,0.05,0.45,,0.35,0.05,0.03,0.07,,,,
198,Scott Alexander,SFG,65.2,,0.00,,0.75,0.10,0.15,,,,,
199,Chris Sale,2 Tms,113.2,0.44,,,0.07,0.13,0.37,,,,,
200,Andrew Bellatti,PHI,79,0.43,,,,0.07,0.51,0.00,,,,
201,Drew Hutchison,DET,105.1,0.40,,,0.13,0.10,0.37,,,,,
202,Adam Kolarek,3 Tms,23.2,0.11,,,0.58,0.13,0.18,,,,,
203,Jacob deGrom,2 Tms,94.2,0.49,,,0.00,0.08,0.39,0.04,,,,
204,Casey Lawrence,2 Tms,45.1,0.18,0.06,,0.25,0.19,0.29,0.03,,,,
205,Vince Velasquez,2 Tms,112.2,0.44,,,0.05,0.10,0.29,0.12,,,,
206,Zach Neal,OAK,27,0.13,,,0.27,0.18,0.32,0.10,,,,
207,Tommy Kahnle,2 Tms,53.1,0.18,,,0.04,0.76,0.02,,,,,
208,Jose Quintana,3 Tms,246,0.32,0.00,,0.21,0.19,,0.27,,,,
209,Robbie Ray,SEA,192.1,0.40,,,0.20,0.01,0.38,0.02,,,,
210,Joely Rodríguez,2 Tms,63.1,0.05,,,0.49,0.39,0.07,,,,,
211,Aaron Sanchez,2 Tms,60,0.17,,,0.45,0.10,,0.28,,,,
212,José Ureña,4 Tms,144,0.08,,,0.49,0.19,0.25,,,,,
213,Heath Hembree,3 Tms,23.1,0.51,0.01,,,,0.46,0.03,,,,
214,Luke Jackson,SFG,33.1,0.28,,,,,0.71,0.02,,,,
215,Drew Smyly,CHC,249.1,,0.15,,0.38,0.00,,0.47,,,,
216,Noah Syndergaard,4 Tms,223.1,0.16,0.05,,0.30,0.21,0.16,0.12,,,,
217,Hansel Robles,BOS,24.2,0.51,,,,0.16,0.33,,,,,
218,Héctor Neris,2 Tms,135.2,0.47,,0.30,0.18,,0.05,,,,,
219,James Paxton,BOS,96,0.54,,,0.03,0.07,0.17,0.19,,,,
220,Chris Martin,3 Tms,109.1,0.39,0.34,0.10,0.11,,0.06,,,,,
221,Jason Adam,TBR,119.2,0.33,,,0.00,0.34,0.34,,,,,
222,Kyle Hendricks,CHC,225,0.23,,,0.34,0.37,,0.07,,,,
223,Scott McGough,ARI,73.1,0.52,,0.39,0.00,,0.09,,,,,
224,Yimi García,TOR,127.2,0.39,0.14,,0.15,0.07,0.26,,,,,
225,Domingo Tapia,2 Tms,34.2,0.36,,,0.38,0.13,0.13,,,,,
226,Chris Bassitt,2 Tms,386.2,0.11,0.17,0.02,0.37,0.06,0.15,0.13,,,,
227,Colin Rea,MIL,129.2,0.19,0.26,0.05,0.30,,0.11,0.08,,,,
228,Jacob Barnes,3 Tms,36,0.49,0.44,,,0.01,0.07,,,,,
229,Seth Lugo,3 Tms,217.1,0.31,0.05,,0.20,0.05,0.09,0.31,,,,
230,Nick Ramirez,NYY,40.2,0.02,0.01,,0.41,0.28,0.27,0.00,,,,
231,Nick Martinez,2 Tms,221.2,0.19,0.17,,0.19,0.27,0.00,0.17,,,,
232,Rafael Montero,HOU,137.1,0.47,,,0.19,0.21,0.13,,,,,
233,Chris Devenski,4 Tms,59,0.32,,,,0.49,0.19,0.00,,,,
234,Sonny Gray,MIN,303.2,0.28,0.05,,0.20,0.04,0.24,0.20,,,,
235,John Brebbia,2 Tms,108,0.46,,,,0.00,0.54,,,,,
236,Michael Kelly,3 Tms,23.2,0.24,0.15,,0.06,,0.55,,,,,
237,Noé Ramirez,ARI,50,0.38,,,,0.31,0.31,,,,,
238,Matt Wisler,TBR,44,0.07,,,0.01,0.00,0.92,,,,,
239,Mike Clevinger,2 Tms,245.2,0.45,0.11,,0.06,0.11,0.24,0.02,,,,
240,Andrew Kittredge,2 Tms,33.1,0.00,0.14,,0.46,,0.40,,,,,
241,Matt Barnes,3 Tms,62,0.46,,0.02,,0.05,0.00,0.48,,,,
242,Dylan Bundy,MIN,140,0.41,,0.19,0.06,,0.24,0.11,,,,
243,Archie Bradley,2 Tms,26,0.34,,,0.28,0.13,0.12,0.13,,,,
244,Andrew Chafin,3 Tms,111,0.24,,,0.42,0.01,0.34,,,,,
245,Yu Darvish,SDP,339.2,0.21,0.07,0.07,0.14,0.01,0.41,0.10,0.00,,,
246,Gerrit Cole,NYY,409.2,0.52,0.06,,,0.08,0.22,0.11,,,,
247,Derek Law,3 Tms,76.1,0.16,0.40,,0.13,0.05,0.16,0.11,,,,
248,Eduardo Rodriguez,DET,243.2,0.42,0.21,,0.13,0.18,0.06,,,,,
249,Zach Davies,ARI,216.2,0.08,0.08,,0.46,0.30,0.02,0.06,,,,
250,Michael Fulmer,3 Tms,120.2,0.22,,,0.12,0.07,0.58,0.01,,,,
251,Louis Head,2 Tms,28.2,0.40,,,,0.05,0.56,,,,,
252,Ross Stripling,3 Tms,228.1,0.30,0.01,,0.08,0.27,0.25,0.10,,,,
253,Matt Carasiti,COL,24.1,0.01,0.07,0.28,0.64,,,,,,,
254,Adrian Sampson,CHC,104.1,0.29,,,0.37,0.14,0.21,,,,,
255,Luis Cessa,CIN,106.2,0.22,,,0.20,0.20,0.39,,,,,
256,Hoby Milner,MIL,129.2,0.09,,,0.39,0.19,,0.33,,,,
257,Dylan Floro,3 Tms,112.1,0.30,,,0.35,0.13,0.22,,,,,
258,Matt Koch,2 Tms,43,0.43,0.48,,,,0.09,,,,,
259,Drew VerHagen,STL,82.2,0.26,0.05,0.12,0.20,,0.33,0.04,,,,
260,Marcus Stroman,2 Tms,281.1,0.08,0.10,,0.44,0.10,0.28,0.00,,,,
261,Pierce Johnson,3 Tms,79,0.36,0.00,,,,0.06,0.59,,,,
262,Taylor Rogers,3 Tms,117.2,0.00,0.01,,0.42,,0.57,,,,,
263,Daniel Norris,3 Tms,71.1,0.35,,,0.07,0.31,0.26,0.01,,,,
264,Blake Snell,SDP,308,0.52,,,,0.13,0.18,0.18,,,,
265,Steven Okert,2 Tms,111,0.35,,,0.00,,0.65,,,,,
266,Carl Edwards Jr.,WSN,93.2,0.66,,,,0.15,,0.19,,,,
267,Jakob Junis,SFG,198,0.01,0.00,,0.30,0.13,0.56,,,,,
268,Tayler Scott,5 Tms,32,0.09,,,0.33,0.09,0.49,,,,,
269,Jharel Cotton,2 Tms,43,0.44,0.01,,,0.40,0.10,0.05,,,,
270,Joey Krehbiel,BAL,62.2,0.36,0.29,,,0.32,0.03,,,,,
271,Tyler Duffey,2 Tms,46,0.37,,,0.14,0.04,0.13,0.31,0.01,,,
272,Chris Stratton,4 Tms,147,0.50,,,0.01,0.07,0.19,0.23,,,,
273,Dominic Leone,5 Tms,104.2,0.37,0.30,,0.01,0.00,0.32,,,,,
274,JT Chargois,2 Tms,64.2,0.04,,,0.55,,0.41,,,,,
275,Zach Eflin,2 Tms,259,0.09,0.21,,0.35,0.05,0.06,0.24,,,,
276,Matt Strahm,2 Tms,133.2,0.44,0.07,,0.16,0.04,0.24,0.06,,,,
277,Austin Adams,3 Tms,21,0.12,,,,,0.88,,,,,
278,Chris Flexen,2 Tms,240,0.40,0.31,,0.01,0.16,0.09,0.03,,,,
279,Michael Wacha,2 Tms,261.2,0.33,0.15,,0.11,0.32,,0.09,,,,
280,Lance McCullers Jr.,HOU,47.2,0.02,0.06,,0.23,0.17,0.27,0.25,,,,
281,José Berríos,TOR,367.2,0.24,0.00,,0.29,0.17,0.30,,,,,
282,Josh Hader,3 Tms,109.1,,,,0.71,0.03,0.26,,,,,
283,Frankie Montas,3 Tms,151.2,0.28,0.01,0.26,0.22,0.00,0.23,,,,,
284,Joel Payamps,3 Tms,128.1,0.24,,,0.23,0.13,0.40,,,,,
285,Ty Blach,COL,122.1,0.55,,,,0.21,0.17,0.07,,,,
286,Tyler Glasnow,2 Tms,137.2,0.45,,,0.00,0.00,0.34,0.20,,,,
287,Amir Garrett,KCR,69.2,0.38,,,0.10,0.00,0.52,,,,,
288,Yunior Marte,2 Tms,89.1,0.19,,,0.40,0.00,0.41,,,,,
289,Jackson Stephens,ATL,65.2,0.33,0.06,,0.22,0.09,0.03,0.27,,,,
290,Hyun Jin Ryu,TOR,79,0.32,0.17,,0.09,0.23,,0.18,,,,
291,J.B. Wendelken,ARI,29,0.47,,,0.13,0.16,0.23,0.01,,,,
292,José Leclerc,TEX,106.1,0.36,0.12,,0.02,0.17,0.33,0.00,,,,
293,Carlos Estévez,2 Tms,120.1,0.69,,,,0.10,0.21,,,,,
294,José Ruiz,2 Tms,105,0.41,,,0.09,0.19,,0.32,,,,
295,Rowan Wick,CHC,64,0.62,0.12,0.00,,0.00,0.05,0.22,,,,
296,Chi Chi González,4 Tms,26.2,0.29,0.02,,0.22,0.15,0.31,0.01,,,,
297,Jandel Gustave,MIL,28,0.07,,,0.56,,0.37,,,,,
298,Duane Underwood Jr.,PIT,81.2,0.08,0.28,,0.26,0.23,0.01,0.14,,,,
299,Andrés Machado,WSN,109.1,0.30,,,0.33,0.21,0.17,,,,,
300,Luis Perdomo,MIL,23.2,,,,0.56,0.16,0.28,,,,,
301,Anthony Banda,4 Tms,33.2,0.37,,,0.18,0.35,0.03,0.08,,,,
302,Edwin Díaz,NYM,63,0.42,,,,,0.58,,,,,
303,Paul Blackburn,OAK,222,0.13,0.20,0.00,0.29,0.12,0.12,0.15,,,,
304,Dylan Covey,2 Tms,43,0.01,0.27,0.05,0.41,0.01,0.21,0.04,,,,
305,Michael Lorenzen,3 Tms,250.2,0.29,0.06,,0.17,0.22,0.25,0.02,,,,
306,Joe Mantiply,ARI,100,0.03,,,0.43,0.26,0.29,,,,,
307,Sam Moll,2 Tms,105.2,0.14,,,0.40,0.01,0.45,,,,,
308,Jon Gray,TEX,288.1,0.46,,,,0.10,0.38,0.05,,,,
309,Ben Lively,CIN,88.2,0.29,0.08,,0.22,0.10,0.23,0.07,,,,
310,Reyes Moronta,3 Tms,39,0.52,,,,0.10,0.38,,,,,
311,Chad Kuhl,2 Tms,175.1,0.11,,,0.33,0.06,0.38,0.11,0.00,,,
312,Scott Barlow,3 Tms,144.1,0.23,,,0.04,,0.42,0.32,,,,
313,Kyle Finnegan,WSN,137.2,0.74,,0.17,,,0.09,,,,,
314,Corey Knebel,PHI,44.2,0.70,,,,,0.03,0.27,,,,
315,Chase De Jong,PIT,83,0.45,,0.02,,0.01,0.30,0.22,,,,
316,Germán Márquez,COL,201.2,0.31,,,0.24,0.03,0.21,0.22,,,,
317,Lou Trivino,2 Tms,53.2,0.17,0.16,,0.31,0.11,0.24,0.02,,,,
318,Trevor Gott,3 Tms,103.2,0.27,,,0.25,0.03,0.37,0.09,,,,
319,Austin Voth,3 Tms,138.1,0.42,0.19,,,0.01,0.08,0.31,,,,
320,Yency Almonte,2 Tms,84,0.14,0.01,,0.30,0.06,0.49,,,,,
321,Rob Zastryzny,3 Tms,24.2,0.37,0.21,,,0.16,0.27,,,,,
322,Tyler Danish,BOS,40.1,0.08,0.01,,0.36,0.15,0.41,0.00,,,,
323,Ashton Goudeau,COL,20.1,0.55,,,,0.17,,0.28,,,,
324,Justin Topa,2 Tms,76.1,,0.17,,0.47,0.07,0.30,,,,,
325,Jimmy Yacabonis,3 Tms,27.2,,,,0.62,0.05,0.33,,,,,
326,Cole Sulser,2 Tms,39.1,0.49,,,,0.39,0.12,0.01,,,,
327,Keynan Middleton,3 Tms,67.2,0.32,,,,0.37,0.31,,,,,
328,Adam Cimber,2 Tms,93.1,0.37,,,0.30,,0.34,,,,,
329,Kevin Herget,2 Tms,31.1,0.42,0.12,,0.00,0.36,0.06,0.05,,,,
330,Andrew Heaney,2 Tms,220,0.59,,,,0.13,0.28,,,,,
331,Matthew Boyd,2 Tms,84.1,0.38,,,0.08,0.19,0.29,0.07,,,,
332,Zack Weiss,2 Tms,27.1,0.30,0.02,,0.01,,0.67,,,,,
333,Mike Mayers,2 Tms,77,0.41,0.09,,0.05,0.09,0.34,0.04,,,,
334,Marco Gonzales,SEA,233,0.28,0.17,,0.09,0.30,,0.16,,,,
335,Lucas Giolito,3 Tms,346,0.45,,,0.00,0.27,0.26,0.02,,,,
336,Antonio Senzatela,COL,100,0.55,,,0.04,0.08,0.27,0.06,,,,
337,Hunter Harvey,WSN,102,0.67,,0.17,,,0.08,0.07,,,,
338,Kendall Graveman,2 Tms,131.1,0.18,,,0.41,0.11,0.28,0.02,,,,
339,Tyler Rogers,SFG,151,0.01,,,0.52,,0.47,,,,,
340,Mark Leiter Jr.,CHC,134.2,0.16,0.15,0.29,0.25,,0.03,0.13,,,,
341,Chad Green,2 Tms,28,0.61,,0.01,,,0.38,,,,,
342,Nick Wittgren,2 Tms,58,0.34,0.17,,0.07,0.18,0.24,,,,,
343,Luis Castillo,2 Tms,352.1,0.40,0.00,,0.20,0.19,0.22,,,,,
344,Jimmy Cordero,NYY,32.2,0.01,,,0.70,0.01,0.28,,,,,
345,Brad Keller,KCR,185,0.26,0.09,0.04,0.20,0.03,0.34,0.05,,,,
346,Devin Williams,MIL,119.1,0.38,0.01,,,0.58,0.02,,,,,
347,Zack Littell,3 Tms,140.1,0.38,,0.17,0.07,,0.39,,,,,
348,Sean Manaea,2 Tms,275.2,0.26,,,0.34,0.21,0.20,,,,,
349,Víctor Arano,WSN,42,0.11,,,0.42,,0.47,,,,,
350,Jordan Romano,TOR,123,0.47,,,,,0.53,,,,,
351,Carlos Rodón,2 Tms,246.2,0.61,0.00,,,0.03,0.30,0.06,,,,
352,Aaron Nola,PHI,403,0.32,0.07,,0.19,0.14,,0.29,,,,
353,Spencer Turnbull,DET,31,,0.40,,0.20,0.11,0.22,0.07,,,,
354,Aaron Bummer,2 Tms,87,0.04,0.10,,0.50,0.01,0.35,,,,,
355,John Means,BAL,31.2,0.42,,,,0.33,0.14,0.11,,,,
356,Jesus Tinoco,TEX,20.2,0.04,,,0.44,0.01,0.43,0.08,,,,
357,Ryan Borucki,3 Tms,68.2,,,,0.33,0.12,0.56,,,,,
358,Tyler Mahle,2 Tms,146.1,0.52,0.14,0.23,,,0.10,0.00,,,,
359,Reynaldo López,3 Tms,131.1,0.60,,,,0.05,0.31,0.04,,,,
360,Yonny Chirinos,2 Tms,92,0.02,,0.25,0.47,0.00,0.26,,,,,
361,Victor González,2 Tms,34,,,,0.64,0.06,0.29,,,,,
362,Ryan Yarbrough,3 Tms,174.1,0.25,0.28,,0.01,0.21,0.27,,,,,
363,Jordan Montgomery,3 Tms,367,0.13,0.03,,0.39,0.23,,0.22,,,,
364,Austin Gomber,COL,268.1,0.43,,,0.00,0.18,0.22,0.17,,,,
365,Erik Swanson,2 Tms,120.1,0.44,0.02,0.38,,,0.17,,,,,
366,Bryan Abreu,HOU,134.2,0.43,,,0.00,0.00,0.53,0.04,,,,
367,J.P. Feyereisen,2 Tms,25.1,0.46,,,,0.27,0.28,,,,,
368,Jeff Brigham,2 Tms,61.2,0.38,0.12,,0.02,,0.48,,,,,
369,Ryan Thompson,2 Tms,74.2,0.08,0.01,0.01,0.53,,0.37,,,,,
370,Julian Merryweather,2 Tms,101,0.44,,,,0.08,0.47,0.01,,,,
371,Brock Stewart,MIN,29.2,0.40,0.20,,0.11,0.08,0.22,,,,,
372,Tim Hill,2 Tms,93.1,0.37,0.06,,0.50,,0.07,,,,,
373,Brennan Bernardino,2 Tms,53,0.03,,,0.53,0.01,0.41,0.02,,,,
374,Reed Garrett,3 Tms,29,0.40,,0.12,0.14,,0.32,0.02,,,,
375,Eric Stout,2 Tms,22.1,0.35,,,,0.12,0.47,0.06,,,,
376,Luke Weaver,5 Tms,160.2,0.47,0.09,,0.01,0.22,0.11,0.11,,,,
377,Touki Toussaint,3 Tms,112.1,0.20,,0.19,0.29,,0.02,0.30,,,,
378,Elieser Hernández,MIA,62.1,0.44,0.00,,0.07,0.13,0.36,,,,,
379,Luis F. Ortiz,2 Tms,28.1,0.14,,,0.30,0.07,0.40,0.09,,,,
380,Sean Newcomb,3 Tms,42.2,0.54,0.20,,0.02,0.02,0.10,0.12,,,,
381,Trevor Williams,2 Tms,234,0.46,,,0.14,0.16,0.18,0.06,,,,
382,Tyler Beede,3 Tms,63.1,0.27,0.15,0.02,0.20,0.26,0.00,0.11,,,,
383,Pablo López,2 Tms,381,0.37,0.05,,0.09,0.28,0.11,0.10,,,,
384,Domingo Acevedo,OAK,77,0.43,,,,0.22,0.35,,,,,
385,Austin Davis,2 Tms,56,0.44,,,0.01,0.16,0.38,0.00,,,,
386,Raisel Iglesias,2 Tms,118.2,0.33,,,0.17,0.29,0.21,,,,,
387,Gabe Speier,2 Tms,75.1,0.22,,,0.42,0.02,0.34,,,,,
388,Dinelson Lamet,3 Tms,60,0.37,,,0.12,0.01,0.50,,,,,
389,Jalen Beeks,2 Tms,106,0.47,0.05,,,0.47,0.02,,,,,
390,Ranger Suárez,PHI,285.1,0.20,0.10,,0.35,0.20,0.02,0.13,,,,
391,Javy Guerra,3 Tms,37.1,0.26,0.08,,0.44,,0.22,,,,,
392,Framber Valdez,HOU,404,0.01,0.02,,0.49,0.12,0.10,0.26,,,,
393,Justin Steele,CHC,297,0.24,0.36,,0.04,0.01,0.32,0.02,,,,
394,Brett Martin,TEX,50,0.10,,,0.36,,0.18,0.37,,,,
395,Erick Fedde,2 Tms,131.2,,0.27,,0.40,0.04,0.29,,,,,
396,Jeff Hoffman,2 Tms,98.2,0.43,,0.21,0.00,,0.36,,,,,
397,Jonathan Hernández,TEX,62,0.00,,,0.45,0.15,0.40,,,,,
398,Daniel Duarte,2 Tms,36.1,0.30,0.17,,0.24,0.07,0.22,,,,,
399,Albert Abreu,3 Tms,97.2,0.10,,,0.49,0.13,0.29,,,,,
400,Spenser Watkins,2 Tms,109.2,0.38,0.28,0.00,0.03,0.04,0.17,0.10,,,,
401,Génesis Cabrera,2 Tms,101.1,0.34,,,0.17,0.10,0.19,0.20,,,,
402,Diego Castillo,SEA,63,0.06,,,0.30,0.02,0.62,,,,,
403,Jimmy Herget,LAA,98,0.04,,0.02,0.25,0.05,0.33,0.31,,,,
404,Tanner Scott,MIA,142.2,0.42,,,,,0.58,,,,,
405,Mitch Keller,PIT,359,0.29,0.13,,0.23,0.05,0.19,0.11,,,,
406,Cristian Javier,HOU,316.2,0.59,,,,0.05,0.29,0.08,,,,
407,Tanner Rainey,WSN,32,0.69,,,,0.01,0.30,,,,,
408,Taylor Clarke,KCR,108,0.35,,,,0.18,0.47,,,,,
409,Jeffrey Springs,TBR,151.1,0.41,,,,0.35,0.25,,,,,
410,Ralph Garza Jr.,TBR,35,0.14,0.09,,0.34,0.18,0.23,0.02,,,,
411,Jose Cuas,2 Tms,104.1,0.13,,,0.54,0.03,0.30,,,,,
412,Trevor Megill,2 Tms,81.2,0.63,,,0.00,,0.08,0.30,,,,
413,Nabil Crismatt,3 Tms,82.1,0.22,0.01,,0.06,0.50,0.01,0.20,,,,
414,Evan Phillips,LAD,126.2,0.19,0.26,,0.11,,0.45,,,,,
415,Tyler Alexander,2 Tms,150,0.25,0.30,,0.17,0.18,0.10,,,,,
416,José Alvarado,PHI,94,0.01,0.42,,0.56,,,0.01,,,,
417,Adbert Alzolay,CHC,79.1,0.23,0.13,,0.19,0.02,0.44,,,,,
418,Ian Gibaut,2 Tms,111.2,0.44,0.26,,,0.09,0.21,,,,,
419,Nestor Cortes,NYY,226.2,0.49,0.30,,,0.04,0.18,0.00,,,,
420,Dennis Santana,2 Tms,69.1,0.10,,,0.38,0.13,0.40,,,,,
421,Tayler Saucedo,2 Tms,51.2,0.02,,,0.41,0.25,0.27,0.06,,,,
422,Garrett Cleavinger,2 Tms,38,0.35,0.00,,0.20,0.01,0.42,0.02,,,,
423,Trent Thornton,2 Tms,79,0.38,0.05,,0.08,,0.37,0.13,,,,
424,Tyler Gilbert,ARI,51.2,0.23,0.39,,0.16,0.11,,0.12,,,,
425,Peter Lambert,COL,88.1,0.45,,,,0.20,0.32,0.03,,,,
426,Logan Webb,SFG,414.1,0.03,0.00,,0.34,0.36,0.27,,,,,
427,Pete Fairbanks,TBR,70.1,0.53,,0.00,,0.01,0.46,,,,,
428,Triston McKenzie,CLE,207.1,0.57,,,,,0.22,0.21,,,,
429,Ryan Helsley,STL,102.1,0.56,,,,0.00,0.34,0.09,,,,
430,Anthony Misiewicz,5 Tms,40,0.28,0.36,,,0.00,0.06,0.30,,,,
431,James Naile,STL,24.1,0.02,0.05,,0.54,0.05,,0.35,,,,
432,Art Warren,CIN,36,0.42,,,,,0.58,,,,,
433,Jarlín García,SFG,65,0.43,,,,0.29,0.28,,,,,
434,Tyler Kinley,COL,42.1,0.42,,,0.01,0.01,0.56,,,,,
435,Andrew Suárez,STL,27.2,0.47,,,0.01,0.18,0.23,0.11,,,,
436,Josh Sborz,TEX,76.2,0.42,,,,,0.34,0.25,,,,
437,Taylor Hearn,3 Tms,115,0.48,0.02,,0.14,0.08,0.28,,,,,
438,James Kaprielian,OAK,195,0.46,,,0.09,0.10,0.25,0.11,,,,
439,Alex Young,3 Tms,80.1,0.04,0.00,,0.32,0.35,0.24,0.05,,,,
440,Josh Staumont,KCR,57.2,0.50,,0.00,0.12,,0.07,0.30,,,,
441,Nick Anderson,2 Tms,36.1,0.50,,,,,0.50,,,,,
442,Jaime Barria,LAA,161.2,0.28,,,0.10,0.14,0.49,,,,,
443,Connor Overton,CIN,44,0.26,0.04,,0.20,0.20,0.21,0.09,,,,
444,Michael Soroka,2 Tms,37.1,0.32,,,0.23,0.18,0.27,,,,,
445,José Urquidy,HOU,227.1,0.49,0.03,,0.03,0.17,0.15,0.13,,,,
446,Trevor Kelley,2 Tms,39,0.02,0.05,,0.58,0.05,0.30,,,,,
447,Kenta Maeda,2 Tms,107.2,0.27,0.00,0.32,0.06,,0.31,0.04,,,,
448,Josh Rogers,WSN,26.1,0.42,,,0.13,0.10,0.35,,,,,
449,Sam Hentges,CLE,114.1,0.34,,,0.23,,0.15,0.28,,,,
450,A.J. Minter,ATL,136.2,0.49,0.35,,,0.16,,,,,,
451,Jake Woodford,STL,96,0.13,0.03,,0.45,0.04,0.25,0.09,,,,
452,Freddy Peralta,MIL,249.2,0.52,,,0.00,0.13,0.21,0.13,,,,
453,Sandy Alcantara,MIA,413.1,0.23,,,0.27,0.28,0.21,0.01,,,,
454,Kolby Allard,2 Tms,33.1,0.50,0.22,,,0.15,,0.13,,,,
455,Cody Poteet,MIA,28,0.27,,,0.11,0.38,0.21,0.03,,,,
456,Dillon Peters,PIT,39.1,0.23,,,0.27,0.24,0.11,0.14,,,,
457,Pedro Avila,SDP,58.1,0.34,,0.24,0.19,0.03,0.02,0.20,,,,
458,Tommy Nance,MIA,43.2,0.14,,,0.28,,0.18,0.39,,,,
459,Kirby Snead,OAK,56.1,0.11,,,0.44,0.07,0.38,,,,,
460,José Quijada,LAA,49.2,0.85,,,,0.11,,0.04,,,,
461,Jesse Scholtens,CHW,85,0.44,,0.04,,,0.37,0.17,,,,
462,Dakota Hudson,STL,221,0.19,0.29,,0.37,0.04,0.11,,,,,
463,Mitch White,2 Tms,114.2,0.44,0.06,,0.07,0.04,0.25,0.16,,,,
464,Cole Irvin,2 Tms,258.1,0.31,0.07,,0.24,0.19,0.14,0.05,,,,
465,Ian Hamilton,2 Tms,63.2,0.24,,,0.22,,0.54,,,,,
466,Thomas Hatch,2 Tms,33.1,0.16,0.03,,0.23,0.26,0.33,,,,,
467,Justin Dunn,CIN,31,0.49,0.01,,,0.05,0.24,0.21,,,,
468,Vladimir Gutierrez,2 Tms,40.2,0.48,,,,0.17,0.23,0.12,,,,
469,Zac Gallen,ARI,399,0.49,0.11,,0.00,0.14,0.04,0.22,,,,
470,Trevor Richards,TOR,138.2,0.44,,,,0.48,0.08,,,,,
471,Cal Quantrill,2 Tms,291,0.17,0.31,0.05,0.29,0.11,,0.07,,,,
472,Joey Lucchesi,NYM,46.2,0.23,,0.01,0.51,0.25,,,,,,
473,Richard Lovelady,OAK,23.1,0.31,,,0.21,0.01,0.47,,,,,
474,A.J. Puk,2 Tms,125,0.48,0.00,0.01,0.11,0.00,0.40,,,,,
475,Caleb Ferguson,2 Tms,97.1,0.67,,,0.00,,0.33,,,,,
476,Dean Kremer,BAL,298,0.36,0.27,,0.12,0.14,0.02,0.10,,,,
477,Lucas Erceg,OAK,56.2,0.28,,,0.31,0.23,0.07,0.12,,,,
478,Keegan Akin,BAL,106.1,0.54,,,,0.17,0.28,0.00,,,,
479,Walker Buehler,LAD,65,0.34,0.25,,0.05,0.08,0.12,0.17,,,,
480,Tony Gonsolin,LAD,233.1,0.39,,0.27,,,0.20,0.13,,,,
481,Colin Poche,TBR,120,0.71,,,,,0.21,0.07,,,,
482,Ronel Blanco,HOU,58.1,0.41,,,,0.09,0.48,0.02,,,,
483,Dane Dunning,TEX,326,0.01,0.17,,0.37,0.18,0.26,0.02,,,,
484,Shane Bieber,CLE,334,0.35,0.17,,0.00,0.03,0.29,0.16,,,,
485,Yohan Ramírez,5 Tms,79,0.07,,,0.63,0.02,0.28,0.01,,,,
486,Patrick Sandoval,LAA,295,0.24,,,0.13,0.25,0.29,0.09,,,,
487,Jorge Alcala,MIN,20.1,0.22,,,0.14,0.20,0.44,,,,,
488,Andrew Vasquez,4 Tms,57,0.06,,,0.08,0.01,0.85,,,,,
489,Devin Smeltzer,2 Tms,92.2,0.40,0.09,,0.01,0.26,0.08,0.17,,,,
490,Zach Jackson,OAK,66,0.56,,,,0.01,,0.44,,,,
491,Jason Foley,DET,130.2,0.04,,,0.66,0.10,0.20,,,,,
492,Jimmy Lambert,CHW,84.2,0.44,0.01,,,0.12,0.31,0.12,,,,
493,Stephen Nogosek,NYM,47.2,0.53,0.22,,0.00,0.06,0.17,0.02,,,,
494,David Bednar,PIT,121,0.56,,0.17,,,,0.27,,,,
495,JoJo Romero,2 Tms,55,0.18,0.01,,0.31,0.28,0.23,,,,,
496,Sean Poppen,ARI,28.2,,,,0.62,0.03,0.34,,,,,
497,Cionel Pérez,BAL,111,0.36,,,0.26,,0.34,0.04,,,,
498,Jordan Hicks,3 Tms,132,0.06,,0.02,0.64,0.01,0.26,0.02,,,,
499,Matt Foster,CHW,45,0.53,,,,0.10,0.31,0.07,,,,
500,Kyle Wright,ATL,211.1,0.19,,,0.25,0.14,0.06,0.36,,,,
501,Jason Alexander,MIL,71.2,0.04,,,0.57,0.16,0.23,,,,,
502,Gregory Soto,2 Tms,122,0.23,,,0.47,0.01,0.30,,,,,
503,Connor Seabold,2 Tms,105.2,0.54,,,,0.15,0.29,0.02,,,,
504,Matt Swarmer,CHC,34,0.39,,,,0.02,0.59,,,,,
505,Anthony Bender,MIA,21.1,0.01,,,0.60,0.05,0.33,,,,,
506,Jonathan Loáisiga,NYY,68.2,0.03,,,0.65,0.14,0.19,0.00,,,,
507,Reiver Sanmartin,CIN,71,0.18,,,0.24,0.34,0.24,,,,,
508,Wil Crowe,PIT,85.2,0.17,,,0.19,0.28,0.33,0.03,,,,
509,Bryan Baker,BAL,114.2,0.56,,,,0.16,0.27,0.00,,,,
510,Daniel Castano,MIA,38.2,0.12,0.40,,0.08,0.12,0.28,,,,,
511,Michael King,2 Tms,163,0.23,,,0.34,0.13,0.30,,,,,
512,Griffin Canning,LAA,132,0.36,,,0.00,0.22,0.29,0.13,,,,
513,Drew Carlton,2 Tms,29.1,0.43,,,0.25,0.12,0.19,,,,,
514,Tucker Davidson,3 Tms,103.1,0.39,,0.04,0.02,0.02,0.50,0.04,,,,
515,Alex Faedo,DET,120,0.50,,,,0.13,0.37,,,,,
516,Kevin Ginkel,ARI,96.2,0.51,,,0.07,0.00,0.42,,,,,
517,Tanner Houck,BOS,166,0.15,0.07,0.09,0.30,,0.39,,,,,
518,Alex Lange,DET,129.2,0.03,,,0.28,0.15,,0.54,,,,
519,Corbin Martin,ARI,22.1,0.55,,,,0.17,0.11,0.18,,,,
520,Clarke Schmidt,NYY,222,0.04,0.21,,0.24,0.02,0.30,0.19,,,,
521,Tony Santillan,CIN,23,0.49,,,,,0.51,,,,,
522,Ian Anderson,ATL,111.2,0.48,,,,0.33,,0.19,,,,
523,Joey Wentz,DET,138.1,0.45,0.24,,,0.17,,0.14,,,,
524,Tyson Miller,4 Tms,26,,0.52,,0.12,0.04,0.23,0.09,,,,
525,Zach Plesac,CLE,153,0.42,,,0.00,0.22,0.27,0.09,,,,
526,Bryse Wilson,2 Tms,192.2,0.21,0.14,0.03,0.33,0.06,0.10,0.13,,,,
527,Joel Kuhnel,2 Tms,71,0.28,,0.15,0.29,,0.29,,,,,
528,Dylan Lee,ATL,76.1,0.44,,,,0.09,0.47,,,,,
529,Tyler Wells,BAL,228.1,0.39,0.11,,,0.19,0.24,0.08,,,,
530,Kenny Rosenberg,LAA,43.2,0.44,,,,0.37,0.14,0.06,,,,
531,Wyatt Mills,2 Tms,29.1,0.28,,,0.34,,0.38,,,,,
532,John Schreiber,2 Tms,112.2,0.29,0.00,,0.25,0.08,0.38,,,,,
533,Adrian Morejon,SDP,43.2,0.66,,0.03,0.01,0.02,0.15,0.13,,,,
534,Kaleb Ort,BOS,51.1,0.65,0.01,,,0.05,0.29,,,,,
535,Mauricio Llovera,2 Tms,51.1,0.00,0.02,,0.57,,0.41,,,,,
536,Chris Paddack,MIN,27.1,0.51,,,,0.28,0.04,0.17,,,,
537,Calvin Faucher,TBR,47,0.34,0.27,,0.01,,0.27,0.12,,,,
538,Adam Oller,OAK,94,0.38,0.22,,0.05,0.11,0.24,,,,,
539,James Karinchak,CLE,78,0.58,,,,,,0.42,,,,
540,Nick Nelson,PHI,74,0.42,,,0.01,0.30,0.26,0.00,,,,
541,Nate Pearson,TOR,44.1,0.61,,,,,0.25,0.14,,,,
542,Kyle Muller,2 Tms,92,0.51,,,0.00,0.09,0.25,0.16,,,,
543,Zach Pop,2 Tms,52.2,,,,0.73,0.00,0.27,,,,,
544,Chad Smith,2 Tms,31.2,,,,0.62,0.02,0.36,,,,,
545,Garrett Whitlock,BOS,155,0.00,0.00,,0.56,0.22,0.21,,,,,
546,Eli Morgan,CLE,136,0.47,,,,0.30,0.23,0.00,,,,
547,Zach Logue,2 Tms,68,0.48,0.19,,0.02,0.15,0.17,,,,,
548,Griffin Jax,MIN,139.2,0.29,0.02,,0.06,0.12,0.50,0.02,,,,
549,Cory Abbott,WSN,87.1,0.49,,,,0.18,0.10,0.24,,,,
550,Jhonathan Diaz,LAA,22.1,0.29,,,0.19,0.17,0.28,0.07,,,,
551,Erich Uelmen,2 Tms,28,0.30,,,0.32,0.09,0.29,,,,,
552,Zack Kelly,BOS,23,0.47,,,,0.37,0.16,,,,,
553,Brusdar Graterol,LAD,117,0.10,0.26,,0.43,,0.21,,,,,
554,Matt Manning,DET,141,0.50,,,0.03,0.05,0.28,0.14,,,,
555,Andrés Muñoz,SEA,115.1,0.34,,,0.09,,0.57,,,,,
556,Josh Fleming,2 Tms,90,0.03,0.08,,0.49,0.24,0.11,0.05,,,,
557,Jovani Moran,MIN,83,0.48,,,,0.46,0.05,0.00,,,,
558,Rony García,DET,51,0.45,,,0.13,0.10,0.32,,,,,
559,Nick Sandlin,CLE,106,0.24,,,0.23,0.06,0.48,,,,,
560,Denyi Reyes,2 Tms,27.1,0.34,0.14,,0.09,0.16,0.25,0.02,,,,
561,Kutter Crawford,BOS,212.2,0.38,0.29,0.08,,,0.12,0.14,,,,
562,Edwin Uceta,2 Tms,20,0.54,0.01,,,0.30,0.16,,,,,
563,Grant Anderson,TEX,35.2,0.17,,,0.28,0.05,0.50,,,,,
564,Bowden Francis,TOR,37,0.52,,,,0.00,0.14,0.34,,,,
565,Kirk McCarty,CLE,37.2,0.39,,,,0.08,0.44,0.09,,,,
566,Jackson Tetreault,WSN,21,0.58,,,,0.03,0.32,0.08,,,,
567,Yusei Kikuchi,TOR,272.2,0.48,0.02,,0.00,0.11,0.34,0.05,,,,
568,Félix Bautista,BAL,126.2,0.08,,0.26,0.58,,,0.09,,,,
569,Elvin Rodriguez,2 Tms,33,0.51,,,0.02,0.13,0.26,0.07,,,,
570,Eduard Bazardo,3 Tms,32.1,0.28,,0.09,0.18,,,0.45,,,,
571,Francisco Pérez,2 Tms,25.1,0.41,,,0.14,0.12,0.32,0.02,,,,
572,Adrián Martínez,OAK,112.2,,,,0.55,0.26,0.20,,,,,
573,Oliver Ortega,2 Tms,48.2,0.47,,,0.07,,0.14,0.32,,,,
574,Jhoan Duran,MIN,130,0.47,,0.00,0.22,,0.02,0.29,,,,
575,Emmanuel Clase,CLE,146.1,,0.65,,0.00,,0.35,,,,,
576,Seth Martinez,HOU,83,0.37,0.02,,0.18,0.14,0.28,,,,,
577,Nick Vespi,BAL,41,0.49,,,0.00,,0.33,0.17,,,,
578,Miguel Yajure,PIT,24.1,0.30,0.07,,0.07,0.20,0.11,0.26,,,,
579,Alexis Díaz,CIN,131.1,0.56,,,,,0.44,,,,,
580,Dany Jiménez,OAK,60,0.38,,,,0.00,0.62,,,,,
581,Humberto Castellanos,ARI,44.1,0.11,,,0.32,0.10,0.25,0.21,,,,
582,Connor Brogdon,PHI,74.1,0.33,0.25,,,0.43,,,,,,
583,J.P. France,HOU,142,0.43,0.19,,0.00,0.15,0.09,0.14,,,,
584,Bailey Ober,MIN,201.2,0.47,,,,0.25,0.21,0.08,,,,
585,Allan Winans,ATL,32.1,0.23,,,0.25,0.28,0.25,,,,,
586,Jake Bird,COL,140,0.00,0.18,,0.59,0.01,0.04,0.18,,,,
587,Tommy Doyle,COL,23.2,0.42,0.50,,0.01,,0.07,,,,,
588,Lucas Gilbreath,COL,43,0.73,,0.01,,0.01,0.25,,,,,
589,Andre Jackson,2 Tms,71,0.44,0.16,,,0.35,,0.06,,,,
590,Parker Mushinski,HOU,23.1,0.19,0.31,,0.04,0.01,0.16,0.30,,,,
591,Bennett Sousa,3 Tms,29.1,0.45,,,0.02,,0.54,,,,,
592,Glenn Otto,TEX,146.1,0.21,0.02,,0.26,0.07,0.30,0.15,,,,
593,Peter Strzelecki,2 Tms,72,0.45,,,0.10,0.16,0.30,,,,,
594,Joe Ryan,MIN,314,0.58,0.00,0.12,0.00,0.08,0.18,0.03,,,,
595,Yerry De Los Santos,PIT,50,0.01,,,0.60,0.08,0.31,,,,,
596,Ryan Feltner,COL,145.2,0.33,,,0.19,0.09,0.31,0.08,,,,
597,Davis Martin,CHW,63.1,0.46,,,,0.11,0.32,0.12,,,,
598,Konnor Pilkington,CLE,60,0.64,,,,0.21,0.08,0.07,,,,
599,Kris Bubic,KCR,145,0.50,,,,0.27,0.02,0.21,,,,
600,Cole Sands,MIN,54.1,0.45,0.01,0.20,0.05,0.01,0.29,,,,,
601,Sean Hjelle,SFG,54,0.00,,,0.54,0.05,0.41,,,,,
602,Shane McClanahan,TBR,281.1,0.38,,,,0.26,0.15,0.21,,,,
603,Thaddeus Ward,WSN,35.1,0.05,0.20,,0.38,0.02,0.36,,,,,
604,Hogan Harris,OAK,63,0.46,0.20,,,0.20,0.09,0.05,,,,
605,James McArthur,KCR,24.1,0.01,0.02,,0.34,,0.24,0.39,,,,
606,Daniel Lynch IV,KCR,184,0.43,0.05,,0.03,0.21,0.25,0.04,,,,
607,Jackson Kowar,KCR,43.2,0.41,,,,0.38,0.21,,,,,
608,Tristan Beck,SFG,85,0.37,,,,0.00,0.55,0.08,,,,
609,Jake Cousins,MIL,22.2,0.14,,,0.30,0.00,0.55,,,,,
610,Luis Medina,OAK,109.2,0.42,,,0.14,0.09,0.24,0.12,,,,
611,Elvis Peguero,2 Tms,80.2,,,,0.46,,0.54,,,,,
612,Edward Cabrera,MIA,171.1,0.25,,,0.10,0.32,0.11,0.22,,,,
613,Javier Assad,CHC,147,0.21,0.27,,0.30,0.05,0.12,0.05,,,,
614,José Marte,LAA,20.1,0.37,,,0.15,0.10,0.38,,,,,
615,Braxton Garrett,MIA,247.2,0.14,0.11,,0.29,0.09,0.28,0.09,,,,
616,Mason Thompson,WSN,78.2,0.05,,,0.61,0.01,0.27,0.06,,,,
617,George Soriano,MIA,53.1,0.40,,,,0.22,0.38,,,,,
618,Jordan Balazovic,MIN,24.1,0.47,,0.09,,,0.20,0.24,,,,
619,Gregory Santos,2 Tms,70,0.08,,,0.39,,0.53,,,,,
620,Camilo Doval,SFG,136,0.00,0.32,,0.28,,0.40,,,,,
621,Luis Frías,ARI,50,0.47,0.29,,0.00,0.04,0.01,0.19,,,,
622,John King,2 Tms,89.1,0.00,0.05,,0.53,0.30,0.12,,,,,
623,José Soriano,LAA,45,0.28,0.04,,0.27,,0.40,0.00,,,,
624,MacKenzie Gore,2 Tms,206.1,0.60,,,,0.04,0.18,0.18,,,,
625,DL Hall,2 Tms,37,0.53,,,,0.19,0.23,0.06,,,,
626,Jonathan Heasley,KCR,119,0.48,,,,0.21,0.14,0.17,,,,
627,Logan Gilbert,SEA,383.1,0.48,0.00,0.07,0.01,0.04,0.27,0.13,,,,
628,Shane Baz,TBR,27,0.40,,,,0.08,0.37,0.14,,,,
629,Tarik Skubal,DET,204,0.30,,,0.18,0.19,0.26,0.07,,,,
630,Dylan Coleman,KCR,86.1,0.53,0.06,,0.00,,0.41,,,,,
631,Joe Barlow,TEX,44.2,0.32,,,,,0.61,0.07,,,,
632,Josh Winckowski,BOS,156.2,0.09,0.24,,0.38,0.07,0.22,0.00,,,,
633,Logan Gillaspie,BAL,26.1,0.46,,,,0.20,0.23,0.11,,,,
634,Johan Oviedo,2 Tms,233.2,0.44,,,,0.05,0.37,0.14,,,,
635,Angel Zerpa,KCR,54.2,0.36,,,0.21,0.19,0.24,0.00,,,,
636,Roansy Contreras,PIT,163.1,0.45,,,,0.03,0.39,0.13,,,,
637,Luis Patiño,2 Tms,41.2,0.36,,,0.22,0.12,0.30,0.01,,,,
638,Joan Adon,WSN,116.1,0.56,,,0.06,0.10,0.05,0.22,,,,
639,Osvaldo Bido,PIT,50.2,0.28,,,0.24,0.10,0.39,,,,,
640,Michael Grove,LAD,101.1,0.39,0.06,,0.01,0.00,0.33,0.01,0.20,,,
641,Spencer Howard,TEX,41,0.49,,,,0.04,0.37,0.10,,,,
642,Cody Bolton,2 Tms,24.1,0.50,0.02,,0.01,0.18,0.29,,,,,
643,Packy Naughton,STL,37,0.33,0.03,,0.21,0.25,0.19,,,,,
644,José Buttó,NYM,46,0.51,0.14,,0.05,0.22,0.02,0.07,,,,
645,Robert Garcia,2 Tms,34,0.48,,,,0.28,0.24,,,,,
646,Beau Sulser,2 Tms,22.1,0.37,0.23,,,0.32,,0.08,,,,
647,JP Sears,2 Tms,246,0.52,0.01,,0.00,0.16,0.32,,,,,
648,Tom Cosgrove,SDP,53.2,0.24,,,0.24,0.00,0.52,,,,,
649,Keaton Winn,SFG,42.1,0.26,,0.55,0.16,,0.04,,,,,
650,Aaron Ashby,MIL,107.1,0.03,,,0.35,0.21,0.29,0.13,,,,
651,Luis Garcia,HOU,184.1,0.40,0.31,,0.00,0.09,0.09,0.10,,,,
652,Justin Bruihl,2 Tms,51.2,0.00,0.49,,0.25,,0.26,,,,,
653,Ryan Weathers,2 Tms,65.1,0.55,,,0.00,0.24,0.21,,,,,
654,Ray Kerr,SDP,32,0.49,0.05,,0.01,0.04,,0.41,,,,
655,Brayan Bello,BOS,219.1,0.20,0.01,,0.36,0.24,0.19,0.00,,,,
656,Grayson Rodriguez,BAL,128,0.50,0.06,,,0.23,0.14,0.09,,,,
657,Josiah Gray,WSN,311.2,0.28,0.06,,0.10,0.02,0.33,0.20,,,,
658,Kyle Bradish,BAL,286.1,,0.32,,0.14,0.08,0.31,0.15,,,,
659,Drew Rom,STL,33.2,0.44,,0.08,0.24,0.00,0.24,,,,,
660,Austin Cox,KCR,35.2,0.49,,,,0.15,0.21,0.15,,,,
661,Josh Winder,MIN,101.2,0.35,,,0.02,0.18,0.34,0.11,,,,
662,Randy Vásquez,NYY,37.2,0.26,0.16,,0.22,0.12,0.23,,,,,
663,Gus Varland,2 Tms,20.2,0.50,,,,0.05,0.45,,,,,
664,Andrew Wantz,LAA,89.2,0.45,0.22,,,0.06,0.28,,,,,
665,Reese Olson,DET,103.2,0.29,,,0.20,0.15,0.31,0.06,,,,
666,Cooper Criswell,TBR,36.1,,0.24,,0.36,0.12,0.28,,,,,
667,Colin Selby,PIT,24,,,,0.47,,0.36,0.17,,,,
668,Alex Vesia,LAD,106.1,0.66,,,,0.03,0.32,,,,,
669,Lane Ramsey,CHW,20,0.49,,,,,0.51,,,,,
670,Garrett Hill,DET,76,0.50,,,0.08,0.11,0.20,0.10,,,,
671,Tim Herrin,CLE,29.2,0.41,0.40,,0.06,,0.13,,,,,
672,Penn Murfee,SEA,83.1,0.40,,,0.07,,0.53,,,,,
673,Joe Jacques,BOS,26.2,,,,0.63,0.02,0.35,,,,,
674,Abner Uribe,MIL,32.2,0.06,,,0.62,,0.33,,,,,
675,Nick Mears,2 Tms,23.1,0.61,,,,,0.17,0.22,,,,
676,Brady Singer,KCR,320,0.02,,,0.51,0.07,0.41,,,,,
677,Sam Long,2 Tms,87.1,0.47,,,,0.18,0.06,0.29,,,,
678,Drew Rasmussen,TBR,190.2,0.34,0.25,,0.06,,0.30,0.05,,,,
679,Cody Morris,CLE,31.2,0.43,0.33,,,0.16,,0.09,,,,
680,Brandon Williamson,CIN,117,0.37,0.30,,0.00,0.17,0.10,0.06,,,,
681,Joe La Sorsa,2 Tms,32.2,0.01,,,0.50,0.04,0.45,,,,,
682,Matt Waldron,SDP,41.1,0.19,0.11,,0.25,,0.16,,,0.29,,
683,Isaiah Campbell,2 Tms,30.2,0.45,0.38,,,,0.17,,,,,
684,Sammy Peralta,CHW,20,,,,0.37,0.36,0.27,,,,,
685,Xzavion Curry,CLE,104.1,0.50,,,,0.04,0.35,0.11,,,,
686,Hunter Gaddis,CLE,51.1,0.43,0.03,,,0.18,0.30,0.06,,,,
687,Kevin Kelly,TBR,67,0.02,0.10,,0.48,,0.41,,,,,
688,Matt Brash,SEA,121.1,0.35,0.01,,0.02,0.00,0.49,0.13,,,,
689,Peyton Battenfield,CLE,34.2,0.46,0.40,,,0.04,,0.11,,,,
690,Noah Davis,COL,31,0.01,0.17,0.00,0.49,0.09,0.17,0.07,,,,
691,Hunter Brown,HOU,180,0.47,0.01,,0.00,0.05,0.24,0.24,,,,
692,Yennier Cano,2 Tms,91.2,0.03,,,0.51,0.29,0.18,,,,,
693,Darius Vines,ATL,20.1,0.33,0.33,,,0.25,0.09,,,,,
694,Andrew Nardi,MIA,73.2,0.61,,,,0.03,0.36,,,,,
695,Quinn Priester,PIT,50,0.19,,,0.34,0.10,0.24,0.13,,,,
696,Brendan White,DET,40.2,0.33,0.31,,0.07,0.01,0.29,,,,,
697,Sawyer Gipson-Long,DET,20,0.24,0.01,,0.19,0.24,0.32,,,,,
698,Brandon Walter,BOS,23,0.04,0.31,,0.26,0.16,0.23,,,,,
699,Beau Brieske,DET,116.2,0.44,,,0.11,0.23,0.19,0.03,,,,
700,Andre Pallante,STL,179,0.59,,,0.07,0.00,0.19,0.16,,,,
701,Amos Willingham,WSN,24.1,0.62,,,,0.03,0.35,,,,,
702,Chris Murphy,BOS,47.2,0.39,0.31,,,0.06,0.05,0.18,,,,
703,Jackson Rutledge,WSN,20,0.45,,,0.15,0.13,0.22,0.06,,,,
704,Ryan Pepiot,LAD,78.1,0.54,0.16,,,0.30,,,,,,
705,Nick Robertson,2 Tms,22.1,0.53,,,,0.32,0.15,,,,,
706,Tyler Holton,2 Tms,96.2,0.28,0.20,,0.12,0.23,0.12,0.05,,,,
707,Ryne Nelson,ARI,162.1,0.56,,,,0.13,0.25,0.06,,,,
708,Drey Jameson,ARI,65,0.30,0.00,,0.29,0.12,0.27,0.03,,,,
709,Bryan Hoeing,MIA,87.1,0.08,,0.01,0.55,0.07,0.30,,,,,
710,Nick Lodolo,CIN,137.2,0.37,0.00,,0.20,0.11,0.10,0.22,,,,
711,Alek Manoah,TOR,284,0.33,0.00,,0.27,0.12,0.28,,,,,
712,Alec Marsh,KCR,74.1,0.37,,,0.07,0.15,0.26,0.15,,,,
713,Jared Shuster,ATL,52.2,0.44,,,,0.23,0.33,,,,,
714,Bryce Jarvis,ARI,26.2,0.50,,,0.02,0.11,0.33,0.04,,,,
715,Bobby Miller,LAD,130.1,0.26,,,0.22,0.16,0.17,0.18,,,,
716,Karl Kauffmann,COL,35,0.17,0.11,,0.36,0.20,0.16,,,,,
717,Spencer Strider,ATL,323.1,0.62,,,,0.06,0.32,0.00,,,,
718,Slade Cecconi,ARI,27,0.59,,,,0.05,0.27,0.10,,,,
719,Kohei Arihara,TEX,20,0.03,0.25,0.12,0.25,0.20,0.14,0.00,,,,
720,Jared Koenig,OAK,39.1,0.43,0.22,,,0.13,,0.22,,,,
721,Graham Ashcraft,CIN,250.2,0.22,0.30,,0.15,0.00,0.33,,,,,
722,Carmen Mlodzinski,PIT,36,0.50,0.13,,0.00,0.15,0.22,,,,,
723,Hayden Wesneski,CHC,122.1,0.28,0.11,,0.20,0.06,0.35,,,,,
724,Logan Allen,CLE,130.1,0.45,0.11,,0.01,0.21,0.22,,,,,
725,Cody Bradford,TEX,61,0.54,0.14,,,0.28,0.04,,,,,
726,Luis L. Ortiz,PIT,106.2,0.27,0.00,,0.28,0.12,0.33,,,,,
727,Connor Phillips,CIN,20.2,0.63,,,,0.01,0.26,0.10,,,,
728,Ken Waldichuk,OAK,175.2,0.55,,,,0.16,0.26,0.03,,,,
729,Louie Varland,MIN,94,0.44,,,0.01,0.12,0.42,0.01,,,,
730,Kyle Harrison,SFG,40.2,0.62,0.02,,,0.12,,0.25,,,,
731,Eury Pérez,MIA,91.1,0.46,,,,0.10,0.31,0.13,,,,
732,Bryce Elder,ATL,228.2,0.12,0.02,,0.39,0.14,0.33,,,,,
733,Brandon Pfaadt,ARI,101,0.45,,,0.11,0.12,0.27,0.05,,,,
734,Gavin Stone,LAD,36,0.28,0.01,,0.16,0.35,0.20,0.01,,,,
735,Daniel Palencia,CHC,28.1,0.64,,,0.03,0.01,0.30,0.01,,,,
736,Bryce Miller,SEA,136.1,0.58,0.18,0.01,0.08,0.05,0.09,0.01,,,,
737,Emmet Sheehan,LAD,60.1,0.60,,,,0.17,0.23,,,,,
738,Andrew Abbott,CIN,109.1,0.50,,,0.00,0.16,0.17,0.17,,,,
739,Dylan Dodd,ATL,34.1,0.49,0.05,,,0.18,0.28,,,,,
740,AJ Smith-Shawver,ATL,25.1,0.54,,0.11,,,0.23,0.12,,,,
741,Chase Silseth,LAA,81,0.36,0.05,0.20,0.12,,0.23,0.03,,,,
742,Jordan Wicks,CHC,38.2,0.29,0.09,,0.20,0.30,0.04,0.08,,,,
743,Robert Suarez,SDP,77.2,0.44,0.06,,0.20,0.25,0.02,0.03,,,,
744,Gavin Williams,CLE,82,0.55,,,,0.06,0.22,0.17,,,,
745,Tanner Bibee,CLE,146,0.47,,,,0.17,0.27,0.09,,,,
746,Bryan Woo,SEA,87.2,0.47,0.15,,0.26,0.04,0.09,,,,,
747,Mason Miller,OAK,34.1,0.56,0.15,,,0.05,0.24,,,,,
748,Kodai Senga,NYM,166.1,0.37,0.25,0.24,,,0.12,0.03,,,,
749,Shintaro Fujinami,2 Tms,79,0.56,0.16,0.20,0.00,,0.07,0.00,,,,
