#,Name,Team,IP,wFA,wFC,wFS,wSI,wCH,wSL,wCU,wCS,wKN,wSB,,
1,Brent Honeywell,2 Tms,52.1,-2.5,-0.1,,,-3.2,2.2,,,,-2.4,,
2,Tommy Hunter,NYM,46,-0.6,-2.2,,5.6,-1.8,-2.6,-3.4,,,,,
3,Matt Bush,2 Tms,70,-2.1,,,0.3,,-5.2,7.4,,,,,
4,Adam Ottavino,NYM,128.1,-2.7,-1.3,,8.3,3,10.9,,,,,,
5,Matt Moore,4 Tms,126.2,6.8,,,,12.9,,1.1,,,,,
6,Zack Greinke,KCR,279.1,7.1,-1.7,,-7.9,-6.2,1.6,-3.4,-0.7,,,,
7,Clayton Kershaw,LAD,258,12.6,,0.9,0,-2.1,28.7,6,,,,,
8,Adam Wainwright,STL,292.2,-5.4,1.7,,-19.9,-3,-0.7,-3.4,0.3,,,,
9,Corey Kluber,2 Tms,219,0.9,-2.8,,-22,4.2,-5,,,,,,
10,Lance Lynn,3 Tms,309.1,7.1,1.7,,-1.9,-9.3,-8.2,-6.9,,,,,
11,Jhoulys Chacín,COL,47.1,-1.4,-1.6,,-6.5,0,-1.7,1,,,,,
12,Ross Detwiler,CIN,26.1,-1.4,,,-0.4,-0.4,-3.1,0,,,,,
13,Kenley Jansen,2 Tms,109.2,,17.4,,-3.9,,-1.4,,,,,,
14,Max Scherzer,2 Tms,298,22.5,5.2,,0.3,-3.5,15.8,3.5,,,,,
15,David Price,LAD,40.1,3.3,2.1,,-1.6,-4.1,,0.9,,,,,
16,T.J. McFarland,3 Tms,36.1,,,,-4.5,-4.8,1.2,,,,,,
17,Joe Smith,MIN,27.1,-0.8,,,-0.3,,-4.6,,,,,,
18,Aníbal Sánchez,WSN,69.1,-0.8,3.8,-1.7,0.7,0.5,-0.9,-0.6,,,,,
19,Darren O'Day,ATL,21.2,1.1,,,-1.4,,-0.8,,,,,,
20,Liam Hendriks,CHW,62.2,6.5,,,,,2,-1.1,,,,,
21,Mark Melancon,ARI,56,0.1,0,0.5,0,,0.8,-1.5,,,,,
22,Charlie Morton,ATL,335.1,-18.4,,,-8.1,2.1,-1.9,30.6,,,,,
23,Rich Hill,3 Tms,270.2,-11.5,-2,-0.4,4,0.7,-8.7,-8.2,0.3,,,,
24,Jake Diekman,4 Tms,115.1,7.9,0.6,,-2.2,2.2,-6.3,,,,,,
25,Anthony Gose,CLE,21,-5.8,,,,-0.1,3.9,,,,,,
26,Jeurys Familia,3 Tms,57,-1.2,,-0.6,-12.6,,-0.2,,,,,,
27,Manny Bañuelos,2 Tms,41,0.5,,,2.2,0.5,0,-0.1,,,,,
28,Michael Pineda,DET,46.2,-8.1,,,,-3.6,1.3,,,,,,
29,Jesse Chavez,3 Tms,107,-0.3,10.7,,-10.9,2.3,,1.7,,,,,
30,Madison Bumgarner,ARI,175.1,-22.5,-10.8,,-1.1,0.4,,0.7,0,,,,
31,Ryan Brasier,2 Tms,124,-5.2,5.1,,-0.2,-0.3,10.4,,,,,,
32,Huascar Brazoban,MIA,90.2,-3.2,,,-1.6,4.8,3.2,,,,,,
33,David Phelps,TOR,63.2,3.8,-2.2,,1.9,0.5,,2.8,,,,,
34,Chris Archer,MIN,102.2,-10,,,0,1,8.6,0.8,,,,,
35,Jake Odorizzi,2 Tms,106.1,0,1.9,-0.5,0.4,,-0.5,-1.3,,,,,
36,Trevor May,2 Tms,71.2,-4.7,,0.4,,4.9,2.9,,,,,,
37,José Cisnero,2 Tms,86,0,-0.4,-0.3,-4.3,-1.2,7.1,0.2,,,,,
38,Steve Cishek,WSN,66.1,3.8,,,1.1,0,-7.1,,,,,,
39,Alex Cobb,SFG,301,-1,,6.5,8.9,,-4.7,-2,,,,,
40,Carlos Carrasco,2 Tms,247,-19.8,-0.6,,-12,6.8,-0.8,-2.7,,,,,
41,Craig Kimbrel,2 Tms,129,10.5,,,,,-1.5,5.7,,,,,
42,Alex Colomé,2 Tms,50,-5.4,-4.3,,,,,,,,,,
43,Julio Teheran,MIL,71.2,-7.1,4.1,,0,-0.8,2.5,,,,,,
44,Johnny Cueto,2 Tms,210.2,9,-8.9,,5,-5.9,-0.8,1.6,,,,,
45,Chase Anderson,3 Tms,110.1,-5.8,0.7,,-11.1,9.9,1.4,-3.5,,,,,
46,Martín Pérez,2 Tms,342.1,6,-1.1,,9.4,0.3,1.7,-1.5,,,,,
47,Luis García,2 Tms,120.2,-3.5,-0.2,2.2,0.4,,6.1,,,,,,
48,Ian Kennedy,2 Tms,66.2,-1.1,-3.9,-2.3,,-1.5,-0.6,-2.4,,,,,
49,Ryan Pressly,HOU,115.2,-2.5,,,0.3,-0.9,18.9,5.7,,,,,
50,Fernando Cruz,CIN,83,-1.8,,15.1,0.6,,-2.7,,,,,,
51,Daniel Bard,COL,109.2,-3.5,-1,,9.5,0.8,3.7,,,,,,
52,Daniel Hudson,LAD,30.1,3.2,,,0.4,-1.2,5.4,,,,,,
53,Craig Stammen,SDP,40.2,,-3.1,,0.8,0,-0.8,-2.1,,,,,
54,Jay Jackson,3 Tms,32,-1.3,,,0.2,0,10.1,,,,,,
55,Collin McHugh,ATL,128,-0.2,9.6,,-0.1,-0.1,4.6,0.3,-0.6,,,,
56,Jake McGee,3 Tms,37,-1.7,,,,,-2.1,,,,,,
57,Jordan Lyles,2 Tms,357.2,6,-3.2,,-3.6,-11.9,-6.8,-5.9,,,,,
58,Tommy Milone,SEA,25.2,0.2,-0.1,,,-1.8,1.8,-0.9,,,,,
59,Wily Peralta,DET,38.1,-1,,-1.6,2.2,,3.2,,,,,,
60,Richard Bleier,2 Tms,81.1,-2.8,-0.7,-2.2,1.2,-1.5,-0.9,,,,,,
61,Hunter Strickland,CIN,62.1,-2.6,,,0.1,-0.9,-2.9,,,,,,
62,Anthony Bass,2 Tms,90.1,-3.4,,-0.3,5.3,,10.2,,,,,,
63,Will Smith,4 Tms,117.1,-7.4,,,-0.1,0.2,16,-4,,,,,
64,Bryan Shaw,2 Tms,104,-1.8,6.2,0.4,2,0.2,-0.2,-3.8,,,,,
65,David Robertson,5 Tms,131,,12.9,,0.2,0.7,0.1,6.7,,,,,
66,Paolo Espino,WSN,117.1,-12,,,,-2.1,-9.2,-0.6,,,,,
67,Lucas Luetge,2 Tms,71,0.7,-9.3,,,,1.3,3.3,,,,,
68,Justin Verlander,2 Tms,337.1,39.2,,,,0.1,16.4,10.8,,,,,
69,Wade Miley,2 Tms,157.1,3,9.7,,-2.6,3.2,2.8,0.3,,,,,
70,Kirby Yates,2 Tms,69.1,2.3,,4.6,,,-0.4,-0.4,,,,,
71,Brad Hand,3 Tms,98.2,-1.1,,,3,,-3.9,,,,,,
72,Nathan Eovaldi,2 Tms,259.1,1,1.6,18.2,,,-9.1,2.1,,,,,
73,Patrick Corbin,WSN,337,-9.3,-0.1,,-24,-7.5,-26.8,,,,,,
74,Dallas Keuchel,4 Tms,98.1,-3.6,-15.9,,-5.6,-4.8,-3.2,,,,,,
75,Joe Kelly,2 Tms,78,-3,,,-0.9,-0.2,1.9,3.6,,,,,
76,Garrett Richards,TEX,42.2,-3.5,,,-0.6,3.5,-0.3,0.1,,,,,
77,Miles Mikolas,STL,408,9.3,,,-4.4,1.3,6.4,-7.1,0.3,,,,
78,Mike Minor,CIN,98,-11.8,,,0.2,-7.5,-2.4,-3.1,,,,,
79,Tyler Matzek,ATL,45,8.4,-0.6,,,,-1.5,-0.2,,,,,
80,Brooks Raley,2 Tms,109.1,-0.6,1.8,,-1.7,4,11.6,0.2,,,,,
81,Caleb Thielbar,MIN,90,9.1,,0.4,,,1.8,-0.4,,,,,
82,Kyle Gibson,2 Tms,359.2,1.2,-1.3,,-2.1,-3.9,10.7,-9.7,,,,,
83,Brad Boxberger,2 Tms,84,5.4,,,,0.4,1.3,,,,,,
84,Ryan Weber,NYY,25,,,,4.3,-0.4,-1.3,-0.1,,,,,
85,Shelby Miller,3 Tms,52,15.6,0.5,1,0.1,,-1,,,,,,
86,Aroldis Chapman,4 Tms,96.2,0.6,,1.8,7.1,0.2,3.5,,,,,,
87,Ryan Tepera,2 Tms,68,-1.7,2.1,-1.3,3.6,,0.3,,,,,,
88,Zack Wheeler,PHI,351,38.1,,-0.1,17.7,-2.6,0,-7.6,,,,,
89,Erasmo Ramírez,2 Tms,146.2,-1.4,5.2,,-13.2,0.9,-0.1,3.5,,,,,
90,Michael Tonkin,2 Tms,82,0.5,,,8.9,,2.2,,,,,,
91,Aaron Loup,LAA,107.1,0.7,-3.3,,-5.4,0.8,0.3,,,,,,
92,Mychal Givens,3 Tms,65.1,-1.2,,,-0.2,-1.3,1.2,,,,,,
93,Scott Alexander,SFG,65.2,,0,,8.2,-0.5,2.1,,,,,,
94,Chris Sale,2 Tms,113.2,3.8,,,-0.6,-3.6,5.4,,,,,,
95,Andrew Bellatti,PHI,79,4.5,,,,-2,-5.3,0,,,,,
96,Drew Hutchison,DET,105.1,-6.7,,,4.6,-4.6,-1.3,,,,,,
97,Adam Kolarek,3 Tms,23.2,-2.1,,,3.1,-1,0.3,,,,,,
98,Chasen Shreve,3 Tms,71,-8.9,0.6,4.4,,,3,-1.4,,,,,
99,Jacob deGrom,2 Tms,94.2,11,,,0.1,0.8,9.3,2.6,,,,,
100,Casey Lawrence,2 Tms,45.1,-1.1,-4.6,,-1.9,-1.4,-0.5,-1.1,,,,,
101,Merrill Kelly,ARI,384.2,8.9,10.4,,8.2,17.7,0.3,-3.6,,,,,
102,Vince Velasquez,2 Tms,112.2,3.8,,,-1.4,-4.3,4.1,-1.2,,,,,
103,Zach Neal,OAK,27,-1,,,-2.2,-0.6,-1.1,-3.1,,,,,
104,Tommy Kahnle,2 Tms,53.1,-2.1,,,1.6,11.5,-0.3,,,,,,
105,Jose Quintana,3 Tms,246,9.4,-0.2,,17.3,-13,,14.5,,,,,
106,Robbie Ray,SEA,192.1,6.2,,,-4.6,-0.7,6.3,-5.7,,,,,
107,Joely Rodríguez,2 Tms,63.1,-1.1,,,2.8,2.7,-1.7,,,,,,
108,Aaron Sanchez,2 Tms,60,0,,,-5.1,1.6,,-5.8,,,,,
109,José Ureña,4 Tms,144,-4,,,-9.5,-6.1,-2.2,,,,,,
110,Heath Hembree,3 Tms,23.1,-7.1,0,,,,0.3,-1.3,,,,,
111,Jameson Taillon,2 Tms,331.2,-6.1,-2.4,,0.8,-4.9,6.5,2.9,,,,,
112,Luke Jackson,SFG,33.1,0.2,,,,,4.8,-1.5,,,,,
113,Drew Smyly,CHC,249.1,,-3.9,,-14.7,0.2,,0.5,,,,,
114,Noah Syndergaard,4 Tms,223.1,-3.4,-1.5,,9.8,-15,-3.3,-2.5,,,,,
115,Hansel Robles,BOS,24.2,-1,,,,-0.3,-2.4,,,,,,
116,Héctor Neris,2 Tms,135.2,14,,10.3,3.4,,1.3,,,,,,
117,James Paxton,BOS,96,2.2,,,-1,-1.1,-1.2,-0.2,,,,,
118,Taijuan Walker,2 Tms,330,-6.4,-5.4,18.8,5.5,,-1.1,-0.8,,,,,
119,Chris Martin,3 Tms,109.1,7.9,14,2.3,0.5,,-5.5,,,,,,
120,Jason Adam,TBR,119.2,3.2,,,-0.1,11.4,15.5,,,,,,
121,Kyle Hendricks,CHC,225,-9.9,,,0.6,8.6,,-4.4,,,,,
122,Scott McGough,ARI,73.1,2.3,,1,0,,-2.8,,,,,,
123,Yimi García,TOR,127.2,12.9,2.2,,3.9,-5.2,-6.2,,,,,,
124,Domingo Tapia,2 Tms,34.2,-2.3,,,-1.4,-1.4,-0.3,,,,,,
125,Chris Bassitt,2 Tms,386.2,-11.6,-1.6,-2.9,41.7,-1.9,-6.9,8.1,,,,,
126,Colin Rea,MIL,129.2,9.8,0.9,-6.5,0.8,,0.2,-1.5,,,,,
127,Jacob Barnes,3 Tms,36,-2,-2.5,,,-0.2,0.1,,,,,,
128,Seth Lugo,3 Tms,217.1,7,-0.2,,5.8,-2.5,2,1.1,,,,,
129,Nick Ramirez,NYY,40.2,-0.1,-1.1,,2.9,4.8,-2.5,0,,,,,
130,Adrian Houser,MIL,214,-1.3,,-1.7,3.4,,1.1,-4.5,,,,,
131,Nick Martinez,2 Tms,221.2,-11.7,-3.6,,8.6,16.9,0.1,2.5,,,,,
132,Rafael Montero,HOU,137.1,8.2,,,5.1,1.8,-6.3,,,,,,
133,Chris Devenski,4 Tms,59,-0.5,,,,4.4,-3.7,0,,,,,
134,Sonny Gray,MIN,303.2,14.9,1.9,,-4.2,-1.3,19.6,11.6,,,,,
135,John Brebbia,2 Tms,108,5.1,,,,0.2,-3.3,,,,,,
136,Michael Kelly,3 Tms,23.2,-1.4,-0.2,,-0.5,,2.7,,,,,,
137,Noé Ramirez,ARI,50,1.5,,,,-2.9,-2.6,,,,,,
138,Matt Wisler,TBR,44,-0.4,,,-0.2,0,6.9,,,,,,
139,Mike Clevinger,2 Tms,245.2,-0.5,0.7,,4.9,1.8,-3.1,-0.9,,,,,
140,Andrew Kittredge,2 Tms,33.1,0,-2.2,,3.1,,3.8,,,,,,
141,Shawn Armstrong,2 Tms,116,5.1,5.7,,5.5,,-6,,,,,,
142,Matt Barnes,3 Tms,62,-2.7,,0.2,,0.8,-0.1,4.3,,,,,
143,Tyler Anderson,2 Tms,319.2,-3.1,10.8,,-6.8,15.8,-0.5,0,,,,,
144,Dylan Bundy,MIN,140,0.7,,-4.9,-2.5,,-6.9,3,,,,,
145,Archie Bradley,2 Tms,26,-2.6,,,0.9,-2.2,0.4,1.2,,,,,
146,Joe Musgrove,SDP,286.2,11.4,12.7,,4.4,-0.9,-5.6,0.7,,,,,
147,Andrew Chafin,3 Tms,111,-4.2,,,0.6,0.3,10.9,,,,,,
148,Anthony DeSclafani,SFG,118.2,-6.7,,,-5.3,-5.6,3.3,0.2,,,,,
149,Yu Darvish,SDP,339.2,3.1,4.1,5.6,2.1,0.3,10.9,9.2,0.1,,,,
150,Gerrit Cole,NYY,409.2,39.9,5.3,,,-2,18.9,2.5,,,,,
151,Derek Law,3 Tms,76.1,-0.5,-0.4,,-1.1,-0.9,2.5,0.8,,,,,
152,Eduardo Rodriguez,DET,243.2,14.9,6.3,,-1.6,-3.8,2.4,,,,,,
153,Zach Davies,ARI,216.2,1,-1,,-18,4.7,-1.3,-2.8,,,,,
154,Jordan Weems,WSN,95.1,0.6,,-0.1,0,,4,,,,,,
155,Michael Fulmer,3 Tms,120.2,-3.8,,,-0.9,-1.2,12.9,-2,,,,,
156,Louis Head,2 Tms,28.2,-7.1,,,,0.2,0,,,,,,
157,Ross Stripling,3 Tms,228.1,-0.1,-0.6,,2.4,-4.7,8.2,-1,,,,,
158,Matt Carasiti,COL,24.1,0.2,-1.7,-1.5,0.2,,,,,,,,
159,Danny Coulombe,2 Tms,64.2,-0.3,,,6.3,-3.8,6,1.8,,,,,
160,Adrian Sampson,CHC,104.1,4.3,,,3.2,2.2,-1.6,,,,,,
161,Luis Cessa,CIN,106.2,-2.4,,,-3.6,-2.2,-6,,,,,,
162,Hoby Milner,MIL,129.2,3.5,,,0.9,5.4,,8.5,,,,,
163,Steven Matz,STL,158.1,,,,0.7,3.5,-1.8,-2.5,,,,,
164,Dylan Floro,3 Tms,112.1,4.5,,,6.1,-2,2.2,,,,,,
165,Matt Koch,2 Tms,43,3.9,-6.6,,,,1.6,,,,,,
166,Drew VerHagen,STL,82.2,-7.6,-1.6,0.3,-5.9,,8.5,0.3,,,,,
167,Marcus Stroman,2 Tms,281.1,-2.5,1.7,,18.3,-2.4,6,-0.4,,,,,
168,Pierce Johnson,3 Tms,79,-8.4,0,,,,1.8,8.3,,,,,
169,Taylor Rogers,3 Tms,117.2,0.1,-2.8,,4,,6.4,,,,,,
170,Lucas Sims,CIN,69.2,-2.1,,,,0.2,9.3,-0.6,,,,,
171,Daniel Norris,3 Tms,71.1,0.8,,,-1.6,1.9,-3.2,-0.3,,,,,
172,Blake Snell,SDP,308,3.5,,,,13.5,14,15.3,,,,,
173,Steven Okert,2 Tms,111,-9.6,,,-0.4,,15.9,,,,,,
174,Robert Stephenson,3 Tms,110.1,-13.3,11.7,,,3.1,3.4,0.4,,,,,
175,Carl Edwards Jr.,WSN,93.2,-0.6,,,,3.2,,0.9,,,,,
176,Jakob Junis,SFG,198,2.4,0,,-9.2,-11.5,8.2,,,,,,
177,Clay Holmes,NYY,129.2,0.4,,,12,,10.4,,,,,,
178,Tayler Scott,5 Tms,32,-1,,,-3.3,-1.4,-4,,,,,,
179,Jharel Cotton,2 Tms,43,2.6,0,,,-0.6,-0.4,-1.6,,,,,
180,Joey Krehbiel,BAL,62.2,2,-4.9,,,2.6,-1.8,,,,,,
181,Max Fried,ATL,263.2,11.7,-0.6,,3.8,9,4.5,15.7,,,,,
182,Tyler Duffey,2 Tms,46,-1,,,1.3,1.2,-1,-4.2,-0.5,,,,
183,Chris Stratton,4 Tms,147,4.9,,,0.3,-0.7,0.6,2.3,,,,,
184,Dominic Leone,5 Tms,104.2,-9.8,-0.3,,0.4,0.1,-1.1,,,,,,
185,JT Chargois,2 Tms,64.2,-1,,,9.6,,0.5,,,,,,
186,Zach Eflin,2 Tms,259,5.9,-1.8,,8.3,2.1,-2.8,11.5,,,,,
187,Alex Wood,2 Tms,231.2,0.3,,,-0.8,0.5,-7.3,,,,,,
188,Matt Strahm,2 Tms,133.2,10.1,-1.3,,0.6,-5.4,8.8,1.2,,,,,
189,Austin Adams,3 Tms,21,-3,,,,,4.2,,,,,,
190,Paul Sewald,2 Tms,124.2,19.1,,,,,6,,,,,,
191,Chris Flexen,2 Tms,240,-26.5,-1.3,,-2.5,4.5,2.8,-4.1,,,,,
192,Brent Suter,3 Tms,138.2,-5.1,4.9,,-2.1,12.9,-0.8,,,,,,
193,Michael Wacha,2 Tms,261.2,-5.7,-1.1,,9.8,14.4,,-0.6,,,,,
194,Kevin Gausman,TOR,364,19.3,,13.4,,-0.3,-7.1,,,,,,
195,Lance McCullers Jr.,HOU,47.2,-1.4,1,,-5.2,0.1,5.2,5.4,,,,,
196,José Berríos,TOR,367.2,-14.8,0.2,,10.4,-7.7,2.4,,,,,,
197,Josh Hader,3 Tms,109.1,,,,8,-2.1,10.3,,,,,,
198,Wandy Peralta,2 Tms,112.1,1.8,,,10.6,10.6,-3.6,,,,,,
199,Frankie Montas,3 Tms,151.2,-3.7,0.1,5.4,0.1,0,2.7,,,,,,
200,Joel Payamps,3 Tms,128.1,7.9,,,2,1.9,-0.5,,,,,,
201,Ty Blach,COL,122.1,-6,,,,-8.4,-0.3,-6.6,,,,,
202,Tyler Glasnow,2 Tms,137.2,6.8,,,-0.2,0.1,11.8,8.3,,,,,
203,Amir Garrett,KCR,69.2,3.4,,,0.4,0,1.1,,,,,,
204,Yunior Marte,2 Tms,89.1,-1.4,,,-2.8,-0.2,-3.5,,,,,,
205,Jackson Stephens,ATL,65.2,5.2,-2.4,,0.2,-1,-1,2.7,,,,,
206,Hyun Jin Ryu,TOR,79,-2.7,0.8,,1.7,-4.4,,-2,,,,,
207,J.B. Wendelken,ARI,29,2.2,,,-3.6,2,-1.2,0,,,,,
208,José Leclerc,TEX,106.1,-3.8,5,,1,2.2,12.3,0.2,,,,,
209,Jorge López,4 Tms,131.2,-3,,,-1.4,0.9,-0.3,1.9,,,,,
210,Carlos Estévez,2 Tms,120.1,7.9,,,,-0.7,0.2,,,,,,
211,José Ruiz,2 Tms,105,-8.5,,,-0.4,-2.3,,-2.7,,,,,
212,Rowan Wick,CHC,64,-1,-4.8,0,,-0.8,-2.3,-3.3,,,,,
213,Chi Chi González,4 Tms,26.2,-1,0.6,,-3.8,-1.6,-1.4,0.3,,,,,
214,Jandel Gustave,MIL,28,-1.4,,,0.7,,1.8,,,,,,
215,Duane Underwood Jr.,PIT,81.2,0.4,6.7,,2.6,-3.9,-2.3,-2.8,,,,,
216,Andrés Machado,WSN,109.1,-14.2,,,5.4,8.1,-3.9,,,,,,
217,Luis Perdomo,MIL,23.2,,,,1.8,-1.1,0.6,,,,,,
218,Anthony Banda,4 Tms,33.2,-8.1,,,1.7,-5.2,-0.2,-1.2,,,,,
219,Edwin Díaz,NYM,63,1.5,,,,,20.5,,,,,,
220,Paul Blackburn,OAK,222,-7.9,-12.9,0,-4.8,4.5,3.5,5.8,,,,,
221,Julio Urías,LAD,292.1,17.8,-0.7,,,-9,,13,,,,,
222,Emilio Pagán,2 Tms,134.1,15.2,1.7,-6.5,,,0.3,0,,,,,
223,Buck Farmer,CIN,123,-0.8,,,-0.1,-3.6,10.4,,,,,,
224,Dylan Covey,2 Tms,43,0.5,-2.6,1.8,-0.7,-0.5,4,-2.6,,,,,
225,Michael Lorenzen,3 Tms,250.2,5.6,-5.9,,13.1,3.7,5.3,-2.9,,,,,
226,Joe Mantiply,ARI,100,-1.6,,,3.7,7.3,1.3,,,,,,
227,Sam Moll,2 Tms,105.2,2.9,,,5.1,-1.3,8.2,,,,,,
228,Caleb Smith,ARI,70,-5.4,,,,5.1,-2.8,-1,,,,,
229,Jon Gray,TEX,288.1,-15.8,,,,7.5,26.1,-3.6,,,,,
230,Ben Lively,CIN,88.2,-8.9,1.1,,-0.4,-2,5.7,-4.1,,,,,
231,Reyes Moronta,3 Tms,39,-2,,,,0,1,,,,,,
232,Chad Kuhl,2 Tms,175.1,-12.1,,,-19.6,-7.5,4.2,-7.5,0,,,,
233,Giovanny Gallegos,STL,116.2,-1.2,,,2.6,-0.8,9.4,,,,,,
234,Scott Barlow,3 Tms,144.1,-4.1,,,-2,,17,8.1,,,,,
235,Kyle Finnegan,WSN,137.2,11,,4.5,,,-5.1,,,,,,
236,Corey Knebel,PHI,44.2,5.1,,,,,-0.1,-2,,,,,
237,Chase De Jong,PIT,83,-8.3,,-1.4,,1.1,2.9,0.1,,,,,
238,Germán Márquez,COL,201.2,-10.8,,,-6,-2.5,-3.8,7.6,,,,,
239,Tim Mayza,TOR,104,0.1,,,16.8,,-3.1,,,,,,
240,Lou Trivino,2 Tms,53.2,-7.4,0.1,,-3,-0.6,3.7,-0.7,,,,,
241,Trevor Gott,3 Tms,103.2,0.3,,,2.8,-4.1,7,-1.7,,,,,
242,Austin Voth,3 Tms,138.1,-3.2,-2.6,,,0.2,0.2,-5.2,,,,,
243,Yency Almonte,2 Tms,84,4,-0.6,,1.8,-1.5,9.6,,,,,,
244,Rob Zastryzny,3 Tms,24.2,2.6,-0.9,,,-1.4,-0.3,,,,,,
245,Tyler Danish,BOS,40.1,-1.4,-1.4,,-3.1,0,4.5,0,,,,,
246,Ashton Goudeau,COL,20.1,0.4,,,,-0.2,,-3.6,,,,,
247,Justin Topa,2 Tms,76.1,,0.9,,9.6,0.8,0.9,,,,,,
248,Jimmy Yacabonis,3 Tms,27.2,,,,-2.9,-0.2,-7.9,,,,,,
249,Cole Sulser,2 Tms,39.1,-0.6,,,,-4.7,-1.2,0.5,,,,,
250,Keynan Middleton,3 Tms,67.2,-1.4,,,,5.5,-0.9,,,,,,
251,Adam Cimber,2 Tms,93.1,-1.1,,,5.3,,-4.4,,,,,,
252,Austin Pruitt,OAK,103.2,-10.2,,,3.2,0.1,9.9,0.9,,,,,
253,Kevin Herget,2 Tms,31.1,2.2,-2.3,,0.2,-2.5,-0.2,-0.7,,,,,
254,Andrew Heaney,2 Tms,220,0.7,,,,-3.9,-6,,,,,,
255,Matthew Boyd,2 Tms,84.1,-2.7,,,4.9,2.3,3.6,-2.1,,,,,
256,Zack Weiss,2 Tms,27.1,-2.5,0.1,,0,,4.8,,,,,,
257,Mike Mayers,2 Tms,77,0.9,-4.1,,3.3,-2.8,-8.4,-2,,,,,
258,Nick Pivetta,BOS,328.1,9.4,,-7.6,,,16.3,-13.9,,,,,
259,Marco Gonzales,SEA,233,-1.8,-11.5,,-5,0.1,,2.9,,,,,
260,Lucas Giolito,3 Tms,346,-16.2,,,0,-2.8,-7.7,-3.1,,,,,
261,Antonio Senzatela,COL,100,-13.6,,,0.2,-0.4,-10.2,3.4,,,,,
262,Hunter Harvey,WSN,102,14.1,,1.8,,,2.7,0.4,,,,,
263,Kendall Graveman,2 Tms,131.1,4.6,,,-0.1,2.8,-0.8,-1.5,,,,,
264,Tyler Rogers,SFG,151,-4,,,14.4,,1.3,,,,,,
265,Mark Leiter Jr.,CHC,134.2,-7.6,0.1,11.7,7.7,,-1.1,-0.8,,,,,
266,Chad Green,2 Tms,28,1.3,,0.2,,,0.4,,,,,,
267,Nick Wittgren,2 Tms,58,-1,2.4,,-1.9,-4.2,-0.4,,,,,,
268,Miguel Castro,2 Tms,94.2,0.5,,,0.9,-1.3,6.3,,,,,,
269,Luis Castillo,2 Tms,352.1,37.2,-0.2,,4.1,-14.4,5.7,,,,,,
270,Jimmy Cordero,NYY,32.2,0.4,,,3,-0.4,3.2,,,,,,
271,Brad Keller,KCR,185,-2.9,-6,1.7,-8.9,1.2,-0.8,-0.7,,,,,
272,Joe Jiménez,2 Tms,114.2,8.9,,,,1.2,3.5,,,,,,
273,Devin Williams,MIL,119.1,12.2,0.2,,,24.3,-0.9,,,,,,
274,Zack Littell,3 Tms,140.1,1.5,,-4.2,0.5,,0.1,,,,,,
275,Sean Manaea,2 Tms,275.2,8.1,,,2.1,-2.9,-6.6,,,,,,
276,Luis Severino,2 Tms,196.1,-3.5,1,,1.1,-7.7,-8.2,,,,,,
277,Víctor Arano,WSN,42,-0.7,,,-0.7,,-1.1,,,,,,
278,Ryne Stanek,2 Tms,106,16.4,,1.5,,,-3.4,,,,,,
279,Zach Thompson,PIT,121.2,-0.2,-5.4,,4.5,-8.5,,-1.8,,,,,
280,Jordan Romano,TOR,123,12.3,,,,,12.5,,,,,,
281,Carlos Rodón,2 Tms,246.2,19.2,-0.1,,,-1.3,9.7,-1.6,,,,,
282,Aaron Nola,PHI,403,13.9,1.3,,16.6,-7.7,,11.1,,,,,
283,Brandon Woodruff,MIL,220.1,11.3,,,10,9.6,1.7,-0.2,,,,,
284,Spencer Turnbull,DET,31,,-2.3,,1.1,-1.5,-1.5,-2.8,,,,,
285,Kyle Freeland,COL,332.2,6.9,-1.1,,-13.6,-21,-8.8,-7,,,,,
286,Aaron Bummer,2 Tms,87,-0.6,-2,,-2.9,-0.2,6.5,,,,,,
287,John Means,BAL,31.2,1,,,,5,1.6,-0.8,,,,,
288,Jesus Tinoco,TEX,20.2,0.5,,,1.5,-0.2,1.6,0.6,,,,,
289,Ryan Borucki,3 Tms,68.2,,,,2.5,1,4.3,,,,,,
290,Tyler Mahle,2 Tms,146.1,10.4,-1.5,-2.3,,,-1,-0.6,,,,,
291,Reynaldo López,3 Tms,131.1,22.6,,,,1.5,-1.6,0,,,,,
292,Yonny Chirinos,2 Tms,92,0.3,,2,-1.4,0,-7.6,,,,,,
293,Victor González,2 Tms,34,,,,4.2,1.4,0.8,,,,,,
294,Ryan Yarbrough,3 Tms,174.1,2.3,-1.1,,0.4,-9.2,-2.4,,,,,,
295,Jordan Montgomery,3 Tms,367,-6.6,-3.6,,29.4,4.7,,6.6,,,,,
296,Austin Gomber,COL,268.1,-33.3,,,-1.2,4.3,5.7,-5.8,,,,,
297,Erik Swanson,2 Tms,120.1,8.3,0.4,21.3,,,-5.4,,,,,,
298,Bryan Abreu,HOU,134.2,6.3,,,0.2,0.1,18.3,2.4,,,,,
299,J.P. Feyereisen,2 Tms,25.1,8.3,,,,0.7,1.5,,,,,,
300,Jeff Brigham,2 Tms,61.2,-1.3,-1,,-0.1,,3.5,,,,,,
301,Ryan Thompson,2 Tms,74.2,0.5,-1.2,0.5,5.8,,1.6,,,,,,
302,Julian Merryweather,2 Tms,101,-8,,,,2,9.7,0.5,,,,,
303,Brock Stewart,MIN,29.2,3.2,3.1,,2.5,-1.5,1.2,,,,,,
304,Tim Hill,2 Tms,93.1,0.5,-5.6,,2.8,,-1.7,,,,,,
305,Brennan Bernardino,2 Tms,53,-0.4,,,8.4,-1.7,-2.8,0.6,,,,,
306,Reed Garrett,3 Tms,29,-1.4,,-2.3,-0.6,,-1.5,0.8,,,,,
307,Eric Stout,2 Tms,22.1,-2.7,,,,-0.5,-1.5,0.2,,,,,
308,Luke Weaver,5 Tms,160.2,-17.5,1.1,,-0.2,-10.4,-9.8,-2.3,,,,,
309,Touki Toussaint,3 Tms,112.1,-2.7,,1.9,-1.7,,-2.3,9.4,,,,,
310,Elieser Hernández,MIA,62.1,-11.8,0.1,,-0.1,-3.2,-3.9,,,,,,
311,Luis F. Ortiz,2 Tms,28.1,2.3,,,-1.3,-0.2,1.5,-1.1,,,,,
312,Sean Newcomb,3 Tms,42.2,1.9,-4.7,,1.9,0.7,-2.3,-3.5,,,,,
313,Trevor Williams,2 Tms,234,2.7,,,0.7,-13.8,-13.5,-4.9,,,,,
314,Tyler Beede,3 Tms,63.1,-2.6,-3.3,0.2,-4.8,2.2,0.1,-0.7,,,,,
315,Tanner Banks,CHW,115,5.1,,,0,3.4,-2.4,,,,,,
316,Pablo López,2 Tms,381,7.7,-3.9,,7.8,2.5,5.3,6.3,,,,,
317,Domingo Acevedo,OAK,77,-6.7,,,,6.3,4.8,,,,,,
318,Austin Davis,2 Tms,56,-3.3,,,-1.7,-1.5,2.3,0,,,,,
319,Raisel Iglesias,2 Tms,118.2,5,,,-4.6,12.4,7.2,,,,,,
320,Domingo Germán,NYY,181,-14.1,,,0.8,9.8,,12.7,,,,,
321,Gabe Speier,2 Tms,75.1,2.6,,,5.4,-2.1,8,,,,,,
322,Dinelson Lamet,3 Tms,60,-13.1,,,-2.4,-0.6,-4.3,,,,,,
323,Jalen Beeks,2 Tms,106,1,0.6,,,5.9,-4,,,,,,
324,Ranger Suárez,PHI,285.1,-10.3,0.2,,17.6,-8.5,-2.3,2.9,,,,,
325,Michael Kopech,CHW,251.1,1.1,,,,-0.8,-12.7,1.4,,,,,
326,Javy Guerra,3 Tms,37.1,2.9,1.6,,0.4,,-7.1,,,,,,
327,Framber Valdez,HOU,404,-0.4,0,,20.7,7.2,9.2,17,,,,,
328,Justin Steele,CHC,297,-6.6,10.8,,2.2,-0.3,14.5,0.4,,,,,
329,Brett Martin,TEX,50,3,,,-0.2,,1.5,-2.5,,,,,
330,Erick Fedde,2 Tms,131.2,,1,,-6.9,-2.4,-12.6,,,,,,
331,Jeff Hoffman,2 Tms,98.2,-2.3,,2.5,0.1,,9.6,,,,,,
332,Jonathan Hernández,TEX,62,0,,,-8.3,-0.5,6.8,,,,,,
333,Jack Flaherty,3 Tms,186.1,-16.7,-0.3,,0.1,-0.5,-2.7,3.4,,,,,
334,Daniel Duarte,2 Tms,36.1,-5.2,2.6,,4.1,-1.3,0.2,,,,,,
335,Albert Abreu,3 Tms,97.2,-2.2,,,-1.8,-5.6,5.3,,,,,,
336,Spenser Watkins,2 Tms,109.2,-6.1,-2.4,0,-0.2,-2.4,3.1,-4.9,,,,,
337,Génesis Cabrera,2 Tms,101.1,-0.9,,,0.4,-6,0,5.7,,,,,
338,Diego Castillo,SEA,63,1.4,,,-0.8,-0.5,10.3,,,,,,
339,Jimmy Herget,LAA,98,-1.5,,-0.1,-2.2,2.3,9,4.1,,,,,
340,JT Brubaker,PIT,144,-6.4,,,-3.8,-3.5,-9,3.9,,,,,
341,Tanner Scott,MIA,142.2,7,,,,,15.7,,,,,,
342,Mitch Keller,PIT,359,6.1,0.6,,16,-7.4,1.7,-10.7,,,,,
343,Cristian Javier,HOU,316.2,30,,,,-4.3,12.4,-5.4,,,,,
344,Tanner Rainey,WSN,32,0.6,,,,0.1,0.7,,,,,,
345,Taylor Clarke,KCR,108,-8.4,,,,-6.5,2.5,,,,,,
346,Justin Lawrence,COL,118.2,,,,-4.4,0,8.8,,,,,,
347,Jeffrey Springs,TBR,151.1,4.3,,,,14.8,7.4,,,,,,
348,Ralph Garza Jr.,TBR,35,-4.1,-0.4,,5.8,-1.7,-1.9,1.2,,,,,
349,Jose Cuas,2 Tms,104.1,0.7,,,2.5,-3.5,-4.6,,,,,,
350,Trevor Megill,2 Tms,81.2,3.9,,,-0.1,,-2.1,-1.4,,,,,
351,Nabil Crismatt,3 Tms,82.1,-2.5,-0.7,,0,7.8,0.5,-1.4,,,,,
352,Evan Phillips,LAD,126.2,8.6,12.4,,2.4,,16,,,,,,
353,Tyler Alexander,2 Tms,150,0.1,0.5,,-1.8,-8,2.7,,,,,,
354,Drew Smith,NYM,104.2,8.2,0,,,-1.3,-4.7,-0.9,,,,,
355,Angel Perdomo,PIT,29,1.8,,,,-0.7,2.5,,,,,,
356,José Alvarado,PHI,94,0,10.5,,4.3,,,0.1,,,,,
357,Dillon Tate,BAL,75.2,,,,15.4,-3.4,-2.6,,,,,,
358,Adbert Alzolay,CHC,79.1,-0.6,0.7,,5.8,-2.3,10.5,,,,,,
359,Ian Gibaut,2 Tms,111.2,11.5,-7.6,,,-6.9,4.8,,,,,,
360,Nestor Cortes,NYY,226.2,27.1,11.8,,,-3.3,-2.1,-0.4,,,,,
361,Dennis Santana,2 Tms,69.1,4.2,,,-6,2.8,2.3,,,,,,
362,Tayler Saucedo,2 Tms,51.2,-0.7,,,7.3,0,-6.3,0.2,,,,,
363,Garrett Cleavinger,2 Tms,38,1.2,-0.1,,1.6,0.1,5.1,0,,,,,
364,Trent Thornton,2 Tms,79,-7.9,1.9,,4.1,,9.4,-3.2,,,,,
365,Tyler Gilbert,ARI,51.2,-0.7,0.1,,-3.7,1.5,,-2.1,,,,,
366,Brock Burke,TEX,143,12,3.9,,-2.3,-1.2,0.3,,,,,,
367,Peter Lambert,COL,88.1,-5,,,,-5.1,-5.3,0.5,,,,,
368,Logan Webb,SFG,414.1,-1.6,-0.9,,9.4,42.8,4.7,,,,,,
369,Pete Fairbanks,TBR,70.1,8.5,,0.1,,-0.5,15.9,,,,,,
370,Triston McKenzie,CLE,207.1,19.9,,,,,-4.6,13.2,,,,,
371,Phil Maton,2 Tms,133,-0.3,2.7,,3.1,,-2.6,5.7,,,,,
372,Ryan Helsley,STL,102.1,15,,,,0,12.7,2.8,,,,,
373,Anthony Misiewicz,5 Tms,40,-0.3,-0.1,,,-0.6,0.1,-4.4,,,,,
374,James Naile,STL,24.1,0.3,-0.5,,-2.9,-1.6,,0.2,,,,,
375,Art Warren,CIN,36,-5.7,,,,,1.7,,,,,,
376,Jarlín García,SFG,65,3.1,,,,-1.2,0.2,,,,,,
377,Tyler Kinley,COL,42.1,-4.7,,,0,-0.1,5.4,,,,,,
378,Andrew Suárez,STL,27.2,-3.9,,,-1.8,-1.6,-0.2,-0.6,,,,,
379,Josh Sborz,TEX,76.2,-4.8,,,,,4.1,1.6,,,,,
380,Taylor Hearn,3 Tms,115,-2.5,-0.9,,-5.7,-3.8,-3.2,,,,,,
381,James Kaprielian,OAK,195,-4,,,-0.3,-8.1,1,0.4,,,,,
382,Alex Young,3 Tms,80.1,-0.8,0.4,,-2.8,2.7,0.7,-1.3,,,,,
383,Josh Staumont,KCR,57.2,3.8,,0,-0.5,,2.1,-9.1,,,,,
384,Nick Anderson,2 Tms,36.1,1,,,,,4,,,,,,
385,Jaime Barria,LAA,161.2,-14,,,2.6,6.5,4.2,,,,,,
386,Connor Overton,CIN,44,1.2,-1.5,,1.3,-0.1,0,-0.8,,,,,
387,Michael Soroka,2 Tms,37.1,-4.4,,,-0.5,-1.6,-3.6,,,,,,
388,Scott Effross,2 Tms,56.2,-1.1,,,-1,7.2,6.5,,,,,,
389,Enyel De Los Santos,2 Tms,122,11.8,,,,-2.3,9.6,,,,,,
390,José Urquidy,HOU,227.1,-2.6,-1,,-1.3,4.7,-3.1,-3.8,,,,,
391,Trevor Kelley,2 Tms,39,0.1,-2.6,,1.8,-3.5,-4,,,,,,
392,Kenta Maeda,2 Tms,107.2,-0.2,-0.1,9.5,-0.8,,-3.8,-1.5,,,,,
393,Josh Rogers,WSN,26.1,2.5,,,-0.1,-2.4,-1.8,,,,,,
394,Phil Bickford,2 Tms,128.1,10.4,,0.2,,,-10.8,,,,,,
395,Dylan Cease,2 Tms,365.2,-0.5,,-2.9,,,41.3,-14.3,,,,,
396,Sam Hentges,CLE,114.1,3.4,,,7.2,,3.9,7.2,,,,,
397,A.J. Minter,ATL,136.2,15.9,2.3,,,8.4,,,,,,,
398,Jake Woodford,STL,96,-3.9,-1.3,,1.1,-1.2,0.2,-1.9,,,,,
399,Freddy Peralta,MIL,249.2,19.7,,,0.2,2.6,4,6,,,,,
400,Sandy Alcantara,MIA,413.1,-1.7,,,23,21.4,7.3,-0.2,,,,,
401,Kolby Allard,2 Tms,33.1,-2.7,-3.3,,,-1.7,,0.5,,,,,
402,Cody Poteet,MIA,28,-1.2,,,-1.1,3.6,-1.5,0.2,,,,,
403,Dillon Peters,PIT,39.1,1,,,3.7,-3,-3.1,1.3,,,,,
404,Pedro Avila,SDP,58.1,-3.1,,4.2,1.2,1,0.6,-0.6,,,,,
405,Tommy Nance,MIA,43.2,-1.4,,,-4.2,,2.4,0.6,,,,,
406,Kirby Snead,OAK,56.1,-0.1,,,-5.8,-1.8,-3.1,,,,,,
407,José Quijada,LAA,49.2,6.9,,,,-1.1,,0.2,,,,,
408,Jesse Scholtens,CHW,85,1.7,,0.4,,,-9.6,-1.2,,,,,
409,Dakota Hudson,STL,221,-0.9,2.7,,0.8,-3.4,-2,,,,,,
410,Mitch White,2 Tms,114.2,-6.2,-0.3,,-2.6,-0.2,1.3,-1.7,,,,,
411,Cole Irvin,2 Tms,258.1,11.4,4.3,,0,-0.8,-5.7,-3.1,,,,,
412,Seranthony Domínguez,PHI,102.2,4.3,,,6.5,-0.4,-2.7,,,,,,
413,Ian Hamilton,2 Tms,63.2,0.8,,,-0.3,,12.4,,,,,,
414,Thomas Hatch,2 Tms,33.1,-4.5,1,,0.8,-4.9,0.7,,,,,,
415,Justin Dunn,CIN,31,-5.4,0.1,,,-3.4,-1,-1.5,,,,,
416,Jacob Webb,2 Tms,55.2,6.8,,,,0.6,-0.5,,,,,,
417,Vladimir Gutierrez,2 Tms,40.2,-12.4,,,,-1.7,0.2,-2.5,,,,,
418,Zac Gallen,ARI,399,45.2,-3.9,,-0.4,9.2,-0.4,13.7,,,,,
419,Trevor Richards,TOR,138.2,-12.1,,,,14.1,-4.8,,,,,,
420,Cal Quantrill,2 Tms,291,-0.1,0.3,-3,-2.1,1,,3.2,,,,,
421,Eric Lauer,MIL,205.1,5.4,-8.2,,,-4.4,5.4,-11.4,,,,,
422,Joey Lucchesi,NYM,46.2,4.7,,0.1,3.5,-3.7,,,,,,,
423,Matt Festa,SEA,63,0.2,0.2,,-0.1,0,1.9,,,,,,
424,Richard Lovelady,OAK,23.1,0.9,,,1.8,0,-1,,,,,,
425,A.J. Puk,2 Tms,125,2.1,-0.5,-0.6,1.7,0.1,2.1,,,,,,
426,Daulton Jefferies,2 Tms,41.1,-0.3,-5.2,,1.8,-0.6,-4.5,,,,,,
427,Caleb Ferguson,2 Tms,97.1,7.6,,,-0.1,,0.3,,,,,,
428,Dean Kremer,BAL,298,12.3,9.6,,5.6,-10.3,-1.4,-10,,,,,
429,Lucas Erceg,OAK,56.2,1.9,,,0.7,1.2,-3.6,-1.4,,,,,
430,Corbin Burnes,2 Tms,401.2,0.1,55.9,,-12.8,2.1,5.4,16.2,,,,,
431,Keegan Akin,BAL,106.1,11.2,,,,-8.4,1.5,-0.1,,,,,
432,Walker Buehler,LAD,65,-8.5,4.7,,-2.5,2.1,0.1,2.6,,,,,
433,Tony Gonsolin,LAD,233.1,10,,18.3,,,7.3,-1.4,,,,,
434,Colin Poche,TBR,120,6.1,,,,,5.1,0,,,,,
435,Ronel Blanco,HOU,58.1,-12.7,,,,-0.4,8.6,-0.3,,,,,
436,Dane Dunning,TEX,326,-2.7,2.1,,5.6,-6.3,-6.2,-1.9,,,,,
437,Shane Bieber,CLE,334,5.7,11.5,,0,-2.2,18.7,2.9,,,,,
438,Yohan Ramírez,5 Tms,79,-2.4,,,5.5,0.5,-7.4,0.6,,,,,
439,Patrick Sandoval,LAA,295,-17.1,,,6.5,-1.1,13.9,2.1,,,,,
440,Michael Rucker,CHC,95,-1.8,-2.2,,-0.5,-0.3,3,2.8,,,,,
441,Bryan Garcia,DET,20.1,0.4,,,,2.9,-1,,,,,,
442,Jorge Alcala,MIN,20.1,-1.7,,,0.6,2.1,-2.2,,,,,,
443,Aaron Civale,2 Tms,225.1,-3.8,9.7,-1.9,7.7,-3.8,-0.3,7.4,,,,,
444,Andrew Vasquez,4 Tms,57,-0.3,,,-0.4,-0.4,4,,,,,,
445,Devin Smeltzer,2 Tms,92.2,-5.2,1.8,,-0.7,2.2,-4.3,-1.1,,,,,
446,Zach Jackson,OAK,66,7.9,,,,-0.4,,2.5,,,,,
447,Jason Foley,DET,130.2,-2,,,24.5,-1,-4.3,,,,,,
448,Jimmy Lambert,CHW,84.2,-3.5,-0.6,,,0.5,-3.2,0.1,,,,,
449,Stephen Nogosek,NYM,47.2,-1.4,-2.3,,0,0,-1.7,-1,,,,,
450,David Bednar,PIT,121,15.5,,4,,,,2.9,,,,,
451,JoJo Romero,2 Tms,55,0.8,-0.1,,2.3,0.2,7.1,,,,,,
452,Sean Poppen,ARI,28.2,,,,1.7,-1.1,-3.8,,,,,,
453,Cionel Pérez,BAL,111,5.9,,,1.2,,7,-2,,,,,
454,Jordan Hicks,3 Tms,132,-0.2,,0.7,13,-0.4,0.7,0.3,,,,,
455,Matt Foster,CHW,45,2.7,,,,-1.9,-1.2,0.8,,,,,
456,Kyle Wright,ATL,211.1,-15.9,,,5.6,7.1,0.8,15.3,,,,,
457,Jason Alexander,MIL,71.2,-0.3,,,-9.6,-7.5,-1.8,,,,,,
458,Gregory Soto,2 Tms,122,-2.1,,,18.3,0.3,-2.1,,,,,,
459,Connor Seabold,2 Tms,105.2,-16.6,,,,-5.2,-15.4,-3,,,,,
460,Matt Swarmer,CHC,34,-6.9,,,,-0.4,-3.6,,,,,,
461,Dustin May,LAD,78,1.7,2.3,,10.3,0.9,2.3,,,,,,
462,Anthony Bender,MIA,21.1,-0.1,,,2.3,0.8,-1.1,,,,,,
463,Jonathan Loáisiga,NYY,68.2,0.6,,,7.6,1.5,1.1,0,,,,,
464,Reiver Sanmartin,CIN,71,-0.4,,,5.2,-11.8,-3.9,,,,,,
465,Shohei Ohtani,LAA,298,11.1,1.2,3.2,-1.2,-0.1,39.9,-1,,,,,
466,Will Vest,DET,113,8.6,,,1,-1.4,2.6,,,,,,
467,Keegan Thompson,CHC,143.2,-2.7,4.9,,2.2,0.9,-0.3,-2.4,,,,,
468,Wil Crowe,PIT,85.2,3.9,,,1.4,-1.9,0.4,-0.8,,,,,
469,Bryan Baker,BAL,114.2,8.5,,,,4.9,2.2,-0.8,,,,,
470,Daniel Castano,MIA,38.2,-3.1,-3,,-4,-1.2,0.5,,,,,,
471,Michael King,2 Tms,163,4.4,,,13.8,10.9,-1.1,,,,,,
472,Brandon Bielak,HOU,94,-4.4,-0.8,,-2.1,3.7,-5.9,-2.7,,,,,
473,Griffin Canning,LAA,132,-5,,,0,6.5,0.3,0,,,,,
474,Drew Carlton,2 Tms,29.1,4.9,,,2,-0.3,-1.7,,,,,,
475,Tucker Davidson,3 Tms,103.1,-11.5,,2.3,-1.1,0.8,-6.8,0.2,,,,,
476,Alex Faedo,DET,120,-4.3,,,,-1.8,3,,,,,,
477,Kevin Ginkel,ARI,96.2,7.5,,,3.3,0,9.7,,,,,,
478,Tanner Houck,BOS,166,-5.6,1.7,-2.5,3,,12.5,,,,,,
479,Alex Lange,DET,129.2,-2.9,,,-3.8,4.3,,9.7,,,,,
480,Corbin Martin,ARI,22.1,-1.5,,,,-0.5,-1.4,-0.4,,,,,
481,Clarke Schmidt,NYY,222,-3.9,2.2,,0.9,-5.8,-1.2,3.9,,,,,
482,Adonis Medina,NYM,23.2,0.3,-2.6,,2.4,-2.9,-1.5,,,,,,
483,José Suarez,LAA,146.1,-6.9,0.3,,5.2,-8.4,-1.1,-1.2,,,,,
484,Tony Santillan,CIN,23,-0.4,,,,,-3.9,,,,,,
485,Trevor Stephan,CLE,132.1,4.3,,4.1,,,3,,,,,,
486,Ian Anderson,ATL,111.2,-4.1,,,,1.7,,-4.9,,,,,
487,Jesús Luzardo,MIA,284,14.3,0.2,,3.9,7.6,-1,,,,,,
488,Joey Wentz,DET,138.1,-19.1,-1.3,,,-2,,-2.3,,,,,
489,Tyson Miller,4 Tms,26,,3.5,,-1.7,-1.7,-1.9,-1.1,,,,,
490,Zach Plesac,CLE,153,-13.3,,,-1.1,-3.1,2.4,-2.5,,,,,
491,Bryse Wilson,2 Tms,192.2,-4.2,9.3,0.1,-0.1,-7.7,-3.4,-4.5,,,,,
492,Joel Kuhnel,2 Tms,71,3,,-3.7,-2.9,,-6.4,,,,,,
493,Dylan Lee,ATL,76.1,2.2,,,,1.1,7.8,,,,,,
494,Tyler Wells,BAL,228.1,1.6,2.9,,,6.6,5.3,-0.2,,,,,
495,Kenny Rosenberg,LAA,43.2,3.3,,,,0.5,-3.8,-0.6,,,,,
496,Wyatt Mills,2 Tms,29.1,3.1,,,-1.1,,-1.2,,,,,,
497,John Schreiber,2 Tms,112.2,1.1,-0.5,,9.1,-1.2,2.8,,,,,,
498,Adrian Morejon,SDP,43.2,1.9,,-1.5,0,-0.1,-0.8,-0.6,,,,,
499,Kaleb Ort,BOS,51.1,-1.9,0.8,,,-1.9,-8.2,,,,,,
500,Bailey Falter,2 Tms,168.2,4.3,,,-5.1,-4.2,-5.4,-5.8,,,,,
501,Mauricio Llovera,2 Tms,51.1,0,-1.9,,6.8,,-2.8,,,,,,
502,Chris Paddack,MIN,27.1,2.8,,,,0.4,0.1,-2.2,,,,,
503,Calvin Faucher,TBR,47,-2.8,-4.6,,-0.3,,3.8,-4.9,,,,,
504,Adam Oller,OAK,94,-13,-1,,-7.9,-4.1,-4.3,,,,,,
505,James Karinchak,CLE,78,5.4,,,,,,3.7,,,,,
506,Nick Nelson,PHI,74,0.5,,,1.4,-5,3.7,0.1,,,,,
507,Nate Pearson,TOR,44.1,4.9,,,,,-1.7,-1.6,,,,,
508,Kyle Muller,2 Tms,92,-17.2,,,-1.4,-4.8,-2,-4.3,,,,,
509,Zach Pop,2 Tms,52.2,,,,3.3,-0.1,1,,,,,,
510,Chad Smith,2 Tms,31.2,,,,-5.8,-0.6,0.3,,,,,,
511,Garrett Whitlock,BOS,155,0.3,-0.1,,4.7,0.1,-2.5,,,,,,
512,Eli Morgan,CLE,136,1.4,,,,3.1,4,0,,,,,
513,Mike Baumann,BAL,101,1,2.4,,,-1.4,4.2,-3.1,,,,,
514,Zach Logue,2 Tms,68,-11,-1.5,,0.6,-1.6,-4.9,,,,,,
515,Griffin Jax,MIN,139.2,4.1,-1.7,,1.4,0,17,-0.4,,,,,
516,Cory Abbott,WSN,87.1,-10.7,,,,-9,-1.6,1,,,,,
517,Jhonathan Diaz,LAA,22.1,-3.3,,,-1.6,-2.9,0.9,1,,,,,
518,David Peterson,NYM,216.2,-2.7,,,1.4,-5.6,-5.5,3.7,,,,,
519,Erich Uelmen,2 Tms,28,-2.6,,,1.3,-0.5,-1.1,,,,,,
520,Zack Kelly,BOS,23,0.8,,,,-3.2,-1,,,,,,
521,Steven Wilson,2 Tms,107.2,2.3,-0.7,,,-3.4,16,,,,,,
522,Brusdar Graterol,LAD,117,0.2,4.6,,23.1,,-0.8,,,,,,
523,Matt Manning,DET,141,9.9,,,2.5,-2.1,4.9,-3.5,,,,,
524,Bruce Zimmermann,BAL,87,-11.7,,,-4.6,-7.6,0.9,-0.3,,,,,
525,Andrés Muñoz,SEA,115.1,-3.5,,,2.9,,25.7,,,,,,
526,Greg Weissert,2 Tms,33.1,1.6,0.2,,1.3,0.3,-1.5,,,,,,
527,Josh Fleming,2 Tms,90,0.2,-1.3,,1.1,-6.6,-1,-2.8,,,,,
528,Jovani Moran,MIN,83,0.1,,,,15.8,-1.8,-0.5,,,,,
529,Ryan Walker,SFG,64.1,0,,,3,,-5,,,,,,
530,Rony García,DET,51,0.8,,,2.4,0.2,-0.8,,,,,,
531,Kyle Nelson,ARI,95,0.7,2.1,,,,0.7,0,,,,,
532,Nick Sandlin,CLE,106,1.9,,,8.6,-0.1,7.3,,,,,,
533,Denyi Reyes,2 Tms,27.1,2.9,-1.8,,-0.1,-5.8,3.9,0.1,,,,,
534,Kutter Crawford,BOS,212.2,4.6,2.6,-2.3,,,6,-4.2,,,,,
535,Edwin Uceta,2 Tms,20,-0.2,0.5,,,1.3,-0.1,,,,,,
536,Grant Anderson,TEX,35.2,-2,,,-2.9,0.2,3.1,,,,,,
537,Bowden Francis,TOR,37,6.4,,,,0,1.2,2.4,,,,,
538,Kirk McCarty,CLE,37.2,-3,,,,-3,1.7,-0.8,,,,,
539,Jackson Tetreault,WSN,21,-1.6,,,,0,-0.9,-1.6,,,,,
540,Yusei Kikuchi,TOR,272.2,-13.6,-1.7,,-0.5,-0.2,-1.5,1.7,,,,,
541,Félix Bautista,BAL,126.2,3.3,,15.1,19.8,,,-2.2,,,,,
542,Cristopher Sánchez,PHI,139.1,,,,3,5.1,-0.5,,,,,,
543,Elvin Rodriguez,2 Tms,33,-9.3,,,-0.7,0.5,-1.6,-1.9,,,,,
544,Eduard Bazardo,3 Tms,32.1,-1,,1.7,-1.6,,,0.8,,,,,
545,Francisco Pérez,2 Tms,25.1,-3.6,,,-1.3,-3.3,3.2,-0.2,,,,,
546,Adrián Martínez,OAK,112.2,,,,-11.4,-3,-0.4,,,,,,
547,Oliver Ortega,2 Tms,48.2,0.7,,,1.9,,-0.5,-2.4,,,,,
548,Jhoan Duran,MIN,130,10.5,,0,5.8,,0.7,6.6,,,,,
549,Emmanuel Clase,CLE,146.1,,20.1,,0.2,,18.8,,,,,,
550,Seth Martinez,HOU,83,-2.5,-0.3,,4.5,-1,4.6,,,,,,
551,Nick Vespi,BAL,41,0.9,,,0,,-4.8,0.6,,,,,
552,Dauri Moreta,2 Tms,96.1,-2.6,,,,0.2,8.9,,,,,,
553,Miguel Yajure,PIT,24.1,-4.5,-4,,-2.2,0.3,0.2,0.5,,,,,
554,Alexis Díaz,CIN,131.1,9.4,,,,,16.8,,,,,,
555,Dany Jiménez,OAK,60,-3.4,,,,0,16.5,,,,,,
556,Humberto Castellanos,ARI,44.1,-1.7,,,-1.8,0.8,-1.8,-2.9,,,,,
557,Connor Brogdon,PHI,74.1,-4.6,-2.6,,,0.1,,,,,,,
558,J.P. France,HOU,142,-0.7,1.6,,0,7.9,-5.4,1,,,,,
559,Bailey Ober,MIN,201.2,5.3,,,,2.8,1,5.2,,,,,
560,Allan Winans,ATL,32.1,-1.3,,,-1.8,1.1,-1.4,,,,,,
561,Jake Bird,COL,140,0,-6.6,,-0.6,-0.3,2.2,2.6,,,,,
562,Tommy Doyle,COL,23.2,-5.4,3.2,,-1.8,,0.9,,,,,,
563,Lucas Gilbreath,COL,43,0.3,,-0.1,,-0.2,0.8,,,,,,
564,Andre Jackson,2 Tms,71,1.4,2.3,,,-3.9,,2.3,,,,,
565,Tylor Megill,NYM,177.2,-3.3,0.3,0.2,,-4.8,-3.2,1.2,,,,,
566,Parker Mushinski,HOU,23.1,-3,-0.9,,0.5,0,-1.8,0.9,,,,,
567,Bennett Sousa,3 Tms,29.1,-3.9,,,1.1,,1.3,,,,,,
568,Glenn Otto,TEX,146.1,-3.9,0.2,,4,0,-4.7,-6.7,,,,,
569,Peter Strzelecki,2 Tms,72,1.5,,,0.8,2.8,0.4,,,,,,
570,Joe Ryan,MIN,314,38.8,-0.3,2.8,0.3,-8.8,-16,-1.3,,,,,
571,Yerry De Los Santos,PIT,50,-1,,,9.1,-0.4,-4.2,,,,,,
572,Ryan Feltner,COL,145.2,-18,,,-3.3,3.5,6.9,-2.8,,,,,
573,Davis Martin,CHW,63.1,-4.6,,,,-0.3,1.5,-0.4,,,,,
574,Konnor Pilkington,CLE,60,0.9,,,,-2.6,0.1,0.5,,,,,
575,Kris Bubic,KCR,145,-22.9,,,,-2.7,1.5,1,,,,,
576,Cole Sands,MIN,54.1,5.7,0.9,-2.5,0.3,-1.6,-9.5,,,,,,
577,Sean Hjelle,SFG,54,-0.1,,,-3.3,-1.7,-2.8,,,,,,
578,Shane McClanahan,TBR,281.1,0.4,,,,32.2,-0.6,16.2,,,,,
579,Jake Irvin,WSN,126,-1.7,-0.3,,-1.7,0.3,,-0.3,,,,,
580,Thaddeus Ward,WSN,35.1,0.4,-1.5,,1.3,0.5,-3.1,,,,,,
581,Hogan Harris,OAK,63,-1.9,-4.4,,,1.4,-1.9,-1.2,,,,,
582,James McArthur,KCR,24.1,0,0.3,,-2.1,,1.4,2.7,,,,,
583,Daniel Lynch IV,KCR,184,-9.8,-1.6,,-3.7,7,-10.5,-0.4,,,,,
584,Jackson Kowar,KCR,43.2,-9.1,,,,-6.1,-3.9,,,,,,
585,Tristan Beck,SFG,85,15.4,,,,-0.1,-2.5,-2.8,,,,,
586,Jake Cousins,MIL,22.2,0.1,,,-1,0,-1.4,,,,,,
587,Luis Medina,OAK,109.2,-3.6,,,-1.4,2.1,-3.9,-1.4,,,,,
588,Elvis Peguero,2 Tms,80.2,,,,3.9,,4,,,,,,
589,Edward Cabrera,MIA,171.1,-1.3,,,-3.7,15.1,0.7,3.3,,,,,
590,Javier Assad,CHC,147,-5,2.2,,15.2,-4,-1.3,-2.1,,,,,
591,José Marte,LAA,20.1,-5.7,,,-0.6,-2.5,1.3,,,,,,
592,Braxton Garrett,MIA,247.2,-4.9,6.6,,13,1.9,-0.7,-10.6,,,,,
593,Cole Ragans,2 Tms,142,-7.3,3.6,,-0.1,16.8,4.8,-0.1,,,,,
594,Mason Thompson,WSN,78.2,-1.9,,,-5,0.1,8,-2.1,,,,,
595,George Soriano,MIA,53.1,-0.4,,,,1.2,2,,,,,,
596,Jordan Balazovic,MIN,24.1,-1.3,,-0.4,,,1.5,-2.2,,,,,
597,Gregory Santos,2 Tms,70,-1.5,,,-5.7,,13.7,,,,,,
598,Max Castillo,2 Tms,59.2,-4,,,,2.9,-3,,,,,,
599,Camilo Doval,SFG,136,0.2,0,,4.3,,14,,,,,,
600,Luis Frías,ARI,50,-7.1,2.4,,0.4,-0.9,-0.5,-3.1,,,,,
601,John King,2 Tms,89.1,0,-3.6,,3.9,3.1,-1.7,,,,,,
602,José Soriano,LAA,45,2.8,-0.7,,-2,,2.9,0.1,,,,,
603,Hunter Greene,CIN,242.1,-18.5,,0.5,,-5.6,6.8,0.1,,,,,
604,MacKenzie Gore,2 Tms,206.1,3.7,,,,-1,-0.8,-5.9,,,,,
605,DL Hall,2 Tms,37,3.5,,,,-0.6,-2.7,-1,,,,,
606,Jonathan Heasley,KCR,119,-10.5,,,,-7.5,-3.2,1.5,,,,,
607,Logan Gilbert,SEA,383.1,10,0.9,2.2,-1.6,1.4,15,2.4,,,,,
608,Shane Baz,TBR,27,-1.7,,,,-0.2,2.2,-1.2,,,,,
609,Tarik Skubal,DET,204,9.9,,,10.3,13.3,6.1,-2.5,,,,,
610,Dylan Coleman,KCR,86.1,0,0.3,,0.7,,-1,,,,,,
611,Trevor Rogers,MIA,130,-9.4,,,1.6,-4.2,-2.8,,,,,,
612,Mason Englert,DET,56,-5.9,,,,-5.7,1.1,-1.1,,,,,
613,Matthew Liberatore,STL,99.1,-7.6,-0.4,,4,-2.8,-2.9,-5.5,,,,,
614,Joe Barlow,TEX,44.2,-2.1,,,,,3.1,-0.8,,,,,
615,Jose Hernandez,PIT,52.2,-8.3,,,,-3.5,10.3,,,,,,
616,Colin Holderman,2 Tms,84.1,-0.1,2.5,,0.4,0.3,6.8,,,,,,
617,Josh Winckowski,BOS,156.2,-0.6,2.1,,-12.6,1.2,1.1,0,,,,,
618,Logan Gillaspie,BAL,26.1,-2.6,,,,-3.9,-0.9,0.4,,,,,
619,Johan Oviedo,2 Tms,233.2,-14.7,,,,-1.3,10.9,6.7,,,,,
620,Taj Bradley,TBR,104.2,-6.5,-5.9,1.5,,,,0.2,,,,,
621,Carlos Hernández,KCR,126,-8.2,,-1.6,-0.1,,-5.7,4.9,,,,,
622,Angel Zerpa,KCR,54.2,1.1,,,2.3,-2.6,-1.7,0.1,,,,,
623,Roansy Contreras,PIT,163.1,-16.2,,,,-1.8,9.8,-2.9,,,,,
624,Luis Patiño,2 Tms,41.2,-5.7,,,0.2,1.9,-6.7,-0.2,,,,,
625,Joan Adon,WSN,116.1,-8.6,,,-1.4,-0.4,-2.8,-14.2,,,,,
626,Osvaldo Bido,PIT,50.2,-5.5,,,0.3,0.6,2,,,,,,
627,Michael Grove,LAD,101.1,-12.6,-0.8,,-1,-0.7,1.5,-0.3,-2.3,,,,
628,Spencer Howard,TEX,41,-5.8,,,,-3.2,-10.1,0.7,,,,,
629,Cody Bolton,2 Tms,24.1,-3.5,0.8,,0.6,-3,-2.5,,,,,,
630,Packy Naughton,STL,37,-2,0.5,,4.4,0.2,-2.8,,,,,,
631,Collin Snider,2 Tms,56.2,0.1,1.4,,-7.9,-0.1,0.5,,,,,,
632,José Buttó,NYM,46,4.3,0.6,,1.8,-6,0,1.3,,,,,
633,Robert Garcia,2 Tms,34,2,,,,1.5,3.7,,,,,,
634,Beau Sulser,2 Tms,22.1,1.2,0.5,,,-3.2,,-1.5,,,,,
635,JP Sears,2 Tms,246,-18.2,-0.6,,-0.5,5.7,3.2,,,,,,
636,Tom Cosgrove,SDP,53.2,3.9,,,1.7,-0.1,3.5,,,,,,
637,Brandon Hughes,CHC,71.1,-3.1,,,0.2,-0.3,4.2,,,,,,
638,Ron Marinaccio,NYY,91.1,10.5,-1.4,,,1.9,-0.6,,,,,,
639,Keaton Winn,SFG,42.1,-2.6,,3.8,0.6,,0.5,,,,,,
640,Aaron Ashby,MIL,107.1,-2.1,,,-1,-5.3,-0.4,2.2,,,,,
641,Luis Garcia,HOU,184.1,-7.7,12.8,,-0.4,2.3,1.3,1.1,,,,,
642,Justin Bruihl,2 Tms,51.2,-0.1,-0.9,,2.7,,-2.4,,,,,,
643,Ryan Weathers,2 Tms,65.1,-11,,,-0.5,-2.8,-2.2,,,,,,
644,Ray Kerr,SDP,32,-2.6,0.8,,-1.7,0.1,,2.1,,,,,
645,Brayan Bello,BOS,219.1,-15.9,-3.5,,2.2,12.2,-9.3,-0.5,,,,,
646,Jose A. Ferrer,WSN,34,2.8,,,-0.5,-0.1,-1.4,,,,,,
647,Grayson Rodriguez,BAL,128,-8,-3.3,,,11.2,5.8,-0.3,,,,,
648,Josiah Gray,WSN,311.2,-29.5,-1,,-4,-4.7,3.5,3.2,,,,,
649,Kyle Bradish,BAL,286.1,,-16.6,,8.6,0.1,18.1,18.3,,,,,
650,Drew Rom,STL,33.2,-7.2,,-3,-3.7,0.3,-3.9,,,,,,
651,Austin Cox,KCR,35.2,0.1,,,,0,1.4,1.4,,,,,
652,Josh Winder,MIN,101.2,-16.9,,,0.6,-4.2,11.5,2.6,,,,,
653,Randy Vásquez,NYY,37.2,2.3,-2.1,,0.7,1,-1.7,,,,,,
654,Gus Varland,2 Tms,20.2,-0.6,,,,-0.7,-5.1,,,,,,
655,Andrew Wantz,LAA,89.2,4.3,2.5,,,-2.4,8,,,,,,
656,Reese Olson,DET,103.2,4.7,,,3.6,2.4,-0.9,0.2,,,,,
657,Cooper Criswell,TBR,36.1,,1.7,,-2.8,-2.8,-0.2,,,,,,
658,Colin Selby,PIT,24,,,,-2.7,,-0.1,-0.4,,,,,
659,Alex Vesia,LAD,106.1,13.2,,,,0.5,-3.5,,,,,,
660,Lane Ramsey,CHW,20,0.7,,,,,-1.7,,,,,,
661,Garrett Hill,DET,76,1.3,,,1.9,-4.4,-4.7,-1.1,,,,,
662,Tim Herrin,CLE,29.2,1.2,0.6,,0,,-1.3,,,,,,
663,Penn Murfee,SEA,83.1,4.7,,,-0.5,,15.9,,,,,,
664,Joe Jacques,BOS,26.2,,,,0.7,-0.6,-3.7,,,,,,
665,Abner Uribe,MIL,32.2,1,,,3.9,,2.6,,,,,,
666,Nick Mears,2 Tms,23.1,1.7,,,,,-1.5,3,,,,,
667,Brady Singer,KCR,320,-0.6,,,-6.6,-2.2,5.9,,,,,,
668,Sam Long,2 Tms,87.1,-4.8,,,,-0.9,-1.3,0.4,,,,,
669,Drew Rasmussen,TBR,190.2,8.7,12.1,,3.6,,2.6,0.8,,,,,
670,Jhony Brito,2 Tms,93.1,-1.3,-0.5,,5,2,-3,,,,,,
671,Cody Morris,CLE,31.2,-5.1,-0.4,,,0.1,,0.7,,,,,
672,Gavin Hollowell,COL,40.2,0.5,0.1,,-5.6,0,0.4,,,,,,
673,George Kirby,SEA,327.1,33.1,,2,4.4,-4.8,-2.1,0,,0,,,
674,Brandon Williamson,CIN,117,-1.1,10.2,,0,-1.6,-3,-2.2,,,,,
675,Joe La Sorsa,2 Tms,32.2,-1.3,,,-3.7,0.2,6,,,,,,
676,Matt Waldron,SDP,41.1,-1.6,0.2,,3.6,,-0.6,,,-2.6,,,
677,Isaiah Campbell,2 Tms,30.2,-2.5,10.1,,,,-1.3,,,,,,
678,Sammy Peralta,CHW,20,,,,-2.1,-0.3,1.8,,,,,,
679,Xzavion Curry,CLE,104.1,-4.5,,,,-0.2,6.3,-4.2,,,,,
680,Hunter Gaddis,CLE,51.1,-6.3,-0.1,,,-4,0.4,-1.1,,,,,
681,Kevin Kelly,TBR,67,0.1,-3.3,,10.7,,1.9,,,,,,
682,Matt Brash,SEA,121.1,-6.5,-0.5,,-0.3,-0.3,14.5,2.2,,,,,
683,Peyton Battenfield,CLE,34.2,-5.4,5.7,,,-1,,0,,,,,
684,Noah Davis,COL,31,-0.3,0.4,0,-7.7,-4,-1.1,-0.5,,,,,
685,Hunter Brown,HOU,180,4.9,-0.5,,0,0.5,-3.5,-3.8,,,,,
686,Yennier Cano,2 Tms,91.2,0.4,,,7.4,1.5,-1.3,,,,,,
687,Zack Thompson,STL,106.1,3,0.7,0.4,,-1,0.6,2.8,-0.4,,,,
688,Darius Vines,ATL,20.1,1.7,-1,,,-1,0.4,,,,,,
689,Andrew Nardi,MIA,73.2,-4.5,,,,-0.7,-3.4,,,,,,
690,Quinn Priester,PIT,50,-6.1,,,1.9,-1.7,-5.4,-3.5,,,,,
691,Brendan White,DET,40.2,4.5,0.2,,0.7,-0.2,-7.3,,,,,,
692,Sawyer Gipson-Long,DET,20,2,-0.1,,2.9,-1.3,-0.9,,,,,,
693,Brandon Walter,BOS,23,0.7,3.2,,-2.8,-7.3,0.8,,,,,,
694,Beau Brieske,DET,116.2,0.3,,,2,4.4,-2.4,-4.4,,,,,
695,Andre Pallante,STL,179,15.6,,,-5.3,0.1,-1.5,-12.9,,,,,
696,Amos Willingham,WSN,24.1,-8.9,,,,0.2,-1,,,,,,
697,Chris Murphy,BOS,47.2,-4.7,-1.3,,,1.8,-1.3,4.4,,,,,
698,Jackson Rutledge,WSN,20,0.6,,,0.2,-4.6,1.6,-1.9,,,,,
699,Ryan Pepiot,LAD,78.1,6.6,-0.4,,,0.7,,,,,,,
700,Nick Robertson,2 Tms,22.1,-0.1,,,,-3.3,-1.9,,,,,,
701,Tyler Holton,2 Tms,96.2,7.2,5.3,,9.3,3.5,2.9,-0.6,,,,,
702,Ryne Nelson,ARI,162.1,-4.9,,,,0.1,-4.1,-3.2,,,,,
703,Drey Jameson,ARI,65,0.5,0,,-0.9,2.4,3.3,-0.4,,,,,
704,Tommy Henry,ARI,140,-9.2,,,-0.9,-0.7,1.8,2.4,,,,,
705,Bryan Hoeing,MIA,87.1,-3.2,,0.4,-8.4,-5.8,3.3,,,,,,
706,Nick Lodolo,CIN,137.2,0.5,0,,-2.5,-6,-6.3,0.6,,,,,
707,Alek Manoah,TOR,284,4.7,0,,12.2,0.4,-1,,,,,,
708,Alec Marsh,KCR,74.1,-4.4,,,2.3,-7.3,-4.5,-1.6,,,,,
709,Reid Detmers,LAA,282.2,-1.5,,,2.6,-5.7,12,1.4,,,,,
710,Jared Shuster,ATL,52.2,-3.1,,,,-4,3.1,,,,,,
711,Bryce Jarvis,ARI,26.2,4.7,,,-1,0.3,1.4,0.6,,,,,
712,Bobby Miller,LAD,130.1,5.3,,,10.1,2.9,-2.9,4.4,,,,,
713,Karl Kauffmann,COL,35,-2.3,0.2,,-2.9,0.7,-1.2,,,,,,
714,Spencer Strider,ATL,323.1,29.6,,,,1.8,27.7,-0.3,,,,,
715,Slade Cecconi,ARI,27,1.4,,,,-1.7,0.2,-0.6,,,,,
716,Kohei Arihara,TEX,20,-1.5,-5.5,1.2,-5.1,-0.1,-1.8,0,,,,,
717,Hirokazu Sawamura,BOS,50.2,-1,,3.4,,,1.3,,,,,,
718,Jared Koenig,OAK,39.1,0.3,-1,,,-2.9,,-0.1,,,,,
719,Graham Ashcraft,CIN,250.2,3.4,1.7,,-7.2,-1.4,-7.9,,,,,,
720,Carmen Mlodzinski,PIT,36,3.3,1,,-0.1,-0.2,0,,,,,,
721,Hayden Wesneski,CHC,122.1,-2.7,-1.5,,-1.9,-1.4,11.3,,,,,,
722,Logan Allen,CLE,130.1,-1.6,-4.2,,0.8,5.9,-4.4,,,,,,
723,Cody Bradford,TEX,61,1.8,-2.5,,,2.3,-1.5,,,,,,
724,Luis L. Ortiz,PIT,106.2,-11.6,-0.1,,9.1,1.6,-2.6,,,,,,
725,Connor Phillips,CIN,20.2,-3.6,,,,-0.1,3.3,-1.1,,,,,
726,Ken Waldichuk,OAK,175.2,-12.6,,,,-4,-3.8,-1.3,,,,,
727,Louie Varland,MIN,94,-0.7,,,0.6,-0.4,-1.9,-0.2,,,,,
728,Brent Headrick,MIN,25.2,-4,-0.8,,,-1.1,-0.5,,,,,,
729,Kyle Harrison,SFG,40.2,5.2,-0.4,,,-2,,-5.6,,,,,
730,Eury Pérez,MIA,91.1,-5.2,,,,1.4,4.2,2.8,,,,,
731,Bryce Elder,ATL,228.2,-1.2,-0.2,,1.6,3,12.7,,,,,,
732,Brandon Pfaadt,ARI,101,-10.3,,,0.9,-7.8,5.1,-1.6,,,,,
733,Gavin Stone,LAD,36,-7.9,-1,,0.1,0.5,-5,0.2,,,,,
734,Daniel Palencia,CHC,28.1,1.4,,,1.1,-0.1,-1,0.2,,,,,
735,Bryce Miller,SEA,136.1,2.8,2.3,0.3,1.1,0.8,-1.4,-1.5,,,,,
736,Emmet Sheehan,LAD,60.1,0.2,,,,0.9,3.6,,,,,,
737,Andrew Abbott,CIN,109.1,-0.3,,,0,3,4.6,-7,,,,,
738,Dylan Dodd,ATL,34.1,-4.3,-2,,,-2,-6.6,,,,,,
739,Grant Hartwig,NYM,35.1,,0.3,,-1.8,-0.1,-1.1,,,,,,
740,AJ Smith-Shawver,ATL,25.1,1.2,,2.2,,,-0.4,-1.8,,,,,
741,Chase Silseth,LAA,81,-7.8,2.6,-0.1,2.6,,4.7,-1.7,,,,,
742,Jordan Wicks,CHC,38.2,-1.1,-2.5,,3.4,1.8,-1.6,-1.3,,,,,
743,Robert Suarez,SDP,77.2,5.9,-0.5,,9.6,3,-2.5,-0.4,,,,,
744,Gavin Williams,CLE,82,2.5,,,,-2.5,7,-2.8,,,,,
745,Tanner Bibee,CLE,146,5.1,,,,4.4,7.7,-2.3,,,,,
746,Bryan Woo,SEA,87.2,4.6,-0.8,,4.9,-1.3,-2.1,,,,,,
747,Mason Miller,OAK,34.1,1.7,-1.6,,,0.4,3,,,,,,
748,Kodai Senga,NYM,166.1,2.2,17.5,6.6,,,-3.3,-0.6,,,,,
749,Shintaro Fujinami,2 Tms,79,1.2,3.3,-4.1,-0.5,,-1.9,-0.8,,,,,
