Name,Position,Team,score,
Ronald Acuña Jr.,RF,ATL,710,
Spencer Strider,P,ATL,679.6,
Gerrit Cole,P,NYY,678,OUT
Zac Gallen,P,ARI,664,
Logan Webb,P,SFG,652,
Luis Castillo,P,SEA,636,
Blake Snell,P,SDP,630,
Kevin Gausman,P,TOR,614,
Framber Valdez,P,HOU,610,
Pablo López,P,MIN,607,
Zack Wheeler,P,PHI,599,
Corbin Burnes,P,MIL,589.6,
Chris Bassitt,P,TOR,589,
George Kirby,P,SEA,587.6,
Zach Eflin,P,TBR,585.6,
Freddie Freeman,1B,LAD,580,
Matt Olson,1B,ATL,579,
Mookie Betts,2B,LAD,577,
Mookie Betts,SS,LAD,577,
Mookie Betts,RF,LAD,577,
Logan Gilbert,P,SEA,574.6,
Mitch Keller,P,PIT,569.3,
Aaron Nola,P,PHI,567.6,
José Berríos,P,TOR,561.6,
Freddy Peralta,P,MIL,559.6,
Jesús Luzardo,P,MIA,553.6,
Sonny Gray,P,MIN,547,
Jordan Montgomery,P,2 Tms,543.6,
Merrill Kelly,P,ARI,541.6,
Kyle Bradish,P,BAL,538.6,
Justin Steele,P,CHC,538.3,
Kodai Senga,P,NYM,537.3,
Kyle Tucker,RF,HOU,533,
Lucas Giolito,P,3 Tms,527.3,
Juan Soto,LF,SDP,527,
Marcus Semien,2B,TEX,519,
Joe Ryan,P,MIN,515.6,
Shohei Ohtani,P,LAA,511,
José Ramírez,3B,CLE,507,
Charlie Morton,P,ATL,501.3,
Kyle Gibson,P,BAL,499,
Justin Verlander,P,2 Tms,493.3,
Max Scherzer,P,2 Tms,490.6,
Sandy Alcantara,P,MIA,489.6,
Lance Lynn,P,2 Tms,486.6,
Nick Pivetta,P,BOS,484.6,
Alex Bregman,3B,HOU,484,
Yusei Kikuchi,P,TOR,482.6,
Dylan Cease,P,CHW,481,
Bobby Witt Jr.,SS,KCR,479,
Miles Mikolas,P,STL,478.3,
Eduardo Rodriguez,P,DET,477.6,
Johan Oviedo,P,PIT,474.6,
Braxton Garrett,P,MIA,465.6,
JP Sears,P,OAK,465.3,
Corbin Carroll,LF,ARI,465,
Corbin Carroll,RF,ARI,465,
Corbin Carroll,CF,ARI,465,
Ozzie Albies,2B,ATL,465,
Hunter Brown,P,HOU,463.6,
Dane Dunning,P,TEX,462.6,
Dean Kremer,P,BAL,458.6,
Corey Seager,SS,TEX,453,
Shohei Ohtani,P,LAA,452,
Francisco Lindor,SS,NYM,450,
Emmanuel Clase,P,CLE,448.6,
Taijuan Walker,P,PHI,448.6,
Clayton Kershaw,P,LAD,444.6,
Alexis Díaz,P,CIN,444.3,
Félix Bautista,P,BAL,442,
Bailey Ober,P,MIN,439.3,
Camilo Doval,P,SFG,438.6,
Julio Rodríguez,CF,SEA,437,
Austin Riley,3B,ATL,436,
Brayan Bello,P,BOS,434,
Bryce Elder,P,ATL,433.6,
Cristian Javier,P,HOU,433,
Devin Williams,P,MIL,431.6,
Rafael Devers,3B,BOS,431,
Cody Bellinger,CF,CHC,430,
Cody Bellinger,1B,CHC,430,
Tyler Glasnow,P,TBR,430,
Christian Walker,1B,ARI,427,
Nathan Eovaldi,P,TEX,427,
Ketel Marte,2B,ARI,424,
Luis Arraez,1B,MIA,423,
Luis Arraez,2B,MIA,423,
Josiah Gray,P,WSN,423,
Tanner Bibee,P,CLE,423,
Jon Gray,P,TEX,422.3,
Jordan Lyles,P,KCR,421.6,
Pete Alonso,1B,NYM,420,
Seth Lugo,P,SDP,419.3,
Clarke Schmidt,P,NYY,419,
Adley Rutschman,C,BAL,418,
Yandy Díaz,3B,TBR,418,
Yandy Díaz,1B,TBR,418,
Patrick Corbin,P,WSN,418,
Jameson Taillon,P,CHC,417.3,
Vladimir Guerrero Jr.,1B,TOR,416,
David Bednar,P,PIT,413.3,
Michael Wacha,P,SDP,412.3,
Nico Hoerner,2B,CHC,412,
Nico Hoerner,SS,CHC,412,
Gleyber Torres,2B,NYY,410,
Michael Lorenzen,P,2 Tms,409,
Reid Detmers,P,LAA,405.6,
Kyle Schwarber,LF,PHI,405,
Marcell Ozuna,LF,ATL,404,
Andrew Heaney,P,TEX,401.3,
Christian Yelich,LF,MIL,401,
Steven Kwan,LF,CLE,401,
Trea Turner,SS,PHI,398,
Adolis García,RF,TEX,396,
Adolis García,CF,TEX,396,
Drew Smyly,P,CHC,395.3,
Yordan Alvarez,LF,HOU,395,
Yu Darvish,P,SDP,393.3,
Jordan Romano,P,TOR,393,
Kutter Crawford,P,BOS,391.3,
Marcus Stroman,P,CHC,390.6,
Alex Cobb,P,SFG,389.3,
Craig Kimbrel,P,PHI,388,
MacKenzie Gore,P,WSN,386.3,
Ian Happ,LF,CHC,382,
Justin Turner,2B,BOS,381,
Justin Turner,1B,BOS,381,
Justin Turner,3B,BOS,381,
Bobby Miller,P,LAD,377.3,
Mike Clevinger,P,CHW,377.3,
Paul Goldschmidt,1B,STL,377,
Michael King,P,NYY,376.6,
Tyler Wells,P,BAL,376.6,
Brady Singer,P,KCR,376.6,
Griffin Canning,P,LAA,376,
Bryce Miller,P,SEA,374.3,
Spencer Steer,2B,CIN,374,
Spencer Steer,RF,CIN,374,
Spencer Steer,LF,CIN,374,
Spencer Steer,3B,CIN,374,
Spencer Steer,1B,CIN,374,
Patrick Sandoval,P,LAA,373.6,
Ryan Pressly,P,HOU,373.3,
Josh Hader,P,SDP,371.3,
Nolan Arenado,3B,STL,369,
Alec Bohm,3B,PHI,368,
Alec Bohm,1B,PHI,368,
Fernando Tatis Jr.,RF,SDP,368,
Fernando Tatis Jr.,CF,SDP,368,
Xander Bogaerts,SS,SDP,368,
Tanner Scott,P,MIA,368,
Julio Urías,P,LAD,367.3,
Carlos Santana,1B,2 Tms,367,
Rich Hill,P,2 Tms,366.3,
Max Muncy,3B,LAD,366,
J.P. Crawford,SS,SEA,365,
Anthony Santander,1B,BAL,364,
Anthony Santander,RF,BAL,364,
Brandon Nimmo,LF,NYM,364,
Brandon Nimmo,CF,NYM,364,
Bryce Harper,1B,PHI,364,
Gunnar Henderson,SS,BAL,364,
Gunnar Henderson,3B,BAL,364,
Isaac Paredes,3B,TBR,364,
Isaac Paredes,2B,TBR,364,
Isaac Paredes,1B,TBR,364,
Paul Sewald,P,2 Tms,363.6,
George Springer,RF,TOR,363,
Bryan Reynolds,CF,PIT,362,
Bryan Reynolds,LF,PIT,362,
Manny Machado,3B,SDP,362,
Lane Thomas,CF,WSN,361,
Lane Thomas,RF,WSN,361,
Nathaniel Lowe,1B,TEX,360,
Randy Arozarena,LF,TBR,359,
Raisel Iglesias,P,ATL,358.6,
Jhoan Duran,P,MIN,357.3,
Bryson Stott,2B,PHI,356,
William Contreras,C,MIL,356,
Jack Flaherty,P,2 Tms,355.3,
Josh Naylor,1B,CLE,354,
Aaron Civale,P,2 Tms,353.3,
Shane McClanahan,P,TBR,353,
Spencer Torkelson,1B,DET,352,
TJ Friedl,CF,CIN,352,
TJ Friedl,LF,CIN,352,
Kyle Hendricks,P,CHC,352,
J.P. France,P,HOU,351.3,
Alex Lange,P,DET,351,
Kyle Finnegan,P,WSN,350.3,
Graham Ashcraft,P,CIN,349.6,
Aaron Judge,CF,NYY,349,
Aaron Judge,RF,NYY,349,
Luis Robert Jr.,CF,CHW,349,
Ha-Seong Kim,2B,SDP,348,
Ha-Seong Kim,3B,SDP,348,
Ha-Seong Kim,SS,SDP,348,
Zack Greinke,P,KCR,347.3,
Sean Manaea,P,SFG,345.6,
Nick Castellanos,RF,PHI,345,
Carlos Estévez,P,LAA,344.3,
Kyle Freeland,P,COL,343.6,
Masataka Yoshida,LF,BOS,343,
CJ Abrams,SS,WSN,342,
Logan Allen,P,CLE,341.3,
Jorge Soler,RF,MIA,340,
Wander Franco,SS,TBR,339,
Shane Bieber,P,CLE,339,
Lourdes Gurriel Jr.,LF,ARI,338,
Will Smith,C,LAD,338,
Will Smith,P,LAD,338,
Seiya Suzuki,RF,CHC,337,
Jeff McNeil,2B,NYM,335,
Jeff McNeil,RF,NYM,335,
Jeff McNeil,CF,NYM,335,
Jeff McNeil,LF,NYM,335,
Evan Phillips,P,LAD,332.3,
Colin Rea,P,MIL,331.6,
Bo Bichette,SS,TOR,330,
Matt Strahm,P,PHI,328.6,
Kenta Maeda,P,MIN,328.3,
Josh Lowe,LF,TBR,328,
Josh Lowe,RF,TBR,328,
Josh Lowe,CF,TBR,328,
Grayson Rodriguez,P,BAL,328,
Domingo Germán,P,NYY,326.6,
Andrew Abbott,P,CIN,326.3,
Clay Holmes,P,NYY,326,
Wade Miley,P,MIL,325.3,
Hunter Greene,P,CIN,324,
Alex Verdugo,RF,BOS,323,
Michael Kopech,P,CHW,322.3,
Chris Sale,P,BOS,321.6,
David Robertson,P,2 Tms,321.3,
Jeimer Candelario,3B,2 Tms,320,
Jeimer Candelario,1B,2 Tms,320,
Ken Waldichuk,P,OAK,320,
Adbert Alzolay,P,CHC,320,
Michael Harris II,CF,ATL,319,
Ryne Nelson,P,ARI,318,
Dansby Swanson,SS,CHC,317,
Martín Pérez,P,TEX,316.6,
Andrés Giménez,2B,CLE,313,
Joey Meneses,1B,WSN,313,
Cole Ragans,P,2 Tms,312,
Keibert Ruiz,C,WSN,311,
Reese Olson,P,DET,310.6,
Nick Martinez,P,SDP,309.3,
Ranger Suárez,P,PHI,309,
Joe Musgrove,P,SDP,308.3,
Tyler Anderson,P,LAA,306,
Whit Merrifield,2B,TOR,305,
Whit Merrifield,RF,TOR,305,
Whit Merrifield,LF,TOR,305,
Jonah Heim,C,TEX,304,
Tylor Megill,P,NYM,303.3,
Trevor Williams,P,WSN,302.3,
Jose Altuve,2B,HOU,302,
Eury Pérez,P,MIA,301.3,
Austin Gomber,P,COL,301,
Pete Fairbanks,P,TBR,299.3,
Kenley Jansen,P,BOS,298.6,
Andrew Benintendi,LF,CHW,298,
J.D. Martinez,LF,LAD,298,
Andrew Vaughn,1B,CHW,297,
Taj Bradley,P,TBR,296.6,
Wilmer Flores,2B,SFG,296,
Wilmer Flores,3B,SFG,296,
Wilmer Flores,1B,SFG,296,
Tarik Skubal,P,DET,295.3,
Edward Cabrera,P,MIA,294.6,
Tanner Houck,P,BOS,293,
Cristopher Sánchez,P,PHI,291.3,
Brandon Williamson,P,CIN,291,
Jake Burger,1B,2 Tms,290,
Jake Burger,2B,2 Tms,290,
Jake Burger,3B,2 Tms,290,
Max Kepler,RF,MIN,290,
Willy Adames,SS,MIL,290,
Javier Assad,P,CHC,289.3,
Will Smith,P,TEX,288.3,
Adrian Houser,P,MIL,288.3,
A.J. Puk,P,MIA,287.6,
Triston Casas,1B,BOS,287,
Josh Bell,1B,2 Tms,286,
Tommy Edman,SS,STL,286,
Tommy Edman,CF,STL,286,
Tommy Edman,RF,STL,286,
Tommy Edman,2B,STL,286,
Ke'Bryan Hayes,3B,PIT,285,
Matt Brash,P,SEA,284.6,
Cal Raleigh,C,SEA,284,
Lars Nootbaar,LF,STL,284,
Lars Nootbaar,RF,STL,284,
Lars Nootbaar,CF,STL,284,
Steven Matz,P,STL,283,
Jordan Hicks,P,2 Tms,282.6,
Jeremy Peña,SS,HOU,281,
Jonathan India,2B,CIN,281,
Leody Taveras,CF,TEX,281,
David Peterson,P,NYM,280,
Ty France,1B,SEA,279,
Bryan De La Cruz,CF,MIA,278,
Bryan De La Cruz,RF,MIA,278,
Bryan De La Cruz,LF,MIA,278,
Jake Irvin,P,WSN,278,
Austin Hays,CF,BAL,277,
Austin Hays,RF,BAL,277,
Austin Hays,LF,BAL,277,
Tommy Pham,CF,2 Tms,277,
Tommy Pham,RF,2 Tms,277,
Tommy Pham,LF,2 Tms,277,
Bryan Abreu,P,HOU,277,
Justin Lawrence,P,COL,277,
James Paxton,P,BOS,275,
Jhony Brito,P,NYY,274.3,
Brandon Drury,2B,LAA,274,
Brandon Drury,1B,LAA,274,
LaMonte Wade Jr.,RF,SFG,274,
LaMonte Wade Jr.,LF,SFG,274,
LaMonte Wade Jr.,1B,SFG,274,
Orlando Arcia,SS,ATL,274,
José Abreu,1B,HOU,272,
Tony Gonsolin,P,LAD,272,
James Outman,CF,LAD,271,
James Outman,RF,LAD,271,
James Outman,LF,LAD,271,
Nolan Jones,LF,COL,271,
Nolan Jones,CF,COL,271,
Nolan Jones,1B,COL,271,
Nolan Jones,RF,COL,271,
Teoscar Hernández,RF,SEA,271,
J.T. Realmuto,C,PHI,270,
Mauricio Dubón,CF,HOU,270,
Mauricio Dubón,2B,HOU,270,
Mauricio Dubón,SS,HOU,270,
Mauricio Dubón,1B,HOU,270,
Mauricio Dubón,LF,HOU,270,
Eddie Rosario,LF,ATL,269,
Mark Canha,RF,2 Tms,269,
Mark Canha,1B,2 Tms,269,
Mark Canha,LF,2 Tms,269,
Chas McCormick,CF,HOU,268,
Chas McCormick,RF,HOU,268,
Chas McCormick,LF,HOU,268,
Willson Contreras,C,STL,268,
Joel Payamps,P,MIL,267.6,
Aroldis Chapman,P,2 Tms,267.3,
Amed Rosario,2B,2 Tms,266,
Amed Rosario,SS,2 Tms,266,
Ryan McMahon,3B,COL,266,
Ryan McMahon,2B,COL,266,
Luis Medina,P,OAK,264.6,
Ryan Yarbrough,P,2 Tms,264.6,
Tyler Holton,P,DET,264.3,
A.J. Minter,P,ATL,263.6,
Carlos Correa,SS,MIN,261,
Sean Murphy,C,ATL,261,
Hunter Harvey,P,WSN,260.6,
Luis García Jr.,2B,WSN,260,
Pierce Johnson,P,2 Tms,259.6,
Ezequiel Tovar,SS,COL,259,
Geraldo Perdomo,SS,ARI,259,
Geraldo Perdomo,3B,ARI,259,
Geraldo Perdomo,2B,ARI,259,
Harold Ramírez,LF,TBR,258,
Harold Ramírez,1B,TBR,258,
Harold Ramírez,RF,TBR,258,
Jack Suwinski,LF,PIT,258,
Jack Suwinski,RF,PIT,258,
Jack Suwinski,CF,PIT,258,
Anthony DeSclafani,P,SFG,257.6,
Scott McGough,P,ARI,257.3,
Griffin Jax,P,MIN,257.3,
Adam Frazier,RF,BAL,257,
Adam Frazier,LF,BAL,257,
Adam Frazier,2B,BAL,257,
Daulton Varsho,CF,TOR,257,
Daulton Varsho,LF,TOR,257,
Ryan Mountcastle,1B,BAL,257,
Scott Barlow,P,2 Tms,257,
Paul Blackburn,P,OAK,256.6,
Eugenio Suárez,3B,SEA,256,
Salvador Perez,1B,KCR,256,
Salvador Perez,C,KCR,256,
Cedric Mullins,CF,BAL,255,
Yennier Cano,P,BAL,254.6,
Dominic Smith,1B,WSN,254,
Eloy Jiménez,RF,CHW,254,
Andrés Muñoz,P,SEA,253,
Kevin Ginkel,P,ARI,252.3,
Bryan Woo,P,SEA,251.6,
Héctor Neris,P,HOU,251.3,
Reynaldo López,P,3 Tms,251,
Kendall Graveman,P,2 Tms,249.3,
Jason Adam,P,TBR,248.3,
Josh Jung,3B,TEX,248,
Max Fried,P,ATL,246.6,
Hunter Renfroe,1B,2 Tms,246,
Hunter Renfroe,RF,2 Tms,246,
Luis Rengifo,RF,LAA,246,
Luis Rengifo,CF,LAA,246,
Luis Rengifo,LF,LAA,246,
Luis Rengifo,2B,LAA,246,
Luis Rengifo,3B,LAA,246,
Luis Rengifo,SS,LAA,246,
Brandon Pfaadt,P,ARI,246,
Adam Ottavino,P,NYM,245.6,
Randal Grichuk,CF,2 Tms,245,
Randal Grichuk,RF,2 Tms,245,
Randal Grichuk,LF,2 Tms,245,
Jakob Junis,P,SFG,245,
Jake Fraley,RF,CIN,244,
Jake Fraley,LF,CIN,244,
Kerry Carpenter,LF,DET,244,
Kerry Carpenter,RF,DET,244,
Thairo Estrada,2B,SFG,244,
Thairo Estrada,LF,SFG,244,
Thairo Estrada,SS,SFG,244,
Michael Tonkin,P,ATL,244,
Charlie Blackmon,RF,COL,243,
Nolan Gorman,3B,STL,242,
Nolan Gorman,2B,STL,242,
Zack Littell,P,2 Tms,241,
Luke Weaver,P,3 Tms,240.6,
Ian Gibaut,P,CIN,240.6,
Josh Winckowski,P,BOS,240.3,
Andrew McCutchen,RF,PIT,240,
Colin Poche,P,TBR,239.6,
Brusdar Graterol,P,LAD,239.3,
Yainer Diaz,C,HOU,239,
Yainer Diaz,1B,HOU,239,
Trevor Stephan,P,CLE,238.6,
Anthony Volpe,SS,NYY,238,
Brent Rooker,LF,OAK,238,
Brent Rooker,RF,OAK,238,
Christopher Morel,3B,CHC,238,
Christopher Morel,SS,CHC,238,
Christopher Morel,2B,CHC,238,
Christopher Morel,CF,CHC,238,
Christopher Morel,LF,CHC,238,
Christopher Morel,RF,CHC,238,
Esteury Ruiz,LF,OAK,238,
Esteury Ruiz,RF,OAK,238,
Esteury Ruiz,CF,OAK,238,
Matt Chapman,3B,TOR,238,
Miguel Castro,P,ARI,237.6,
Trevor May,P,OAK,237.6,
Elias Díaz,C,COL,236,
Kirby Yates,P,ATL,235.3,
Joey Wentz,P,DET,234.6,
Joc Pederson,RF,SFG,233,
Joc Pederson,LF,SFG,233,
MJ Melendez,C,KCR,233,
MJ Melendez,LF,KCR,233,
MJ Melendez,RF,KCR,233,
Julian Merryweather,P,CHC,233,
Gavin Williams,P,CLE,233,
Brandon Woodruff,P,MIL,233,
Buck Farmer,P,CIN,233,
DJ LeMahieu,3B,NYY,232,
DJ LeMahieu,2B,NYY,232,
DJ LeMahieu,1B,NYY,232,
Jake Cronenworth,2B,SDP,232,
Jake Cronenworth,1B,SDP,232,
Matt Vierling,3B,DET,232,
Matt Vierling,LF,DET,232,
Matt Vierling,CF,DET,232,
Matt Vierling,RF,DET,232,
Brandon Lowe,2B,TBR,231,
Jurickson Profar,1B,2 Tms,231,
Jurickson Profar,RF,2 Tms,231,
Jurickson Profar,LF,2 Tms,231,
Bryse Wilson,P,MIL,230.6,
Brandon Marsh,LF,PHI,230,
Brandon Marsh,RF,PHI,230,
Brandon Marsh,CF,PHI,230,
Matt McLain,SS,CIN,230,
Matt McLain,2B,CIN,230,
Hayden Wesneski,P,CHC,229.3,
J.D. Davis,3B,SFG,229,
J.D. Davis,1B,SFG,229,
Jordan Walker,LF,STL,229,
Jordan Walker,RF,STL,229,
Erik Swanson,P,TOR,228.6,
Alex Wood,P,SFG,228.6,
Jason Heyward,RF,LAD,227,
Jason Heyward,1B,LAD,227,
Jason Heyward,LF,LAD,227,
Jason Heyward,CF,LAD,227,
Michael Conforto,LF,SFG,227,
Michael Conforto,RF,SFG,227,
Touki Toussaint,P,2 Tms,227,
Carlos Hernández,P,KCR,227,
Enrique Hernández,LF,2 Tms,226,
Enrique Hernández,1B,2 Tms,226,
Enrique Hernández,RF,2 Tms,226,
Enrique Hernández,3B,2 Tms,226,
Enrique Hernández,CF,2 Tms,226,
Enrique Hernández,2B,2 Tms,226,
Enrique Hernández,SS,2 Tms,226,
Lucas Sims,P,CIN,226,
Justin Topa,P,SEA,225,
Tyler Rogers,P,SFG,225,
Jason Foley,P,DET,225,
Ben Lively,P,CIN,224.6,
Shintaro Fujinami,P,2 Tms,223,
Connor Joe,RF,PIT,222,
Connor Joe,LF,PIT,222,
Connor Joe,1B,PIT,222,
Emilio Pagán,P,MIN,221.3,
Maikel Garcia,3B,KCR,221,
Maikel Garcia,SS,KCR,221,
Maikel Garcia,2B,KCR,221,
Taylor Ward,LF,LAA,220,
Tristan Beck,P,SFG,220,
Andrew Nardi,P,MIA,219.3,
Trent Grisham,CF,SDP,218,
Chris Stratton,P,2 Tms,217.6,
Mike Tauchman,LF,CHC,217,
Mike Tauchman,CF,CHC,217,
Mike Tauchman,RF,CHC,217,
Matt Manning,P,DET,217,
Ryan Helsley,P,STL,215.6,
Xzavion Curry,P,CLE,215,
Ryan O'Hearn,LF,BAL,214,
Ryan O'Hearn,1B,BAL,214,
Ryan O'Hearn,RF,BAL,214,
Yimi García,P,TOR,214,
Phil Maton,P,HOU,214,
Edward Olivares,RF,KCR,213,
Edward Olivares,LF,KCR,213,
Jon Berti,SS,MIA,213,
Jon Berti,3B,MIA,213,
Jon Berti,2B,MIA,213,
Jon Berti,LF,MIA,213,
Mark Leiter Jr.,P,CHC,212.3,
Tommy Henry,P,ARI,212,
Giovanny Gallegos,P,STL,211,
Caleb Ferguson,P,LAD,210.3,
Jake Bird,P,COL,210.3,
Will Brennan,RF,CLE,210,
Will Brennan,LF,CLE,210,
Will Brennan,CF,CLE,210,
Willi Castro,3B,MIN,210,
Willi Castro,SS,MIN,210,
Willi Castro,LF,MIN,210,
Willi Castro,2B,MIN,210,
Willi Castro,RF,MIN,210,
Willi Castro,CF,MIN,210,
Peter Lambert,P,COL,209.3,
Alejandro Kirk,C,TOR,208,
Nick Sandlin,P,CLE,208,
Robert Stephenson,P,2 Tms,207.3,
Brendan Donovan,LF,STL,207,
Brendan Donovan,RF,STL,207,
Brendan Donovan,3B,STL,207,
Brendan Donovan,2B,STL,207,
Brendan Donovan,1B,STL,207,
Francisco Alvarez,C,NYM,207,
Cal Quantrill,P,CLE,206.6,
Kevin Kiermaier,CF,TOR,206,
Mitch Garver,C,TEX,206,
David Peralta,RF,LAD,205,
David Peralta,LF,LAD,205,
Jarren Duran,LF,BOS,205,
Jarren Duran,CF,BOS,205,
Tyler Stephenson,1B,CIN,205,
Tyler Stephenson,C,CIN,205,
Yan Gomes,C,CHC,205,
Zach McKinstry,2B,DET,205,
Zach McKinstry,CF,DET,205,
Zach McKinstry,RF,DET,205,
Zach McKinstry,3B,DET,205,
Zach McKinstry,SS,DET,205,
Zach McKinstry,LF,DET,205,
Kevin Kelly,P,TBR,205,
Garrett Whitlock,P,BOS,204.6,
Alec Marsh,P,KCR,204.3,
Robbie Grossman,LF,TEX,204,
Robbie Grossman,RF,TEX,204,
Zack Thompson,P,STL,203.3,
Jeff Hoffman,P,PHI,202.3,
Dauri Moreta,P,PIT,202,
Jose Quintana,P,NYM,201.6,
Brandon Bielak,P,HOU,201,
Ryan Walker,P,SFG,199.3,
Elly De La Cruz,SS,CIN,199,
Elly De La Cruz,3B,CIN,199,
Matthew Boyd,P,DET,199,
Gregory Santos,P,CHW,197.3,
Tony Kemp,2B,OAK,197,
Tony Kemp,LF,OAK,197,
Dylan Floro,P,2 Tms,196.6,
Shea Langeliers,C,OAK,196,
Trevor Richards,P,TOR,195.6,
Josh Sborz,P,TEX,195.3,
Gregory Soto,P,PHI,195.3,
Mike Yastrzemski,CF,SFG,195,
Mike Yastrzemski,RF,SFG,195,
Mike Yastrzemski,LF,SFG,195,
Fernando Cruz,P,CIN,195,
Mike Baumann,P,BAL,194.6,
Javier Báez,SS,DET,194,
Luke Raley,LF,TBR,194,
Luke Raley,CF,TBR,194,
Luke Raley,1B,TBR,194,
Luke Raley,RF,TBR,194,
Mike Trout,CF,LAA,194,
Bailey Falter,P,2 Tms,193.6,
Phil Bickford,P,2 Tms,193.3,
Andy Ibáñez,2B,DET,193,
Andy Ibáñez,1B,DET,193,
Andy Ibáñez,3B,DET,193,
Andy Ibáñez,LF,DET,193,
Andy Ibáñez,RF,DET,193,
Ezequiel Duran,SS,TEX,193,
Ezequiel Duran,2B,TEX,193,
Ezequiel Duran,1B,TEX,193,
Ezequiel Duran,3B,TEX,193,
Ezequiel Duran,LF,TEX,193,
Ryan Noda,RF,OAK,193,
Ryan Noda,1B,OAK,193,
Enyel De Los Santos,P,CLE,192.6,
Luis Severino,P,NYY,192.3,
Jazz Chisholm Jr.,CF,MIA,192,
Jesús Sánchez,LF,MIA,192,
Jesús Sánchez,CF,MIA,192,
Jesús Sánchez,RF,MIA,192,
Louie Varland,P,MIN,192,
Andrew Chafin,P,2 Tms,191.3,
Hoby Milner,P,MIL,191.3,
Edouard Julien,1B,MIN,191,
Edouard Julien,2B,MIN,191,
Michael Massey,2B,KCR,191,
José Alvarado,P,PHI,190.3,
Alek Manoah,P,TOR,190.3,
Adam Duvall,RF,BOS,190,
Adam Duvall,LF,BOS,190,
Adam Duvall,CF,BOS,190,
Miguel Rojas,SS,LAD,190,
Kyle Nelson,P,ARI,190,
Ross Stripling,P,SFG,189,
Ian Hamilton,P,NYY,189,
Yonny Chirinos,P,2 Tms,189,
Taylor Rogers,P,SFG,188.6,
Drew Smith,P,NYM,188.3,
Danny Coulombe,P,BAL,188.3,
Elvis Peguero,P,MIL,188.3,
Eli Morgan,P,CLE,188.3,
Julio Teheran,P,MIL,187.6,
Cole Irvin,P,BAL,187.3,
Chase Anderson,P,2 Tms,187.3,
Jesse Scholtens,P,CHW,187,
Alex Faedo,P,DET,185.6,
Riley Greene,LF,DET,185,
Riley Greene,RF,DET,185,
Riley Greene,CF,DET,185,
Elvis Andrus,SS,CHW,184,
Elvis Andrus,2B,CHW,184,
Elvis Andrus,3B,CHW,184,
José Leclerc,P,TEX,184,
Brandon Belt,1B,TOR,183,
Chris Taylor,SS,LAD,183,
Chris Taylor,LF,LAD,183,
Chris Taylor,CF,LAD,183,
Chris Taylor,3B,LAD,183,
Chris Taylor,2B,LAD,183,
Jose Siri,CF,TBR,183,
Myles Straw,CF,CLE,183,
Gabriel Moreno,C,ARI,182,
Michael Fulmer,P,CHC,182,
Brent Suter,P,COL,181.3,
Chris Flexen,P,2 Tms,181.3,
Will Benson,RF,CIN,181,
Will Benson,CF,CIN,181,
Will Benson,LF,CIN,181,
Alex Call,CF,WSN,180,
Alex Call,RF,WSN,180,
Alex Call,LF,WSN,180,
Danny Jansen,C,TOR,180,
Wandy Peralta,P,NYY,180,
Garrett Cooper,1B,2 Tms,179,
Giancarlo Stanton,LF,NYY,179,
Giancarlo Stanton,RF,NYY,179,
Sam Moll,P,2 Tms,178.3,
Royce Lewis,3B,MIN,178,
Nestor Cortes,P,NYY,177.3,
Chris Martin,P,BOS,177.3,
Ryan Brasier,P,2 Tms,176.6,
Donovan Solano,3B,MIN,176,
Donovan Solano,2B,MIN,176,
Donovan Solano,1B,MIN,176,
Jarred Kelenic,RF,SEA,175,
Jarred Kelenic,CF,SEA,175,
Jarred Kelenic,LF,SEA,175,
Jorge Polanco,3B,MIN,175,
Jorge Polanco,2B,MIN,175,
Luis L. Ortiz,P,PIT,174.6,
Rafael Montero,P,HOU,174.3,
Alec Burleson,RF,STL,174,
Alec Burleson,1B,STL,174,
Alec Burleson,LF,STL,174,
Noah Syndergaard,P,2 Tms,173.6,
Alek Thomas,CF,ARI,173,
Harrison Bader,CF,2 Tms,173,
Ryan Jeffers,C,MIN,173,
Joe Jiménez,P,ATL,172.3,
Brice Turang,2B,MIL,172,
Brice Turang,SS,MIL,172,
Jorge Mateo,SS,BAL,172,
Jorge Mateo,CF,BAL,172,
Derek Law,P,CIN,172,
Kyle Farmer,2B,MIN,171,
Kyle Farmer,SS,MIN,171,
Kyle Farmer,3B,MIN,171,
Carlos Carrasco,P,NYM,170,
Steven Okert,P,MIA,169.6,
Emmet Sheehan,P,LAD,169.3,
Ron Marinaccio,P,NYY,169.3,
Jose Cuas,P,2 Tms,169.3,
Carlos Rodón,P,NYY,169.3,
Jaime Barria,P,LAA,169.3,
Nick Senzel,3B,CIN,169,
Nick Senzel,2B,CIN,169,
Nick Senzel,CF,CIN,169,
Nick Senzel,RF,CIN,169,
Nick Senzel,LF,CIN,169,
Matt Moore,P,3 Tms,167.6,
José Cisnero,P,DET,167.3,
Zack Gelof,2B,OAK,167,
Taylor Clarke,P,KCR,167,
Seranthony Domínguez,P,PHI,167,
Gabe Speier,P,SEA,166.6,
Aaron Bummer,P,CHW,166.3,
Dakota Hudson,P,STL,166.3,
Anthony Rizzo,1B,NYY,166,
Manuel Margot,RF,TBR,166,
Manuel Margot,CF,TBR,166,
Drew VerHagen,P,STL,166,
Michael A. Taylor,CF,MIN,165,
Brooks Raley,P,NYM,164.6,
Brock Burke,P,TEX,163.6,
Aaron Hicks,RF,2 Tms,163,
Aaron Hicks,LF,2 Tms,163,
Aaron Hicks,CF,2 Tms,163,
Adam Wainwright,P,STL,163,
Keynan Middleton,P,2 Tms,162.6,
Andre Jackson,P,2 Tms,162.3,
Huascar Brazoban,P,MIA,161.6,
Byron Buxton,DH,MIN,161,
Taylor Walls,3B,TBR,161,
Taylor Walls,SS,TBR,161,
Taylor Walls,2B,TBR,161,
Tim Mayza,P,TOR,160.3,
Shawn Armstrong,P,TBR,160,
Jordan Weems,P,WSN,159.6,
Akil Baddoo,CF,DET,159,
Akil Baddoo,RF,DET,159,
Akil Baddoo,LF,DET,159,
Isiah Kiner-Falefa,3B,NYY,159,
Isiah Kiner-Falefa,CF,NYY,159,
Isiah Kiner-Falefa,RF,NYY,159,
Isiah Kiner-Falefa,LF,NYY,159,
Cavan Biggio,3B,TOR,158,
Cavan Biggio,1B,TOR,158,
Cavan Biggio,RF,TOR,158,
Cavan Biggio,2B,TOR,158,
Ildemaro Vargas,3B,WSN,158,
Ildemaro Vargas,2B,WSN,158,
Ildemaro Vargas,LF,WSN,158,
Ildemaro Vargas,SS,WSN,158,
Mike Moustakas,3B,2 Tms,158,
Mike Moustakas,1B,2 Tms,158,
Travis Jankowski,CF,TEX,158,
Travis Jankowski,LF,TEX,158,
Travis Jankowski,RF,TEX,158,
Tanner Banks,P,CHW,158,
Seth Brown,RF,OAK,157,
Seth Brown,1B,OAK,157,
Seth Brown,LF,OAK,157,
Tom Cosgrove,P,SDP,156.3,
Roansy Contreras,P,PIT,156.3,
Michael Grove,P,LAD,156,
Lucas Erceg,P,OAK,156,
Alex Vesia,P,LAD,155.6,
Will Vest,P,DET,155.3,
Kyle Isbel,CF,KCR,155,
Yuli Gurriel,1B,MIA,155,
Daniel Vogelbach,DH,NYM,154,
Jake Rogers,C,DET,154,
Joey Wiemer,CF,MIL,154,
Joey Wiemer,RF,MIL,154,
Trevor Gott,P,2 Tms,154,
Nick Madrigal,3B,CHC,153,
Nick Madrigal,2B,CHC,153,
Cody Bradford,P,TEX,153,
Joe Kelly,P,2 Tms,152.3,
Zach Davies,P,ARI,152.3,
Gary Sánchez,C,2 Tms,152,
Ji Hwan Bae,CF,PIT,152,
Ji Hwan Bae,SS,PIT,152,
Ji Hwan Bae,2B,PIT,152,
Brad Hand,P,2 Tms,151.6,
Alex Kirilloff,RF,MIN,151,
Alex Kirilloff,LF,MIN,151,
Alex Kirilloff,1B,MIN,151,
Josh Rojas,2B,2 Tms,151,
Josh Rojas,3B,2 Tms,151,
Ramón Urías,2B,BAL,151,
Ramón Urías,1B,BAL,151,
Ramón Urías,3B,BAL,151,
Connor Seabold,P,COL,150.3,
Jace Peterson,3B,2 Tms,150,
Jace Peterson,2B,2 Tms,150,
Colin Holderman,P,PIT,150,
Jorge López,P,3 Tms,150,
Drew Rasmussen,P,TBR,149.6,
Chris Devenski,P,2 Tms,149.3,
Alex Young,P,CIN,148.6,
Bryan Hoeing,P,MIA,147.6,
Chase Silseth,P,LAA,147.3,
Vinnie Pasquantino,1B,KCR,147,
Matthew Liberatore,P,STL,146.6,
Patrick Wisdom,RF,CHC,146,
Patrick Wisdom,LF,CHC,146,
Patrick Wisdom,1B,CHC,146,
Patrick Wisdom,3B,CHC,146,
Ramón Laureano,RF,2 Tms,146,
Ramón Laureano,CF,2 Tms,146,
Jake Diekman,P,2 Tms,145.6,
Sam Hentges,P,CLE,145.3,
Steven Wilson,P,SDP,145,
Hogan Harris,P,OAK,145,
Luis García,P,SDP,144.6,
Bryan Baker,P,BAL,144,
Dustin May,P,LAD,144,
Miguel Vargas,1B,LAD,143,
Miguel Vargas,2B,LAD,143,
Matt Wallner,LF,MIN,142,
Matt Wallner,RF,MIN,142,
José Urquidy,P,HOU,142,
Tommy Kahnle,P,NYY,141.6,
JoJo Romero,P,STL,141.6,
Cionel Pérez,P,BAL,141.3,
Austin Pruitt,P,OAK,141.3,
Bo Naylor,C,CLE,141,
Rowdy Tellez,1B,MIL,141,
Starling Marte,RF,NYM,140,
Tim Anderson,SS,CHW,140,
Tim Anderson,2B,CHW,140,
Yasmani Grandal,C,CHW,140,
Yasmani Grandal,1B,CHW,140,
Shelby Miller,P,LAD,140,
C.J. Cron,1B,2 Tms,139,
Albert Abreu,P,NYY,139,
James Kaprielian,P,OAK,139,
Brennan Bernardino,P,BOS,138.6,
Pedro Avila,P,SDP,138.3,
Kris Bryant,1B,COL,138,
Kris Bryant,RF,COL,138,
Ty Blach,P,COL,138,
Génesis Cabrera,P,2 Tms,137.6,
Jacob Webb,P,2 Tms,137.6,
John Brebbia,P,SFG,137.3,
Mickey Moniak,RF,LAA,137,
Mickey Moniak,LF,LAA,137,
Mickey Moniak,CF,LAA,137,
James Karinchak,P,CLE,137,
Hyun Jin Ryu,P,TOR,137,
Ryan Pepiot,P,LAD,137,
Scott Alexander,P,SFG,136.3,
Jake Meyers,CF,HOU,136,
Tyrone Taylor,RF,MIL,136,
Tyrone Taylor,LF,MIL,136,
Tyrone Taylor,CF,MIL,136,
Corey Julks,LF,HOU,135,
Gavin Sheets,LF,CHW,135,
Gavin Sheets,1B,CHW,135,
Gavin Sheets,RF,CHW,135,
Yoán Moncada,3B,CHW,135,
Ryne Stanek,P,HOU,134.6,
Owen Miller,2B,MIL,134,
Owen Miller,1B,MIL,134,
Owen Miller,3B,MIL,134,
Owen Miller,LF,MIL,134,
Stone Garrett,LF,WSN,134,
Stone Garrett,RF,WSN,134,
Mason Thompson,P,WSN,134,
Jake McCarthy,CF,ARI,133,
Jake McCarthy,RF,ARI,133,
Dominic Leone,P,3 Tms,133,
Jose Hernandez,P,PIT,132.6,
Daniel Lynch IV,P,KCR,132.3,
Ryan Borucki,P,PIT,132.3,
Andruw Monasterio,3B,MIL,132,
Andruw Monasterio,2B,MIL,132,
Andruw Monasterio,SS,MIL,132,
Tayler Saucedo,P,SEA,130.6,
Nate Pearson,P,TOR,130.6,
Connor Wong,C,BOS,130,
Miguel Cabrera,DH,DET,130,
Travis d'Arnaud,C,ATL,130,
Andre Pallante,P,STL,130,
Joshua Palacios,RF,PIT,129,
Joshua Palacios,CF,PIT,129,
Joshua Palacios,LF,PIT,129,
Kevin Newman,3B,CIN,129,
Kevin Newman,1B,CIN,129,
Kevin Newman,2B,CIN,129,
Kevin Newman,SS,CIN,129,
Zach Neto,SS,LAA,129,
JJ Bleday,LF,OAK,128,
JJ Bleday,RF,OAK,128,
JJ Bleday,CF,OAK,128,
Brent Honeywell,P,2 Tms,127.3,
Nelson Velázquez,CF,2 Tms,127,
Nelson Velázquez,LF,2 Tms,127,
Nelson Velázquez,RF,2 Tms,127,
José Soriano,P,LAA,127,
Brenton Doyle,CF,COL,126,
Mason Englert,P,DET,126,
Collin McHugh,P,ATL,125.6,
Christian Bethancourt,C,TBR,125,
José Caballero,2B,SEA,125,
José Caballero,SS,SEA,125,
José Caballero,3B,SEA,125,
Osvaldo Bido,P,PIT,124.6,
Brian Anderson,3B,MIL,124,
Brian Anderson,RF,MIL,124,
Corey Kluber,P,BOS,124,
Peter Strzelecki,P,2 Tms,124,
John Schreiber,P,BOS,123.6,
Vince Velasquez,P,PIT,123.3,
Luis Campusano,C,SDP,123,
Drew Waters,RF,KCR,122,
Drew Waters,CF,KCR,122,
Yency Almonte,P,LAD,122,
Edmundo Sosa,SS,PHI,121,
Edmundo Sosa,3B,PHI,121,
Edmundo Sosa,2B,PHI,121,
Freddy Fermin,C,KCR,121,
George Soriano,P,MIA,121,
Andrés Machado,P,WSN,121,
Carmen Mlodzinski,P,PIT,121,
Ryan Weathers,P,2 Tms,120.6,
Keaton Winn,P,SFG,120.3,
Emmanuel Rivera,3B,ARI,120,
Emmanuel Rivera,1B,ARI,120,
Ronel Blanco,P,HOU,120,
Tyler Alexander,P,DET,120,
Eric Lauer,P,MIL,119.6,
Johnny Cueto,P,MIA,119.3,
Christian Encarnacion-St...,3B,CIN,119,
Christian Encarnacion-St...,1B,CIN,119,
Joey Votto,1B,CIN,119,
Bryan Shaw,P,CHW,118.6,
Nicky Lopez,2B,2 Tms,118,
Nicky Lopez,3B,2 Tms,118,
Nicky Lopez,SS,2 Tms,118,
Nicky Lopez,LF,2 Tms,118,
Nicky Lopez,1B,2 Tms,118,
Sal Frelick,RF,MIL,118,
Sal Frelick,CF,MIL,118,
Chris Murphy,P,BOS,117.6,
Daniel Bard,P,COL,117.3,
Santiago Espinal,3B,TOR,117,
Santiago Espinal,SS,TOR,117,
Santiago Espinal,2B,TOR,117,
Bowden Francis,P,TOR,116.3,
Patrick Bailey,C,SFG,116,
Rob Refsnyder,CF,BOS,116,
Rob Refsnyder,LF,BOS,116,
Rob Refsnyder,RF,BOS,116,
José Buttó,P,NYM,116,
Angel Zerpa,P,KCR,115.6,
Erasmo Ramírez,P,2 Tms,115.3,
Nick Anderson,P,ATL,115.3,
Christian Vázquez,C,MIN,115,
Christian Vázquez,1B,MIN,115,
Oswaldo Cabrera,3B,NYY,115,
Oswaldo Cabrera,SS,NYY,115,
Oswaldo Cabrera,RF,NYY,115,
Oswaldo Cabrera,2B,NYY,115,
Oswaldo Cabrera,LF,NYY,115,
Paul DeJong,SS,3 Tms,115,
Adrián Martínez,P,OAK,115,
Joey Lucchesi,P,NYM,114.6,
Andrew Vasquez,P,2 Tms,114.3,
Jacob deGrom,P,TEX,113.3,
Blake Sabol,C,SFG,113,
Blake Sabol,LF,SFG,113,
Mike Ford,1B,SEA,113,
Stuart Fairchild,RF,CIN,113,
Stuart Fairchild,CF,CIN,113,
Stuart Fairchild,LF,CIN,113,
Seth Martinez,P,HOU,113,
Jalen Beeks,P,TBR,112.3,
Jean Segura,3B,MIA,112,
Brendan White,P,DET,111.6,
Brett Baty,3B,NYM,111,
Joey Gallo,CF,MIN,111,
Joey Gallo,RF,MIN,111,
Joey Gallo,1B,MIN,111,
Joey Gallo,LF,MIN,111,
Pablo Reyes,SS,BOS,110,
Pablo Reyes,3B,BOS,110,
Pablo Reyes,2B,BOS,110,
Tyler O'Neill,LF,STL,110,
Tyler O'Neill,CF,STL,110,
Chasen Shreve,P,2 Tms,109.6,
Drey Jameson,P,ARI,109.6,
Aledmys Díaz,2B,OAK,109,
Aledmys Díaz,3B,OAK,109,
Aledmys Díaz,1B,OAK,109,
Aledmys Díaz,LF,OAK,109,
Aledmys Díaz,SS,OAK,109,
Brandon Crawford,SS,SFG,109,
Logan O'Hoppe,C,LAA,109,
Nick Fortes,C,MIA,109,
Pavin Smith,RF,ARI,109,
Pavin Smith,1B,ARI,109,
Angel Perdomo,P,PIT,109,
Beau Brieske,P,DET,109,
Jared Shuster,P,ATL,108.6,
Luke Jackson,P,SFG,108.3,
Andrew Knizner,C,STL,108,
Matt Thaiss,C,LAA,108,
Matt Thaiss,1B,LAA,108,
Joan Adon,P,WSN,107.6,
Jeff Brigham,P,NYM,107.6,
Jesse Chavez,P,ATL,107.6,
Daniel Palencia,P,CHC,107.3,
Dylan Carlson,CF,STL,107,
Dylan Carlson,LF,STL,107,
Dylan Carlson,RF,STL,107,
Marco Gonzales,P,SEA,107,
Jimmy Cordero,P,NYY,106.6,
Victor González,P,LAD,106.6,
Nick Ramirez,P,NYY,106.6,
Caleb Thielbar,P,MIN,106.6,
Jovani Moran,P,MIN,106.3,
Luis Matos,RF,SFG,106,
Luis Matos,LF,SFG,106,
Luis Matos,CF,SFG,106,
Nick Allen,SS,OAK,106,
Tucker Davidson,P,2 Tms,105.3,
Randy Vásquez,P,NYY,104.6,
Eduardo Escobar,1B,2 Tms,104,
Eduardo Escobar,2B,2 Tms,104,
Eduardo Escobar,3B,2 Tms,104,
Elehuris Montero,3B,COL,104,
Elehuris Montero,1B,COL,104,
Nick Maton,SS,DET,104,
Nick Maton,2B,DET,104,
Nick Maton,3B,DET,104,
Matt Waldron,P,SDP,103.3,
Gio Urshela,3B,LAA,103,
Gio Urshela,SS,LAA,103,
Gio Urshela,1B,LAA,103,
Kevin Pillar,CF,ATL,103,
Kevin Pillar,RF,ATL,103,
Kevin Pillar,LF,ATL,103,
Isaiah Campbell,P,SEA,102.6,
Grant Hartwig,P,NYM,101.3,
Brock Stewart,P,MIN,100.6,
JT Chargois,P,MIA,100.3,
Victor Caratini,C,MIL,100,
Kyle Muller,P,OAK,100,
Joe Mantiply,P,ARI,100,
Robert Suarez,P,SDP,99.6,
Andrew Wantz,P,LAA,99.3,
Trevor Larnach,RF,MIN,99,
Trevor Larnach,LF,MIN,99,
Trevor Megill,P,MIL,98.6,
Jay Jackson,P,TOR,98.6,
Mason Miller,P,OAK,98.3,
Garrett Hampson,3B,MIA,98,
Garrett Hampson,SS,MIA,98,
Garrett Hampson,LF,MIA,98,
Garrett Hampson,2B,MIA,98,
Garrett Hampson,RF,MIA,98,
Garrett Hampson,CF,MIA,98,
Kyle Higashioka,C,NYY,98,
Aaron Loup,P,LAA,97.6,
Abner Uribe,P,MIL,97.6,
Joey Wendle,SS,MIA,97,
Jordan Westburg,3B,BAL,97,
Jordan Westburg,2B,BAL,97,
Jimmy Lambert,P,CHW,96.6,
Ryan Feltner,P,COL,96.3,
Robert Garcia,P,2 Tms,96,
Michael Rucker,P,CHC,95.3,
Dylan Covey,P,2 Tms,95,
Matt Koch,P,COL,94.6,
Dairon Blanco,RF,KCR,94,
Dairon Blanco,LF,KCR,94,
Dairon Blanco,CF,KCR,94,
Jordan Diaz,2B,OAK,94,
Jordan Diaz,1B,OAK,94,
Jordan Diaz,3B,OAK,94,
Jake Bauers,LF,NYY,93,
Jake Bauers,1B,NYY,93,
Jake Bauers,RF,NYY,93,
José Ureña,P,2 Tms,92.6,
Anthony Rendon,3B,LAA,92,
Davis Schneider,2B,TOR,92,
Davis Schneider,LF,TOR,92,
Davis Schneider,3B,TOR,92,
Evan Longoria,3B,ARI,92,
Zack Short,2B,DET,92,
Zack Short,SS,DET,92,
Zack Short,3B,DET,92,
Kyle Harrison,P,SFG,91.6,
Brad Keller,P,KCR,91.3,
Trent Thornton,P,2 Tms,91.3,
Alan Trejo,3B,COL,91,
Alan Trejo,2B,COL,91,
Alan Trejo,SS,COL,91,
Gabriel Arias,SS,CLE,91,
Gabriel Arias,3B,CLE,91,
Gabriel Arias,1B,CLE,91,
Gabriel Arias,RF,CLE,91,
Henry Davis,RF,PIT,91,
Jordan Wicks,P,CHC,90.6,
Ryan Thompson,P,2 Tms,90.6,
Casey Schmitt,3B,SFG,90,
Casey Schmitt,SS,SFG,90,
Casey Schmitt,2B,SFG,90,
Dominic Canzone,LF,2 Tms,90,
Dominic Canzone,RF,2 Tms,90,
Jared Triolo,3B,PIT,90,
Jared Triolo,2B,PIT,90,
Jared Triolo,1B,PIT,90,
Yunior Marte,P,PHI,89.3,
Hunter Gaddis,P,CLE,89,
Peyton Battenfield,P,CLE,88.6,
DJ Stewart,LF,NYM,88,
DJ Stewart,RF,NYM,88,
Johan Rojas,CF,PHI,88,
Quinn Priester,P,PIT,88,
Martín Maldonado,C,HOU,86,
Tucupita Marcano,2B,PIT,86,
Tucupita Marcano,SS,PIT,86,
Mauricio Llovera,P,2 Tms,86,
Austin Cox,P,KCR,85.6,
Josh Winder,P,MIN,85.6,
Josh Donaldson,3B,2 Tms,85,
Luis Garcia,P,HOU,85,
Josh Fleming,P,TBR,84.6,
Carl Edwards Jr.,P,WSN,84.6,
James McCann,C,BAL,84,
Matt Carpenter,1B,SDP,84,
Kenny Rosenberg,P,LAA,84,
Jimmy Herget,P,LAA,84,
José Ruiz,P,2 Tms,83.3,
Tim Hill,P,SDP,83.3,
James McArthur,P,KCR,83.3,
Mitch Haniger,RF,SFG,83,
Mitch Haniger,LF,SFG,83,
Tyler Mahle,P,MIN,82.6,
Austin Slater,RF,SFG,82,
Austin Slater,CF,SFG,82,
Austin Slater,LF,SFG,82,
Christian Arroyo,2B,BOS,82,
Christian Arroyo,SS,BOS,82,
Trey Mancini,RF,CHC,82,
Trey Mancini,1B,CHC,82,
Keegan Thompson,P,CHC,81.6,
Willie Calhoun,LF,NYY,81,
Willie Calhoun,RF,NYY,81,
Sam Long,P,OAK,81,
Allan Winans,P,ATL,80.3,
Blake Perkins,CF,MIL,80,
Blake Perkins,RF,MIL,80,
Blake Perkins,LF,MIL,80,
Brendan Rodgers,2B,COL,80,
Harold Castro,SS,COL,80,
Harold Castro,RF,COL,80,
Harold Castro,LF,COL,80,
Harold Castro,CF,COL,80,
Harold Castro,3B,COL,80,
Harold Castro,2B,COL,80,
Tom Murphy,C,SEA,80,
Jake Woodford,P,STL,79.6,
Daniel Duarte,P,CIN,79.6,
Nick Lodolo,P,CIN,79.3,
Yohan Ramírez,P,2 Tms,79.3,
Josh Smith,LF,TEX,79,
Josh Smith,3B,TEX,79,
Josh Smith,2B,TEX,79,
Josh Smith,SS,TEX,79,
Kolten Wong,2B,2 Tms,79,
Luke Maile,C,CIN,79,
Tyler Freeman,2B,CLE,79,
Tyler Freeman,SS,CLE,79,
Tyler Freeman,3B,CLE,79,
Kole Calhoun,RF,CLE,78,
Kole Calhoun,1B,CLE,78,
Raimel Tapia,CF,3 Tms,78,
Raimel Tapia,LF,3 Tms,78,
Raimel Tapia,RF,3 Tms,78,
Ray Kerr,P,SDP,78,
Grant Anderson,P,TEX,77.6,
Austin Voth,P,BAL,76.6,
Cory Abbott,P,WSN,76.3,
John King,P,2 Tms,76.3,
Enmanuel Valdez,2B,BOS,75,
Gavin Hollowell,P,COL,74.6,
Michael Soroka,P,ATL,74.3,
Oscar Colás,CF,CHW,74,
Oscar Colás,RF,CHW,74,
Connor Brogdon,P,PHI,73,
Jeffrey Springs,P,TBR,73,
Joe La Sorsa,P,2 Tms,72.6,
Jonathan Hernández,P,TEX,72.6,
Tyler Kinley,P,COL,72.3,
Richard Lovelady,P,OAK,71.3,
Jacob Stallings,C,MIA,71,
Liover Peguero,SS,PIT,71,
Liover Peguero,2B,PIT,71,
Noelvi Marte,SS,CIN,71,
Noelvi Marte,3B,CIN,71,
Jose A. Ferrer,P,WSN,71,
Brent Headrick,P,MIN,70.6,
John Means,P,BAL,70.6,
Dany Jiménez,P,OAK,70.3,
Carlos Pérez,1B,OAK,70,
Carlos Pérez,C,OAK,70,
Richie Palacios,RF,STL,70,
Richie Palacios,LF,STL,70,
Richie Palacios,CF,STL,70,
Rougned Odor,2B,SDP,70,
Rougned Odor,RF,SDP,70,
Rougned Odor,3B,SDP,70,
Endy Rodríguez,C,PIT,69,
Francisco Mejía,C,TBR,69,
Matt Duffy,2B,KCR,69,
Matt Duffy,3B,KCR,69,
Matt Duffy,1B,KCR,69,
Rodolfo Castro,3B,2 Tms,69,
Rodolfo Castro,2B,2 Tms,69,
Rodolfo Castro,SS,2 Tms,69,
Nick Pratto,LF,KCR,68,
Nick Pratto,RF,KCR,68,
Nick Pratto,1B,KCR,68,
Parker Meadows,CF,DET,67,
Dylan Moore,2B,SEA,66,
Dylan Moore,LF,SEA,66,
Dylan Moore,CF,SEA,66,
Dylan Moore,RF,SEA,66,
Dylan Moore,SS,SEA,66,
Eric Haase,C,2 Tms,66,
Eric Haase,LF,2 Tms,66,
Jake Cave,RF,PHI,66,
Jake Cave,1B,PHI,66,
Jake Cave,LF,PHI,66,
Jason Delay,C,PIT,66,
Kyle Wright,P,ATL,66,
Karl Kauffmann,P,COL,66,
Tim Herrin,P,CLE,65.6,
Bryce Jarvis,P,ARI,65.6,
DL Hall,P,BAL,65.3,
Billy McKinney,CF,NYY,65,
Billy McKinney,RF,NYY,65,
Billy McKinney,LF,NYY,65,
Jose Trevino,C,NYY,65,
Spencer Turnbull,P,DET,65,
Zach Jackson,P,OAK,64,
Germán Márquez,P,COL,64,
Dallas Keuchel,P,MIN,63.6,
Miles Mastrobuoni,2B,CHC,63,
Miles Mastrobuoni,3B,CHC,63,
Miles Mastrobuoni,RF,CHC,63,
Nolan Schanuel,1B,LAA,63,
Riley Adams,C,WSN,63,
Victor Robles,CF,WSN,63,
Cooper Criswell,P,TBR,63,
Luis Frías,P,ARI,63,
Sawyer Gipson-Long,P,DET,63,
Matthew Batten,3B,SDP,62,
Matthew Batten,2B,SDP,62,
Matthew Batten,1B,SDP,62,
Miguel Andujar,RF,PIT,62,
Slade Cecconi,P,ARI,62,
Thomas Hatch,P,2 Tms,61.6,
Mark Vientos,1B,NYM,61,
Mark Vientos,3B,NYM,61,
AJ Smith-Shawver,P,ATL,60.3,
Sean Hjelle,P,SFG,60,
Joe Jacques,P,BOS,59.6,
Drew Carlton,P,SDP,59.6,
Corey Dickerson,LF,WSN,59,
Evan Carter,LF,TEX,59,
Evan Carter,CF,TEX,59,
Evan Carter,RF,TEX,59,
Luis Urías,3B,2 Tms,59,
Luis Urías,2B,2 Tms,59,
Ryan McKenna,CF,BAL,59,
Ryan McKenna,LF,BAL,59,
Ryan McKenna,RF,BAL,59,
Yerry De Los Santos,P,PIT,58.3,
Kevin Herget,P,CIN,58.3,
Jacob Young,CF,WSN,58,
Nick Martini,RF,CIN,58,
Nick Martini,LF,CIN,58,
Reese McGuire,C,BOS,58,
Trevor Rogers,P,MIA,58,
Chad Kuhl,P,WSN,57.3,
Sam Haggerty,1B,SEA,57,
Sam Haggerty,RF,SEA,57,
Sam Haggerty,2B,SEA,57,
Sam Haggerty,LF,SEA,57,
Joe Boyle,P,OAK,57,
Drew Rom,P,STL,56.6,
Nick Ahmed,SS,ARI,56,
Dylan Lee,P,ATL,55.6,
Jesse Winker,DH,MIL,55,
Kaleb Ort,P,BOS,55,
Keegan Akin,P,BAL,54.6,
Amir Garrett,P,KCR,54.3,
Miguel Amaya,C,CHC,54,
Brad Boxberger,P,CHC,54,
Jose Miranda,3B,MIN,53,
Colin Selby,P,PIT,53,
Justin Bruihl,P,2 Tms,53,
Kody Funderburk,P,MIN,53,
Nick Wittgren,P,KCR,53,
Penn Murfee,P,SEA,53,
Thaddeus Ward,P,WSN,52.3,
Duane Underwood Jr.,P,PIT,52.3,
Andrew Bellatti,P,PHI,51.6,
Dominic Fletcher,CF,ARI,51,
Dominic Fletcher,RF,ARI,51,
Dominic Fletcher,LF,ARI,51,
Nelson Cruz,DH,SDP,51,
Zach Neal,P,OAK,51,
Richard Bleier,P,BOS,50.6,
Hanser Alberto,2B,CHW,50,
Hanser Alberto,3B,CHW,50,
Sean Newcomb,P,OAK,50,
Sam Bachman,P,LAA,50,
José Suarez,P,LAA,49.6,
Josh Taylor,P,KCR,49.6,
Connor Phillips,P,CIN,49.6,
David Fry,LF,CLE,49,
David Fry,C,CLE,49,
David Fry,1B,CLE,49,
David Fry,RF,CLE,49,
Jake Alu,3B,WSN,49,
Jake Alu,LF,WSN,49,
Jake Alu,2B,WSN,49,
Jose Barrero,SS,CIN,49,
Jose Barrero,CF,CIN,49,
Lenyn Sosa,3B,CHW,49,
Lenyn Sosa,2B,CHW,49,
Wilyer Abreu,LF,BOS,49,
Wilyer Abreu,CF,BOS,49,
Jackson Kowar,P,KCR,49,
Noah Davis,P,COL,49,
Sammy Peralta,P,CHW,49,
Miguel Díaz,P,DET,49,
Mike Mayers,P,KCR,48.3,
Darius Vines,P,ATL,48.3,
AJ Pollock,LF,2 Tms,48,
Chad Wallach,C,LAA,48,
Rafael Ortega,LF,NYM,48,
Rafael Ortega,CF,NYM,48,
Rafael Ortega,RF,NYM,48,
Angel Felipe,P,OAK,48,
Stephen Nogosek,P,NYM,47.6,
Calvin Faucher,P,TBR,47.6,
Nick Mears,P,COL,47.3,
David Fletcher,SS,LAA,47,
David Fletcher,3B,LAA,47,
David Fletcher,2B,LAA,47,
Kody Clemens,1B,PHI,47,
José Azocar,CF,SDP,46,
José Azocar,LF,SDP,46,
José Azocar,RF,SDP,46,
Zach Remillard,2B,CHW,46,
Zach Remillard,3B,CHW,46,
Zach Remillard,SS,CHW,46,
Zach Remillard,LF,CHW,46,
Zach Remillard,RF,CHW,46,
Kris Bubic,P,KCR,46,
Jonathan Loáisiga,P,NYY,45.6,
Austin Barnes,C,LAD,45,
Cade Marlowe,LF,SEA,45,
Cade Marlowe,CF,SEA,45,
Jonathan Davis,RF,MIA,45,
Jonathan Davis,CF,MIA,45,
Triston McKenzie,P,CLE,45,
Jordan Balazovic,P,MIN,44.3,
Tyler Gilbert,P,ARI,44.3,
Austin Wells,C,NYY,44,
Omar Narváez,C,NYM,44,
Trey Wingenter,P,DET,44,
Greg Weissert,P,NYY,44,
Tommy Hunter,P,NYM,43.6,
Austin Adams,P,ARI,43.3,
José De León,P,MIN,43.3,
Alfonso Rivas,1B,2 Tms,43,
Cristian Pache,CF,PHI,43,
Cristian Pache,LF,PHI,43,
Cristian Pache,RF,PHI,43,
Oswald Peraza,SS,NYY,43,
Oswald Peraza,2B,NYY,43,
Oswald Peraza,3B,NYY,43,
Josh Staumont,P,KCR,43,
Chad Green,P,TOR,43,
Luis F. Ortiz,P,PHI,43,
Cole Sands,P,MIN,42.6,
Domingo Tapia,P,SDP,42.6,
Casey Lawrence,P,STL,42.3,
Matt Carasiti,P,COL,42.3,
Dylan Dodd,P,ATL,42.3,
Zack Weiss,P,2 Tms,42,
Nick Robertson,P,2 Tms,41.3,
Garrett Stubbs,C,PHI,41,
Jonathan Aranda,2B,TBR,41,
Jonathan Aranda,3B,TBR,41,
Jonathan Aranda,1B,TBR,41,
Nick Loftin,3B,KCR,41,
Nick Loftin,1B,KCR,41,
Nick Loftin,2B,KCR,41,
René Pinto,C,TBR,41,
Luis Patiño,P,2 Tms,40.6,
Michael Kelly,P,CLE,40.6,
Francisco Pérez,P,OAK,40.6,
Andrew Kittredge,P,TBR,40.6,
Carson Kelly,C,2 Tms,40,
Ernie Clement,SS,TOR,40,
Ernie Clement,2B,TOR,40,
Ji Man Choi,1B,2 Tms,40,
Oscar Gonzalez,LF,CLE,40,
Oscar Gonzalez,RF,CLE,40,
Trevor Story,SS,BOS,40,
Yu Chang,SS,BOS,40,
Yu Chang,2B,BOS,40,
Gavin Stone,P,LAD,40,
Deivi García,P,2 Tms,40,
Ty Adcock,P,SEA,39.6,
Matt Barnes,P,MIA,39.3,
Bruce Zimmermann,P,BAL,39.3,
Luis Guillorme,SS,NYM,39,
Luis Guillorme,3B,NYM,39,
Luis Guillorme,2B,NYM,39,
Nick Gordon,2B,MIN,39,
Nick Gordon,LF,MIN,39,
Nick Gordon,CF,MIN,39,
Garrett Cleavinger,P,TBR,39,
Tommy Doyle,P,COL,38.6,
John Curtiss,P,NYM,38.6,
Adam Cimber,P,TOR,38.6,
Devin Smeltzer,P,MIA,38.3,
Ian Kennedy,P,TEX,38.3,
Ronny Mauricio,2B,NYM,38,
Ronny Mauricio,3B,NYM,38,
Tyler Nevin,1B,DET,38,
Tyler Nevin,LF,DET,38,
Tyler Nevin,3B,DET,38,
Anthony Bass,P,TOR,38,
Dinelson Lamet,P,2 Tms,37.6,
Brandon Hughes,P,CHC,37.6,
Austin Hedges,C,2 Tms,37,
Jon Singleton,1B,2 Tms,37,
Michael Brantley,LF,HOU,37,
Jackson Rutledge,P,WSN,37,
Zach Pop,P,TOR,36.6,
Oliver Ortega,P,MIN,36.6,
Freddy Tarnok,P,OAK,36.6,
Jorge Alcala,P,MIN,36.3,
Davis Daniel,P,LAA,36.3,
Ryan Weber,P,NYY,36.3,
Jesús Aguilar,1B,OAK,36,
Lane Ramsey,P,CHW,36,
Eduard Bazardo,P,2 Tms,36,
Ben Heller,P,ATL,35.6,
Reed Garrett,P,2 Tms,35.6,
Jimmy Yacabonis,P,NYM,35.6,
Max Castillo,P,KCR,35.3,
Jake Marisnick,CF,3 Tms,35,
Jake Marisnick,RF,3 Tms,35,
Jonathan Schoop,2B,DET,35,
Jonathan Schoop,3B,DET,35,
Masyn Winn,SS,STL,35,
Nick Gonzales,2B,PIT,35,
Nick Gonzales,SS,PIT,35,
Osleivis Basabe,2B,TBR,35,
Osleivis Basabe,SS,TBR,35,
Osleivis Basabe,3B,TBR,35,
Xavier Edwards,2B,MIA,35,
Xavier Edwards,CF,MIA,35,
Brandon Walter,P,BOS,35,
Denyi Reyes,P,NYM,34.6,
Carter Kieboom,3B,WSN,34,
Sean Bouchard,LF,COL,34,
Sean Bouchard,RF,COL,34,
Amos Willingham,P,WSN,33.3,
Tyson Miller,P,3 Tms,33.3,
David Villar,3B,SFG,33,
David Villar,2B,SFG,33,
David Villar,1B,SFG,33,
Eric Hosmer,1B,CHC,33,
Michael Stefanic,3B,LAA,33,
Michael Stefanic,2B,LAA,33,
Romy Gonzalez,2B,CHW,33,
Romy Gonzalez,LF,CHW,33,
Romy Gonzalez,RF,CHW,33,
Seby Zavala,C,2 Tms,33,
Carson Fulmer,P,LAA,33,
Jacob Lopez,P,TBR,32.3,
Brad Miller,DH,TEX,32,
Curtis Mead,2B,TBR,32,
Curtis Mead,3B,TBR,32,
Franchy Cordero,LF,NYY,32,
Franchy Cordero,RF,NYY,32,
Hunter Goodman,1B,COL,32,
Hunter Goodman,RF,COL,32,
Jose Herrera,C,ARI,32,
Yonathan Daza,CF,COL,32,
Rob Zastryzny,P,PIT,31.6,
Chad Smith,P,OAK,31.6,
Gus Varland,P,2 Tms,31.3,
Justin Garza,P,BOS,31.3,
Andrew Velazquez,2B,LAA,31,
Andrew Velazquez,CF,LAA,31,
Andrew Velazquez,SS,LAA,31,
Josh Harrison,2B,PHI,31,
Josh Harrison,3B,PHI,31,
Josh Harrison,LF,PHI,31,
Josh Harrison,RF,PHI,31,
Lawrence Butler,CF,OAK,31,
Lawrence Butler,RF,OAK,31,
Hunter Stratton,P,PIT,31,
Kirby Snead,P,OAK,30.6,
Nick Vespi,P,BAL,30.6,
Cody Bolton,P,PIT,30.3,
Luis Cessa,P,CIN,30,
Ryan Tepera,P,2 Tms,29.6,
Dylan Coleman,P,KCR,29.3,
Austin Nola,C,SDP,29,
Henry Ramos,RF,CIN,29,
Henry Ramos,LF,CIN,29,
Jasson Domínguez,CF,NYY,29,
Jordan Luplow,RF,2 Tms,29,
Jordan Luplow,LF,2 Tms,29,
Jordan Luplow,1B,2 Tms,29,
Sam Hilliard,LF,ATL,29,
Sam Hilliard,CF,ATL,29,
Brett Kennedy,P,CIN,29,
Andrew Suárez,P,STL,28.6,
Garrett Crochet,P,CHW,28.6,
Collin Snider,P,KCR,28.3,
Trevor Kelley,P,TBR,28.3,
Austin Wynns,C,3 Tms,28,
Garrett Mitchell,CF,MIL,28,
Jared Young,1B,CHC,28,
Luken Baker,1B,STL,28,
Michael Toglia,1B,COL,28,
Michael Toglia,RF,COL,28,
Trayce Thompson,LF,2 Tms,28,
Trayce Thompson,RF,2 Tms,28,
Trayce Thompson,CF,2 Tms,28,
Zach Plesac,P,CLE,27.3,
Matt Bush,P,MIL,27.3,
Ceddanne Rafaela,CF,BOS,27,
Ceddanne Rafaela,2B,BOS,27,
Ceddanne Rafaela,SS,BOS,27,
Vaughn Grissom,2B,ATL,27,
Vaughn Grissom,SS,ATL,27,
J.C. Mejía,P,MIL,26.3,
Dane Myers,CF,MIA,26,
Mark Mathias,RF,2 Tms,26,
Mark Mathias,2B,2 Tms,26,
Carson Spiers,P,CIN,26,
Ben Joyce,P,LAA,26,
Parker Mushinski,P,HOU,25.6,
Jeurys Familia,P,OAK,25.6,
Kolby Allard,P,ATL,25.3,
Conner Capel,LF,OAK,25,
Conner Capel,RF,OAK,25,
Jonny DeLuca,RF,LAD,25,
Jonny DeLuca,LF,LAD,25,
Jonny DeLuca,CF,LAD,25,
Kevin Smith,3B,OAK,25,
Kevin Smith,SS,OAK,25,
Michael Chavis,2B,WSN,25,
Michael Chavis,1B,WSN,25,
Michael Chavis,3B,WSN,25,
Mike Brosseau,1B,MIL,25,
Mike Brosseau,3B,MIL,25,
Oneil Cruz,SS,PIT,25,
Tim Locastro,LF,NYM,25,
Tim Locastro,CF,NYM,25,
Wil Myers,1B,CIN,25,
Wil Myers,RF,CIN,25,
Jackson Stephens,P,ATL,25,
Andrew Saalfrank,P,ARI,24.3,
Abraham Toro,1B,MIL,24,
Abraham Toro,3B,MIL,24,
Avisaíl García,LF,MIA,24,
Avisaíl García,RF,MIA,24,
Samad Taylor,2B,KCR,24,
Samad Taylor,LF,KCR,24,
Dennis Santana,P,NYM,23.6,
Lucas Luetge,P,ATL,23.6,
Hunter Dozier,1B,KCR,23,
Hunter Dozier,3B,KCR,23,
Hunter Dozier,RF,KCR,23,
Jonah Bride,3B,OAK,23,
Jonah Bride,1B,OAK,23,
Nabil Crismatt,P,2 Tms,23,
Jonathan Heasley,P,KCR,23,
Tayler Scott,P,3 Tms,22.6,
Steven Cruz,P,KCR,22.6,
Mitch White,P,TOR,22.6,
Lyon Richardson,P,CIN,22.6,
Jacob Barnes,P,STL,22.6,
Estevan Florial,CF,NYY,22,
Forrest Wall,CF,ATL,22,
Forrest Wall,LF,ATL,22,
Matt Beaty,1B,2 Tms,22,
Vidal Bruján,2B,TBR,22,
Vidal Bruján,3B,TBR,22,
Vidal Bruján,RF,TBR,22,
Vidal Bruján,SS,TBR,22,
Reiver Sanmartin,P,CIN,22,
Anthony Kay,P,2 Tms,21.6,
Hobie Harris,P,WSN,21.3,
Brett Sullivan,C,SDP,21,
Brett Wisely,2B,SFG,21,
Brett Wisely,CF,SFG,21,
Bubba Thompson,RF,TEX,21,
Bubba Thompson,LF,TEX,21,
Bubba Thompson,CF,TEX,21,
Matt Mervis,1B,CHC,21,
Tyler Heineman,C,2 Tms,21,
Tyler Wade,SS,OAK,21,
Tyler Wade,LF,OAK,21,
Drew Rucinski,P,OAK,21,
Yerry Rodríguez,P,TEX,20.6,
Brayan Rocchio,SS,CLE,20,
Brayan Rocchio,3B,CLE,20,
Clint Frazier,LF,CHW,20,
Clint Frazier,CF,CHW,20,
Clint Frazier,RF,CHW,20,
Colton Cowser,LF,BAL,20,
Colton Cowser,CF,BAL,20,
Colton Cowser,RF,BAL,20,
Taylor Trammell,LF,SEA,20,
Terrin Vavra,RF,BAL,20,
Terrin Vavra,LF,BAL,20,
Joely Rodríguez,P,BOS,20,
Josh Walker,P,NYM,20,
Emerson Hancock,P,SEA,20,
Casey Legumina,P,CIN,19.6,
Drew Millas,C,WSN,19,
Eguy Rosario,3B,SDP,19,
Jo Adell,LF,LAA,19,
Jo Adell,CF,LAA,19,
Jo Adell,RF,LAA,19,
Michael Busch,1B,LAD,19,
Michael Busch,3B,LAD,19,
Spencer Horwitz,1B,TOR,19,
Weston Wilson,LF,PHI,19,
Óscar Mercado,LF,STL,19,
Óscar Mercado,CF,STL,19,
Óscar Mercado,RF,STL,19,
Zach Logue,P,DET,19,
Anthony Misiewicz,P,3 Tms,19,
Joey Estes,P,OAK,19,
Carlos Pérez,1B,CHW,18,
Carlos Pérez,C,CHW,18,
Curt Casali,C,CIN,18,
Drew Ellis,3B,PHI,18,
Drew Ellis,1B,PHI,18,
Jake Lamb,1B,LAA,18,
Sam Huff,C,TEX,18,
Adam Oller,P,OAK,17.6,
Daniel Norris,P,CLE,17.6,
Ben Rortvedt,C,NYY,17,
Iván Herrera,C,STL,17,
Jason Vosler,3B,CIN,17,
Jason Vosler,1B,CIN,17,
Joey Bart,C,SFG,17,
José Fermín,2B,STL,17,
José Fermín,3B,STL,17,
Junior Caminero,3B,TBR,17,
Junior Caminero,SS,TBR,17,
Tyler Fitzgerald,3B,SFG,17,
Tyler Fitzgerald,CF,SFG,17,
Declan Cronin,P,CHW,17,
Javy Guerra,P,2 Tms,16.3,
Spencer Patton,P,OAK,16.3,
Andre Lipcius,3B,DET,16,
Brandon Dixon,RF,SDP,16,
Brandon Dixon,1B,SDP,16,
Danny Mendick,LF,NYM,16,
Danny Mendick,3B,NYM,16,
Danny Mendick,2B,NYM,16,
Jared Walsh,RF,LAA,16,
Jared Walsh,1B,LAA,16,
Jonathan Araúz,3B,NYM,16,
Jonathan Araúz,2B,NYM,16,
Jonathan Araúz,SS,NYM,16,
Juan Then,P,SEA,16,
Garrett Hill,P,DET,15.6,
Madison Bumgarner,P,ARI,14.6,
Eduardo Salazar,P,CIN,14.3,
Adam Haseley,CF,CHW,14,
Adam Haseley,RF,CHW,14,
Jackie Bradley Jr.,CF,KCR,14,
Jackie Bradley Jr.,LF,KCR,14,
Jackie Bradley Jr.,RF,KCR,14,
Mike Zunino,C,CLE,14,
Tucker Barnhart,C,CHC,14,
Tyler Soderstrom,C,OAK,14,
Tyler Soderstrom,1B,OAK,14,
Bryce Johnson,CF,SFG,13,
Greg Allen,CF,NYY,13,
Greg Allen,RF,NYY,13,
Greg Allen,LF,NYY,13,
Alika Williams,SS,PIT,12,
Darin Ruf,DH,2 Tms,12,
Heston Kjerstad,LF,BAL,12,
Joel Kuhnel,P,2 Tms,12,
Andrew Stevenson,CF,MIN,11,
Andrew Stevenson,LF,MIN,11,
Brett Phillips,RF,LAA,11,
Brett Phillips,CF,LAA,11,
Logan Porter,C,KCR,11,
Travis Blankenhorn,RF,WSN,11,
Travis Blankenhorn,LF,WSN,11,
Jeremiah Estrada,P,CHC,10.6,
Alexander Canario,DH,CHC,10,
Grae Kessinger,SS,HOU,10,
Grae Kessinger,3B,HOU,10,
Grae Kessinger,2B,HOU,10,
Grae Kessinger,1B,HOU,10,
J.P. Martínez,CF,TEX,10,
J.P. Martínez,LF,TEX,10,
J.P. Martínez,RF,TEX,10,
Taylor Hearn,P,3 Tms,10,
Justin Martinez,P,ARI,10,
Glenn Otto,P,TEX,9.6,
Levi Stoudt,P,CIN,9.3,
Franmil Reyes,LF,KCR,9,
Juan Yepez,LF,STL,9,
Kyle Garlick,LF,MIN,9,
Kyle Garlick,RF,MIN,9,
Nathan Lukes,RF,TOR,9,
Nathan Lukes,LF,TOR,9,
Coco Montes,2B,COL,8,
Heliot Ramos,CF,SFG,8,
Heliot Ramos,RF,SFG,8,
Heliot Ramos,LF,SFG,8,
Cole Tucker,RF,COL,7,
Joey Ortiz,SS,BAL,7,
Joey Ortiz,2B,BAL,7,
Joey Ortiz,3B,BAL,7,
Jorge Alfaro,C,2 Tms,7,
Luis Torrens,C,2 Tms,7,
Tommy La Stella,DH,SEA,7,
Yonny Hernández,3B,LAD,7,
Yonny Hernández,2B,LAD,7,
Connor Overton,P,CIN,7,
Rico Garcia,P,2 Tms,6.6,
Ben Gamel,LF,SDP,6,
Bligh Madris,1B,HOU,6,
Cody Thomas,RF,OAK,6,
David Hamilton,2B,BOS,6,
David Hamilton,SS,BOS,6,
Derek Hill,CF,WSN,6,
Everson Pereira,LF,NYY,6,
Luke Voit,1B,MIL,6,
Marco Luciano,SS,SFG,6,
Trey Cabbage,1B,LAA,6,
Trey Cabbage,CF,LAA,6,
Trey Cabbage,RF,LAA,6,
Austin Meadows,LF,DET,5,
Buddy Kennedy,3B,ARI,5,
Dalton Guthrie,CF,PHI,5,
Dalton Guthrie,LF,PHI,5,
David Hensley,1B,HOU,5,
David Hensley,2B,HOU,5,
Jahmai Jones,2B,MIL,5,
Livan Soto,2B,LAA,5,
Livan Soto,SS,LAA,5,
Manny Piña,C,OAK,5,
Vinny Capra,3B,PIT,5,
Vinny Capra,2B,PIT,5,
Wade Meckler,LF,SFG,5,
Wade Meckler,CF,SFG,5,
Canaan Smith-Njigba,LF,PIT,4,
Canaan Smith-Njigba,RF,PIT,4,
José Tena,2B,CLE,4,
José Tena,3B,CLE,4,
José Tena,SS,CLE,4,
Blake Rutherford,LF,WSN,3,
Johan Camargo,SS,SFG,3,
Johan Camargo,3B,SFG,3,
Peyton Burdick,RF,MIA,3,
Peyton Burdick,CF,MIA,3,
Anthony Bemboom,C,BAL,2,
Cal Stevenson,CF,SFG,2,
Darick Hall,1B,PHI,2,
Josh Lester,1B,BAL,2,
Pete Crow-Armstrong,CF,CHC,2,
James Naile,P,STL,1.3,
Brian O'Keefe,C,SEA,1,
Korey Lee,C,CHW,1,
TJ Hopkins,RF,CIN,1,
TJ Hopkins,LF,CIN,1,
Edwin Ríos,DH,CHC,0,
Juniel Querecuto,2B,STL,0,
Juniel Querecuto,3B,STL,0,
Chase De Jong,P,PIT,-0.7,
Peter Solomon,P,ARI,-0.7,
Bobby Dalbec,3B,BOS,-1,
Bobby Dalbec,1B,BOS,-1,
Cooper Hummel,DH,SEA,-1,
Kyle Lewis,DH,ARI,-1,
Kyren Paris,SS,LAA,-1,
Kyren Paris,2B,LAA,-1,
Kyren Paris,CF,LAA,-1,
Luke Williams,SS,2 Tms,-1,
Luke Williams,3B,2 Tms,-1,
Roberto Pérez,C,SFG,-1,
Chadwick Tromp,C,ATL,-2,
César Salazar,C,HOU,-2,
Jordan Lawlar,SS,ARI,-2,
Ehire Adrianza,SS,ATL,-3,
Eli White,CF,ATL,-3,
Ryan Kreidler,SS,DET,-3,
Ryan Kreidler,3B,DET,-3,
Ryan Kreidler,2B,DET,-3,
Sandy León,C,TEX,-3,
Taylor Kohlwey,LF,SDP,-3,
Tomás Nido,C,NYM,-3,
Abraham Almonte,DH,NYM,-4,
Irving Lopez,2B,STL,-4,
Irving Lopez,3B,STL,-4,
Brian Serven,C,COL,-5,
Cam Gallagher,C,CLE,-5,
Isan Díaz,2B,2 Tms,-5,
Taylor Motter,2B,STL,-5,
Taylor Motter,SS,STL,-5,
Taylor Motter,3B,STL,-5,
Kyle Stowers,LF,BAL,-6,
Kyle Stowers,RF,BAL,-6,
Chris Owings,SS,PIT,-8,
Jordyn Adams,LF,LAA,-8,
Jordyn Adams,RF,LAA,-8,
Jordyn Adams,CF,LAA,-8,
Nate Eaton,RF,KCR,-9,
Nate Eaton,CF,KCR,-9,
Nate Eaton,LF,KCR,-9,
