Name,G,Position,score,perG
Ronald Acuña Jr.,159,RF,710,4.465408805
Corey Seager,119,SS,453,3.806722689
Mookie Betts,152,2B,577,3.796052632
Mookie Betts,152,SS,577,3.796052632
Mookie Betts,152,RF,577,3.796052632
Shohei Ohtani,135,P,511,3.785185185
Jasson Domínguez,8,CF,29,3.625
Freddie Freeman,161,1B,580,3.602484472
Matt Olson,162,1B,579,3.574074074
Yordan Alvarez,114, ,395,3.464912281
Kyle Tucker,157,RF,533,3.394904459
Jose Altuve,90,2B,302,3.355555556
Cody Bellinger,130,CF,430,3.307692308
Cody Bellinger,130,1B,430,3.307692308
Aaron Judge,106,CF,349,3.29245283
Aaron Judge,106,RF,349,3.29245283
Juan Soto,162,LF,527,3.25308642
José Ramírez,156,3B,507,3.25
Marcus Semien,162,2B,519,3.203703704
Ozzie Albies,148,2B,465,3.141891892
Royce Lewis,58,3B,178,3.068965517
Yandy Díaz,137,3B,418,3.051094891
Yandy Díaz,137,1B,418,3.051094891
Bobby Witt Jr.,158,SS,479,3.03164557
Wander Franco,112,SS,339,3.026785714
Alex Bregman,161,3B,484,3.00621118
Corbin Carroll,155,LF,465,3
Corbin Carroll,155,RF,465,3
Corbin Carroll,155,CF,465,3
Josh Naylor,121,1B,354,2.925619835
Bryce Harper,126,1B,364,2.888888889
Luis Arraez,147,1B,423,2.87755102
Luis Arraez,147,2B,423,2.87755102
Ketel Marte,150,2B,424,2.826666667
Julio Rodríguez,155,CF,437,2.819354839
Rafael Devers,153,3B,431,2.816993464
Francisco Lindor,160,SS,450,2.8125
Marcell Ozuna,144,LF,404,2.805555556
Christian Yelich,144,LF,401,2.784722222
Oneil Cruz,9,SS,25,2.777777778
Nico Hoerner,150,2B,412,2.746666667
Nico Hoerner,150,SS,412,2.746666667
Austin Riley,159,3B,436,2.742138365
Pete Alonso,154,1B,420,2.727272727
Christian Walker,157,1B,427,2.719745223
Adley Rutschman,154,C,418,2.714285714
Max Muncy,135,3B,366,2.711111111
Will Smith,126,C,338,2.682539683
Will Smith,126,P,338,2.682539683
Adolis García,148,RF,396,2.675675676
Adolis García,148,CF,396,2.675675676
Vladimir Guerrero Jr.,156,1B,416,2.666666667
Abraham Toro,9,1B,24,2.666666667
Abraham Toro,9,3B,24,2.666666667
J.D. Martinez,113,LF,298,2.637168142
Davis Schneider,35,2B,92,2.628571429
Davis Schneider,35,LF,92,2.628571429
Davis Schneider,35,3B,92,2.628571429
Manny Machado,138,3B,362,2.623188406
Fernando Tatis Jr.,141,RF,368,2.609929078
Fernando Tatis Jr.,141,CF,368,2.609929078
Justin Turner,146,2B,381,2.609589041
Justin Turner,146,1B,381,2.609589041
Justin Turner,146,3B,381,2.609589041
Gleyber Torres,158,2B,410,2.594936709
Matt McLain,89,SS,230,2.584269663
Matt McLain,89,2B,230,2.584269663
Trea Turner,155,SS,398,2.567741935
Evan Carter,23,LF,59,2.565217391
Evan Carter,23,CF,59,2.565217391
Evan Carter,23,RF,59,2.565217391
Nolan Arenado,144,3B,369,2.5625
Nolan Jones,106,LF,271,2.556603774
Nolan Jones,106,CF,271,2.556603774
Nolan Jones,106,1B,271,2.556603774
Nolan Jones,106,RF,271,2.556603774
TJ Friedl,138,CF,352,2.550724638
TJ Friedl,138,LF,352,2.550724638
Isaac Paredes,143,3B,364,2.545454545
Isaac Paredes,143,2B,364,2.545454545
Isaac Paredes,143,1B,364,2.545454545
Steven Kwan,158,LF,401,2.537974684
Alec Bohm,145,3B,368,2.537931034
Alec Bohm,145,1B,368,2.537931034
Kyle Schwarber,160,LF,405,2.53125
Charlie Blackmon,96,RF,243,2.53125
William Contreras,141,C,356,2.524822695
J.P. Crawford,145,SS,365,2.517241379
Carlos Santana,146,1B,367,2.51369863
Luis Campusano,49,C,123,2.510204082
Bryan Reynolds,145,CF,362,2.496551724
Bryan Reynolds,145,LF,362,2.496551724
Jorge Soler,137,RF,340,2.481751825
Michael Brantley,15,LF,37,2.466666667
Masataka Yoshida,140,LF,343,2.45
Paul Goldschmidt,154,1B,377,2.448051948
Bo Bichette,135,SS,330,2.444444444
Seiya Suzuki,138,RF,337,2.442028986
Josh Lowe,135,LF,328,2.42962963
Josh Lowe,135,RF,328,2.42962963
Josh Lowe,135,CF,328,2.42962963
Junior Caminero,7,3B,17,2.428571429
Junior Caminero,7,SS,17,2.428571429
Lars Nootbaar,117,LF,284,2.427350427
Lars Nootbaar,117,RF,284,2.427350427
Lars Nootbaar,117,CF,284,2.427350427
Gunnar Henderson,150,SS,364,2.426666667
Gunnar Henderson,150,3B,364,2.426666667
Zack Gelof,69,2B,167,2.420289855
Ian Happ,158,LF,382,2.417721519
Sean Murphy,108,C,261,2.416666667
Vinnie Pasquantino,61,1B,147,2.409836066
Luis Robert Jr.,145,CF,349,2.406896552
Spencer Steer,156,2B,374,2.397435897
Spencer Steer,156,RF,374,2.397435897
Spencer Steer,156,LF,374,2.397435897
Spencer Steer,156,3B,374,2.397435897
Spencer Steer,156,1B,374,2.397435897
Nelson Velázquez,53,CF,127,2.396226415
Nelson Velázquez,53,LF,127,2.396226415
Nelson Velázquez,53,RF,127,2.396226415
Brandon Nimmo,152,LF,364,2.394736842
Brandon Nimmo,152,CF,364,2.394736842
Anthony Santander,153,1B,364,2.379084967
Anthony Santander,153,RF,364,2.379084967
Randy Arozarena,151,LF,359,2.377483444
Weston Wilson,8,LF,19,2.375
Xander Bogaerts,155,SS,368,2.374193548
Mitch Garver,87,C,206,2.367816092
Mike Trout,82,CF,194,2.365853659
Jonathan India,119,2B,281,2.361344538
Bryson Stott,151,2B,356,2.357615894
George Springer,154,RF,363,2.357142857
Wilmer Flores,126,2B,296,2.349206349
Wilmer Flores,126,3B,296,2.349206349
Wilmer Flores,126,1B,296,2.349206349
Lourdes Gurriel Jr.,145,LF,338,2.331034483
Chas McCormick,115,CF,268,2.330434783
Chas McCormick,115,RF,268,2.330434783
Chas McCormick,115,LF,268,2.330434783
Jonah Heim,131,C,304,2.320610687
Austin Wells,19,C,44,2.315789474
Michael Harris II,138,CF,319,2.311594203
Lane Thomas,157,CF,361,2.299363057
Lane Thomas,157,RF,361,2.299363057
Ke'Bryan Hayes,124,3B,285,2.298387097
Yainer Diaz,104,C,239,2.298076923
Yainer Diaz,104,1B,239,2.298076923
Ha-Seong Kim,152,2B,348,2.289473684
Ha-Seong Kim,152,3B,348,2.289473684
Ha-Seong Kim,152,SS,348,2.289473684
Keibert Ruiz,136,C,311,2.286764706
Jeimer Candelario,140,3B,320,2.285714286
Jeimer Candelario,140,1B,320,2.285714286
Alex Verdugo,142,RF,323,2.274647887
Taylor Ward,97,LF,220,2.268041237
CJ Abrams,151,SS,342,2.264900662
Nathaniel Lowe,161,1B,360,2.236024845
Ryan Mountcastle,115,1B,257,2.234782609
Max Kepler,130,RF,290,2.230769231
Christopher Morel,107,3B,238,2.224299065
Christopher Morel,107,SS,238,2.224299065
Christopher Morel,107,2B,238,2.224299065
Christopher Morel,107,CF,238,2.224299065
Christopher Morel,107,LF,238,2.224299065
Christopher Morel,107,RF,238,2.224299065
Spencer Torkelson,159,1B,352,2.213836478
Cedric Mullins,116,CF,255,2.198275862
Jake Fraley,111,RF,244,2.198198198
Jake Fraley,111,LF,244,2.198198198
Nick Castellanos,157,RF,345,2.197452229
Brandon Drury,125,2B,274,2.192
Brandon Drury,125,1B,274,2.192
Jorge Polanco,80,3B,175,2.1875
Jorge Polanco,80,2B,175,2.1875
Richie Palacios,32,RF,70,2.1875
Richie Palacios,32,LF,70,2.1875
Richie Palacios,32,CF,70,2.1875
Brendan Donovan,95,LF,207,2.178947368
Brendan Donovan,95,RF,207,2.178947368
Brendan Donovan,95,3B,207,2.178947368
Brendan Donovan,95,2B,207,2.178947368
Brendan Donovan,95,1B,207,2.178947368
Triston Casas,132,1B,287,2.174242424
Nolan Schanuel,29,1B,63,2.172413793
Nick Loftin,19,3B,41,2.157894737
Nick Loftin,19,1B,41,2.157894737
Nick Loftin,19,2B,41,2.157894737
Dansby Swanson,147,SS,317,2.156462585
Jeff McNeil,156,2B,335,2.147435897
Jeff McNeil,156,RF,335,2.147435897
Jeff McNeil,156,CF,335,2.147435897
Jeff McNeil,156,LF,335,2.147435897
Tommy Pham,129,CF,277,2.147286822
Tommy Pham,129,RF,277,2.147286822
Tommy Pham,129,LF,277,2.147286822
Willson Contreras,125,C,268,2.144
Andrew McCutchen,112,RF,240,2.142857143
Anthony Rendon,43,3B,92,2.139534884
Logan O'Hoppe,51,C,109,2.137254902
Luis García Jr.,122,2B,260,2.131147541
Brandon Lowe,109,2B,231,2.119266055
Eloy Jiménez,120,RF,254,2.116666667
Harold Ramírez,122,LF,258,2.114754098
Harold Ramírez,122,1B,258,2.114754098
Harold Ramírez,122,RF,258,2.114754098
Bo Naylor,67,C,141,2.104477612
Whit Merrifield,145,2B,305,2.103448276
Whit Merrifield,145,RF,305,2.103448276
Whit Merrifield,145,LF,305,2.103448276
Danny Jansen,86,C,180,2.093023256
Tommy Edman,137,SS,286,2.087591241
Tommy Edman,137,CF,286,2.087591241
Tommy Edman,137,RF,286,2.087591241
Tommy Edman,137,2B,286,2.087591241
Randal Grichuk,118,CF,245,2.076271186
Randal Grichuk,118,RF,245,2.076271186
Randal Grichuk,118,LF,245,2.076271186
Sal Frelick,57,RF,118,2.070175439
Sal Frelick,57,CF,118,2.070175439
Kerry Carpenter,118,LF,244,2.06779661
Kerry Carpenter,118,RF,244,2.06779661
Miguel Andujar,30,RF,62,2.066666667
Adam Duvall,92,RF,190,2.065217391
Adam Duvall,92,LF,190,2.065217391
Adam Duvall,92,CF,190,2.065217391
Jake Burger,141,1B,290,2.056737589
Jake Burger,141,2B,290,2.056737589
Jake Burger,141,3B,290,2.056737589
Andrés Giménez,153,2B,313,2.045751634
Mauricio Dubón,132,CF,270,2.045454545
Mauricio Dubón,132,2B,270,2.045454545
Mauricio Dubón,132,SS,270,2.045454545
Mauricio Dubón,132,1B,270,2.045454545
Mauricio Dubón,132,LF,270,2.045454545
Nolan Gorman,119,3B,242,2.033613445
Nolan Gorman,119,2B,242,2.033613445
Thairo Estrada,120,2B,244,2.033333333
Thairo Estrada,120,LF,244,2.033333333
Thairo Estrada,120,SS,244,2.033333333
Josh Jung,122,3B,248,2.032786885
Joey Meneses,154,1B,313,2.032467532
Elly De La Cruz,98,SS,199,2.030612245
Elly De La Cruz,98,3B,199,2.030612245
LaMonte Wade Jr.,135,RF,274,2.02962963
LaMonte Wade Jr.,135,LF,274,2.02962963
LaMonte Wade Jr.,135,1B,274,2.02962963
Noelvi Marte,35,SS,71,2.028571429
Noelvi Marte,35,3B,71,2.028571429
Gary Sánchez,75,C,152,2.026666667
Jarren Duran,102,LF,205,2.009803922
Jarren Duran,102,CF,205,2.009803922
Mike Tauchman,108,LF,217,2.009259259
Mike Tauchman,108,CF,217,2.009259259
Mike Tauchman,108,RF,217,2.009259259
J.T. Realmuto,135,C,270,2
Nick Martini,29,RF,58,2
Nick Martini,29,LF,58,2
Edward Olivares,107,RF,213,1.990654206
Edward Olivares,107,LF,213,1.990654206
Jazz Chisholm Jr.,97,CF,192,1.979381443
Andrew Benintendi,151,LF,298,1.973509934
Orlando Arcia,139,SS,274,1.971223022
Leody Taveras,143,CF,281,1.965034965
Cal Raleigh,145,C,284,1.95862069
C.J. Cron,71,1B,139,1.957746479
Jordan Walker,117,LF,229,1.957264957
Jordan Walker,117,RF,229,1.957264957
Andrew Vaughn,152,1B,297,1.953947368
Luis Rengifo,126,RF,246,1.952380952
Luis Rengifo,126,CF,246,1.952380952
Luis Rengifo,126,LF,246,1.952380952
Luis Rengifo,126,2B,246,1.952380952
Luis Rengifo,126,3B,246,1.952380952
Luis Rengifo,126,SS,246,1.952380952
Willy Adames,149,SS,290,1.946308725
Mark Canha,139,RF,269,1.935251799
Mark Canha,139,1B,269,1.935251799
Mark Canha,139,LF,269,1.935251799
Carlos Correa,135,SS,261,1.933333333
José Abreu,141,1B,272,1.929078014
Joc Pederson,121,RF,233,1.925619835
Joc Pederson,121,LF,233,1.925619835
Austin Hays,144,CF,277,1.923611111
Austin Hays,144,RF,277,1.923611111
Austin Hays,144,LF,277,1.923611111
Ryan O'Hearn,112,LF,214,1.910714286
Ryan O'Hearn,112,1B,214,1.910714286
Ryan O'Hearn,112,RF,214,1.910714286
Josh Bell,150,1B,286,1.906666667
Eddie Rosario,142,LF,269,1.894366197
Byron Buxton,85,DH,161,1.894117647
Christian Encarnacion-St...,63,3B,119,1.888888889
Christian Encarnacion-St...,63,1B,119,1.888888889
Jeremy Peña,150,SS,281,1.873333333
Amed Rosario,142,2B,266,1.873239437
Amed Rosario,142,SS,266,1.873239437
Riley Greene,99,LF,185,1.868686869
Riley Greene,99,RF,185,1.868686869
Riley Greene,99,CF,185,1.868686869
Matt Wallner,76,LF,142,1.868421053
Matt Wallner,76,RF,142,1.868421053
Jurickson Profar,125,1B,231,1.848
Jurickson Profar,125,RF,231,1.848
Jurickson Profar,125,LF,231,1.848
Willie Calhoun,44,LF,81,1.840909091
Willie Calhoun,44,RF,81,1.840909091
Mike Yastrzemski,106,CF,195,1.839622642
Mike Yastrzemski,106,RF,195,1.839622642
Mike Yastrzemski,106,LF,195,1.839622642
Ildemaro Vargas,86,3B,158,1.837209302
Ildemaro Vargas,86,2B,158,1.837209302
Ildemaro Vargas,86,LF,158,1.837209302
Ildemaro Vargas,86,SS,158,1.837209302
Joey Votto,65,1B,119,1.830769231
Jason Heyward,124,RF,227,1.830645161
Jason Heyward,124,1B,227,1.830645161
Jason Heyward,124,LF,227,1.830645161
Jason Heyward,124,CF,227,1.830645161
Salvador Perez,140,1B,256,1.828571429
Salvador Perez,140,C,256,1.828571429
Jake Cronenworth,127,2B,232,1.826771654
Jake Cronenworth,127,1B,232,1.826771654
Adam Frazier,141,RF,257,1.822695035
Adam Frazier,141,LF,257,1.822695035
Adam Frazier,141,2B,257,1.822695035
Dominic Fletcher,28,CF,51,1.821428571
Dominic Fletcher,28,RF,51,1.821428571
Dominic Fletcher,28,LF,51,1.821428571
Bryan De La Cruz,153,CF,278,1.816993464
Bryan De La Cruz,153,RF,278,1.816993464
Bryan De La Cruz,153,LF,278,1.816993464
Michael Conforto,125,LF,227,1.816
Michael Conforto,125,RF,227,1.816
Kole Calhoun,43,RF,78,1.813953488
Kole Calhoun,43,1B,78,1.813953488
Jose Siri,101,CF,183,1.811881188
Parker Meadows,37,CF,67,1.810810811
Esteury Ruiz,132,LF,238,1.803030303
Esteury Ruiz,132,RF,238,1.803030303
Esteury Ruiz,132,CF,238,1.803030303
Ryan Jeffers,96,C,173,1.802083333
Geraldo Perdomo,144,SS,259,1.798611111
Geraldo Perdomo,144,3B,259,1.798611111
Geraldo Perdomo,144,2B,259,1.798611111
Maikel Garcia,123,3B,221,1.796747967
Maikel Garcia,123,SS,221,1.796747967
Maikel Garcia,123,2B,221,1.796747967
James Outman,151,CF,271,1.794701987
James Outman,151,RF,271,1.794701987
James Outman,151,LF,271,1.794701987
Jack Suwinski,144,LF,258,1.791666667
Jack Suwinski,144,RF,258,1.791666667
Jack Suwinski,144,CF,258,1.791666667
Brandon Belt,103,1B,183,1.776699029
Robbie Grossman,115,LF,204,1.773913043
Robbie Grossman,115,RF,204,1.773913043
Giancarlo Stanton,101,LF,179,1.772277228
Giancarlo Stanton,101,RF,179,1.772277228
Yan Gomes,116,C,205,1.767241379
Ty France,158,1B,279,1.765822785
Miguel Vargas,81,1B,143,1.765432099
Miguel Vargas,81,2B,143,1.765432099
Harrison Bader,98,CF,173,1.765306122
Jacob Young,33,CF,58,1.757575758
Hunter Renfroe,140,1B,246,1.757142857
Hunter Renfroe,140,RF,246,1.757142857
Travis d'Arnaud,74,C,130,1.756756757
Aaron Hicks,93,RF,163,1.752688172
Aaron Hicks,93,LF,163,1.752688172
Aaron Hicks,93,CF,163,1.752688172
Edouard Julien,109,1B,191,1.752293578
Edouard Julien,109,2B,191,1.752293578
Ryan McMahon,152,3B,266,1.75
Ryan McMahon,152,2B,266,1.75
Victor Robles,36,CF,63,1.75
Wilyer Abreu,28,LF,49,1.75
Wilyer Abreu,28,CF,49,1.75
Jared Young,16,1B,28,1.75
Kevin Newman,74,3B,129,1.743243243
Kevin Newman,74,1B,129,1.743243243
Kevin Newman,74,2B,129,1.743243243
Kevin Newman,74,SS,129,1.743243243
Brendan Rodgers,46,2B,80,1.739130435
Brent Rooker,137,LF,238,1.737226277
Brent Rooker,137,RF,238,1.737226277
Matt Vierling,134,3B,232,1.731343284
Matt Vierling,134,LF,232,1.731343284
Matt Vierling,134,CF,232,1.731343284
Matt Vierling,134,RF,232,1.731343284
Brandon Marsh,133,LF,230,1.729323308
Brandon Marsh,133,RF,230,1.729323308
Brandon Marsh,133,CF,230,1.729323308
Freddy Fermin,70,C,121,1.728571429
Drew Millas,11,C,19,1.727272727
Eguy Rosario,11,3B,19,1.727272727
Kris Bryant,80,1B,138,1.725
Kris Bryant,80,RF,138,1.725
Pablo Reyes,64,SS,110,1.71875
Pablo Reyes,64,3B,110,1.71875
Pablo Reyes,64,2B,110,1.71875
Alex Kirilloff,88,RF,151,1.715909091
Alex Kirilloff,88,LF,151,1.715909091
Alex Kirilloff,88,1B,151,1.715909091
Trevor Larnach,58,RF,99,1.706896552
Trevor Larnach,58,LF,99,1.706896552
DJ LeMahieu,136,3B,232,1.705882353
DJ LeMahieu,136,2B,232,1.705882353
DJ LeMahieu,136,1B,232,1.705882353
Kyle Isbel,91,CF,155,1.703296703
Tom Murphy,47,C,80,1.70212766
Matt Chapman,140,3B,238,1.7
Tyler Fitzgerald,10,3B,17,1.7
Tyler Fitzgerald,10,CF,17,1.7
Teoscar Hernández,160,RF,271,1.69375
Willi Castro,124,3B,210,1.693548387
Willi Castro,124,SS,210,1.693548387
Willi Castro,124,LF,210,1.693548387
Willi Castro,124,2B,210,1.693548387
Willi Castro,124,RF,210,1.693548387
Willi Castro,124,CF,210,1.693548387
Andy Ibáñez,114,2B,193,1.692982456
Andy Ibáñez,114,1B,193,1.692982456
Andy Ibáñez,114,3B,193,1.692982456
Andy Ibáñez,114,LF,193,1.692982456
Andy Ibáñez,114,RF,193,1.692982456
Ezequiel Tovar,153,SS,259,1.692810458
Alejandro Kirk,123,C,208,1.691056911
Francisco Alvarez,123,C,207,1.682926829
Tyrone Taylor,81,RF,136,1.679012346
Tyrone Taylor,81,LF,136,1.679012346
Tyrone Taylor,81,CF,136,1.679012346
Anthony Rizzo,99,1B,166,1.676767677
Manuel Margot,99,RF,166,1.676767677
Manuel Margot,99,CF,166,1.676767677
Will Benson,108,RF,181,1.675925926
Will Benson,108,CF,181,1.675925926
Will Benson,108,LF,181,1.675925926
Elias Díaz,141,C,236,1.673758865
Connor Joe,133,RF,222,1.669172932
Connor Joe,133,LF,222,1.669172932
Connor Joe,133,1B,222,1.669172932
Jarred Kelenic,105,RF,175,1.666666667
Jarred Kelenic,105,CF,175,1.666666667
Jarred Kelenic,105,LF,175,1.666666667
Jared Triolo,54,3B,90,1.666666667
Jared Triolo,54,2B,90,1.666666667
Jared Triolo,54,1B,90,1.666666667
Josh Donaldson,51,3B,85,1.666666667
Hanser Alberto,30,2B,50,1.666666667
Hanser Alberto,30,3B,50,1.666666667
Alexander Canario,6,DH,10,1.666666667
Nick Madrigal,92,3B,153,1.663043478
Nick Madrigal,92,2B,153,1.663043478
Gio Urshela,62,3B,103,1.661290323
Gio Urshela,62,SS,103,1.661290323
Gio Urshela,62,1B,103,1.661290323
Dominic Smith,153,1B,254,1.660130719
Luke Raley,118,LF,194,1.644067797
Luke Raley,118,CF,194,1.644067797
Luke Raley,118,1B,194,1.644067797
Luke Raley,118,RF,194,1.644067797
Elvis Andrus,112,SS,184,1.642857143
Elvis Andrus,112,2B,184,1.642857143
Elvis Andrus,112,3B,184,1.642857143
Gabriel Moreno,111,C,182,1.63963964
Starling Marte,86,RF,140,1.627906977
Daulton Varsho,158,CF,257,1.626582278
Daulton Varsho,158,LF,257,1.626582278
Taylor Walls,99,3B,161,1.626262626
Taylor Walls,99,SS,161,1.626262626
Taylor Walls,99,2B,161,1.626262626
Alec Burleson,107,RF,174,1.626168224
Alec Burleson,107,1B,174,1.626168224
Alec Burleson,107,LF,174,1.626168224
Nick Senzel,104,3B,169,1.625
Nick Senzel,104,2B,169,1.625
Nick Senzel,104,CF,169,1.625
Nick Senzel,104,RF,169,1.625
Nick Senzel,104,LF,169,1.625
Sean Bouchard,21,LF,34,1.619047619
Sean Bouchard,21,RF,34,1.619047619
Enrique Hernández,140,LF,226,1.614285714
Enrique Hernández,140,1B,226,1.614285714
Enrique Hernández,140,RF,226,1.614285714
Enrique Hernández,140,3B,226,1.614285714
Enrique Hernández,140,CF,226,1.614285714
Enrique Hernández,140,2B,226,1.614285714
Enrique Hernández,140,SS,226,1.614285714
Victor Caratini,62,C,100,1.612903226
Mickey Moniak,85,RF,137,1.611764706
Mickey Moniak,85,LF,137,1.611764706
Mickey Moniak,85,CF,137,1.611764706
Jon Berti,133,SS,213,1.601503759
Jon Berti,133,3B,213,1.601503759
Jon Berti,133,2B,213,1.601503759
Jon Berti,133,LF,213,1.601503759
Kevin Kiermaier,129,CF,206,1.596899225
J.D. Davis,144,3B,229,1.590277778
J.D. Davis,144,1B,229,1.590277778
Tony Kemp,124,2B,197,1.588709677
Tony Kemp,124,LF,197,1.588709677
Ezequiel Duran,122,SS,193,1.581967213
Ezequiel Duran,122,2B,193,1.581967213
Ezequiel Duran,122,1B,193,1.581967213
Ezequiel Duran,122,3B,193,1.581967213
Ezequiel Duran,122,LF,193,1.581967213
Eugenio Suárez,162,3B,256,1.580246914
Pavin Smith,69,RF,109,1.579710145
Pavin Smith,69,1B,109,1.579710145
MJ Melendez,148,C,233,1.574324324
MJ Melendez,148,LF,233,1.574324324
MJ Melendez,148,RF,233,1.574324324
Chris Taylor,117,SS,183,1.564102564
Chris Taylor,117,LF,183,1.564102564
Chris Taylor,117,CF,183,1.564102564
Chris Taylor,117,3B,183,1.564102564
Chris Taylor,117,2B,183,1.564102564
JJ Bleday,82,LF,128,1.56097561
JJ Bleday,82,RF,128,1.56097561
JJ Bleday,82,CF,128,1.56097561
Andrew Knizner,70,C,108,1.542857143
David Peralta,133,RF,205,1.541353383
David Peralta,133,LF,205,1.541353383
Jesús Sánchez,125,LF,192,1.536
Jesús Sánchez,125,CF,192,1.536
Jesús Sánchez,125,RF,192,1.536
Zach Neto,84,SS,129,1.535714286
Enmanuel Valdez,49,2B,75,1.530612245
Tyler O'Neill,72,LF,110,1.527777778
Tyler O'Neill,72,CF,110,1.527777778
Dominic Canzone,59,LF,90,1.525423729
Dominic Canzone,59,RF,90,1.525423729
Will Brennan,138,RF,210,1.52173913
Will Brennan,138,LF,210,1.52173913
Will Brennan,138,CF,210,1.52173913
Miguel Rojas,125,SS,190,1.52
DJ Stewart,58,LF,88,1.517241379
DJ Stewart,58,RF,88,1.517241379
Ryan Noda,128,RF,193,1.5078125
Ryan Noda,128,1B,193,1.5078125
Stone Garrett,89,LF,134,1.505617978
Stone Garrett,89,RF,134,1.505617978
Patrick Wisdom,97,RF,146,1.505154639
Patrick Wisdom,97,LF,146,1.505154639
Patrick Wisdom,97,1B,146,1.505154639
Patrick Wisdom,97,3B,146,1.505154639
Drew Ellis,12,3B,18,1.5
Drew Ellis,12,1B,18,1.5
Anthony Volpe,159,SS,238,1.496855346
Johan Rojas,59,CF,88,1.491525424
Owen Miller,90,2B,134,1.488888889
Owen Miller,90,1B,134,1.488888889
Owen Miller,90,3B,134,1.488888889
Owen Miller,90,LF,134,1.488888889
Jorge Mateo,116,SS,172,1.482758621
Jorge Mateo,116,CF,172,1.482758621
Daniel Vogelbach,104,DH,154,1.480769231
Michael Massey,129,2B,191,1.480620155
Travis Jankowski,107,CF,158,1.476635514
Travis Jankowski,107,LF,158,1.476635514
Travis Jankowski,107,RF,158,1.476635514
Garrett Mitchell,19,CF,28,1.473684211
Henry Davis,62,RF,91,1.467741935
Yoán Moncada,92,3B,135,1.467391304
Forrest Wall,15,CF,22,1.466666667
Forrest Wall,15,LF,22,1.466666667
Ronny Mauricio,26,2B,38,1.461538462
Ronny Mauricio,26,3B,38,1.461538462
Garrett Cooper,123,1B,179,1.455284553
Shea Langeliers,135,C,196,1.451851852
Corey Julks,93,LF,135,1.451612903
Tyler Stephenson,142,1B,205,1.443661972
Tyler Stephenson,142,C,205,1.443661972
Matthew Batten,43,3B,62,1.441860465
Matthew Batten,43,2B,62,1.441860465
Matthew Batten,43,1B,62,1.441860465
Jake Rogers,107,C,154,1.439252336
Josh Rojas,105,2B,151,1.438095238
Josh Rojas,105,3B,151,1.438095238
Yuli Gurriel,108,1B,155,1.435185185
Andruw Monasterio,92,3B,132,1.434782609
Andruw Monasterio,92,2B,132,1.434782609
Andruw Monasterio,92,SS,132,1.434782609
Riley Adams,44,C,63,1.431818182
Javier Báez,136,SS,194,1.426470588
Jordan Westburg,68,3B,97,1.426470588
Jordan Westburg,68,2B,97,1.426470588
Kyle Farmer,120,2B,171,1.425
Kyle Farmer,120,SS,171,1.425
Kyle Farmer,120,3B,171,1.425
Trent Grisham,153,CF,218,1.424836601
David Fletcher,33,SS,47,1.424242424
David Fletcher,33,3B,47,1.424242424
David Fletcher,33,2B,47,1.424242424
Cavan Biggio,111,3B,158,1.423423423
Cavan Biggio,111,1B,158,1.423423423
Cavan Biggio,111,RF,158,1.423423423
Cavan Biggio,111,2B,158,1.423423423
Akil Baddoo,112,CF,159,1.419642857
Akil Baddoo,112,RF,159,1.419642857
Akil Baddoo,112,LF,159,1.419642857
Joshua Palacios,91,RF,129,1.417582418
Joshua Palacios,91,CF,129,1.417582418
Joshua Palacios,91,LF,129,1.417582418
Mike Moustakas,112,3B,158,1.410714286
Mike Moustakas,112,1B,158,1.410714286
Dylan Carlson,76,CF,107,1.407894737
Dylan Carlson,76,LF,107,1.407894737
Dylan Carlson,76,RF,107,1.407894737
Alex Call,128,CF,180,1.40625
Alex Call,128,RF,180,1.40625
Alex Call,128,LF,180,1.40625
Seth Brown,112,RF,157,1.401785714
Seth Brown,112,1B,157,1.401785714
Seth Brown,112,LF,157,1.401785714
Cole Tucker,5,RF,7,1.4
Emmanuel Rivera,86,3B,120,1.395348837
Emmanuel Rivera,86,1B,120,1.395348837
Luis Matos,76,RF,106,1.394736842
Luis Matos,76,LF,106,1.394736842
Luis Matos,76,CF,106,1.394736842
Hunter Goodman,23,1B,32,1.391304348
Hunter Goodman,23,RF,32,1.391304348
Ramón Laureano,105,RF,146,1.39047619
Ramón Laureano,105,CF,146,1.39047619
Zach McKinstry,148,2B,205,1.385135135
Zach McKinstry,148,CF,205,1.385135135
Zach McKinstry,148,RF,205,1.385135135
Zach McKinstry,148,3B,205,1.385135135
Zach McKinstry,148,SS,205,1.385135135
Zach McKinstry,148,LF,205,1.385135135
Alek Thomas,125,CF,173,1.384
Isiah Kiner-Falefa,115,3B,159,1.382608696
Isiah Kiner-Falefa,115,CF,159,1.382608696
Isiah Kiner-Falefa,115,RF,159,1.382608696
Isiah Kiner-Falefa,115,LF,159,1.382608696
Francisco Mejía,50,C,69,1.38
Ji Hwan Bae,111,CF,152,1.369369369
Ji Hwan Bae,111,SS,152,1.369369369
Ji Hwan Bae,111,2B,152,1.369369369
Dairon Blanco,69,RF,94,1.362318841
Dairon Blanco,69,LF,94,1.362318841
Dairon Blanco,69,CF,94,1.362318841
Mitch Haniger,61,RF,83,1.360655738
Mitch Haniger,61,LF,83,1.360655738
Billy McKinney,48,CF,65,1.354166667
Billy McKinney,48,RF,65,1.354166667
Billy McKinney,48,LF,65,1.354166667
Mike Ford,84,1B,113,1.345238095
Jake McCarthy,99,CF,133,1.343434343
Jake McCarthy,99,RF,133,1.343434343
Ernie Clement,30,SS,40,1.333333333
Ernie Clement,30,2B,40,1.333333333
Curtis Mead,24,2B,32,1.333333333
Curtis Mead,24,3B,32,1.333333333
Franchy Cordero,24,LF,32,1.333333333
Franchy Cordero,24,RF,32,1.333333333
Yonathan Daza,24,CF,32,1.333333333
Rowdy Tellez,106,1B,141,1.330188679
Miguel Cabrera,98,DH,130,1.326530612
Jose Miranda,40,3B,53,1.325
Cade Marlowe,34,LF,45,1.323529412
Cade Marlowe,34,CF,45,1.323529412
Jonathan Davis,34,RF,45,1.323529412
Jonathan Davis,34,CF,45,1.323529412
Michael Stefanic,25,3B,33,1.32
Michael Stefanic,25,2B,33,1.32
Jean Segura,85,3B,112,1.317647059
Donovan Solano,134,3B,176,1.313432836
Donovan Solano,134,2B,176,1.313432836
Donovan Solano,134,1B,176,1.313432836
Iván Herrera,13,C,17,1.307692308
Rob Refsnyder,89,CF,116,1.303370787
Rob Refsnyder,89,LF,116,1.303370787
Rob Refsnyder,89,RF,116,1.303370787
Ramón Urías,116,2B,151,1.301724138
Ramón Urías,116,1B,151,1.301724138
Ramón Urías,116,3B,151,1.301724138
Brian Anderson,96,3B,124,1.291666667
Brian Anderson,96,RF,124,1.291666667
Michael A. Taylor,129,CF,165,1.279069767
Kevin Pillar,81,CF,103,1.271604938
Kevin Pillar,81,RF,103,1.271604938
Kevin Pillar,81,LF,103,1.271604938
Spencer Horwitz,15,1B,19,1.266666667
Henry Ramos,23,RF,29,1.260869565
Henry Ramos,23,LF,29,1.260869565
Carter Kieboom,27,3B,34,1.259259259
Santiago Espinal,93,3B,117,1.258064516
Santiago Espinal,93,SS,117,1.258064516
Santiago Espinal,93,2B,117,1.258064516
Brice Turang,137,2B,172,1.255474453
Brice Turang,137,SS,172,1.255474453
Nicky Lopez,94,2B,118,1.255319149
Nicky Lopez,94,3B,118,1.255319149
Nicky Lopez,94,SS,118,1.255319149
Nicky Lopez,94,LF,118,1.255319149
Nicky Lopez,94,1B,118,1.255319149
Livan Soto,4,2B,5,1.25
Livan Soto,4,SS,5,1.25
Manny Piña,4,C,5,1.25
Myles Straw,147,CF,183,1.244897959
Drew Waters,98,RF,122,1.244897959
Drew Waters,98,CF,122,1.244897959
Evan Longoria,74,3B,92,1.243243243
Christian Arroyo,66,2B,82,1.242424242
Christian Arroyo,66,SS,82,1.242424242
Tyler Freeman,64,2B,79,1.234375
Tyler Freeman,64,SS,79,1.234375
Tyler Freeman,64,3B,79,1.234375
Andre Lipcius,13,3B,16,1.230769231
Elehuris Montero,85,3B,104,1.223529412
Elehuris Montero,85,1B,104,1.223529412
Raimel Tapia,64,CF,78,1.21875
Raimel Tapia,64,LF,78,1.21875
Raimel Tapia,64,RF,78,1.21875
Jake Meyers,112,CF,136,1.214285714
Endy Rodríguez,57,C,69,1.210526316
Jonathan Aranda,34,2B,41,1.205882353
Jonathan Aranda,34,3B,41,1.205882353
Jonathan Aranda,34,1B,41,1.205882353
Liover Peguero,59,SS,71,1.203389831
Liover Peguero,59,2B,71,1.203389831
Christian Bethancourt,104,C,125,1.201923077
José Caballero,104,2B,125,1.201923077
José Caballero,104,SS,125,1.201923077
José Caballero,104,3B,125,1.201923077
James McCann,70,C,84,1.2
Patrick Bailey,97,C,116,1.195876289
Blake Perkins,67,CF,80,1.194029851
Blake Perkins,67,RF,80,1.194029851
Blake Perkins,67,LF,80,1.194029851
Yasmani Grandal,118,C,140,1.186440678
Yasmani Grandal,118,1B,140,1.186440678
Rougned Odor,59,2B,70,1.186440678
Rougned Odor,59,RF,70,1.186440678
Rougned Odor,59,3B,70,1.186440678
Brad Miller,27,DH,32,1.185185185
Jose Trevino,55,C,65,1.181818182
Dane Myers,22,CF,26,1.181818182
Corey Dickerson,50,LF,59,1.18
Vaughn Grissom,23,2B,27,1.173913043
Vaughn Grissom,23,SS,27,1.173913043
Joey Wiemer,132,CF,154,1.166666667
Joey Wiemer,132,RF,154,1.166666667
Xavier Edwards,30,2B,35,1.166666667
Xavier Edwards,30,CF,35,1.166666667
Stuart Fairchild,97,RF,113,1.164948454
Stuart Fairchild,97,CF,113,1.164948454
Stuart Fairchild,97,LF,113,1.164948454
Edmundo Sosa,104,SS,121,1.163461538
Edmundo Sosa,104,3B,121,1.163461538
Edmundo Sosa,104,2B,121,1.163461538
Brandon Crawford,94,SS,109,1.159574468
Estevan Florial,19,CF,22,1.157894737
Nick Gordon,34,2B,39,1.147058824
Nick Gordon,34,LF,39,1.147058824
Nick Gordon,34,CF,39,1.147058824
Tucupita Marcano,75,2B,86,1.146666667
Tucupita Marcano,75,SS,86,1.146666667
Gavin Sheets,118,LF,135,1.144067797
Gavin Sheets,118,1B,135,1.144067797
Gavin Sheets,118,RF,135,1.144067797
Tim Anderson,123,SS,140,1.138211382
Tim Anderson,123,2B,140,1.138211382
Matt Thaiss,95,C,108,1.136842105
Matt Thaiss,95,1B,108,1.136842105
Luis Urías,52,3B,59,1.134615385
Luis Urías,52,2B,59,1.134615385
Osleivis Basabe,31,2B,35,1.129032258
Osleivis Basabe,31,SS,35,1.129032258
Osleivis Basabe,31,3B,35,1.129032258
Christian Vázquez,102,C,115,1.12745098
Christian Vázquez,102,1B,115,1.12745098
Jace Peterson,134,3B,150,1.119402985
Jace Peterson,134,2B,150,1.119402985
Nick Maton,93,SS,104,1.11827957
Nick Maton,93,2B,104,1.11827957
Nick Maton,93,3B,104,1.11827957
Jo Adell,17,LF,19,1.117647059
Jo Adell,17,CF,19,1.117647059
Jo Adell,17,RF,19,1.117647059
Jake Bauers,84,LF,93,1.107142857
Jake Bauers,84,1B,93,1.107142857
Jake Bauers,84,RF,93,1.107142857
Matt Carpenter,76,1B,84,1.105263158
Travis Blankenhorn,10,RF,11,1.1
Travis Blankenhorn,10,LF,11,1.1
Alan Trejo,83,3B,91,1.096385542
Alan Trejo,83,2B,91,1.096385542
Alan Trejo,83,SS,91,1.096385542
Sam Haggerty,52,1B,57,1.096153846
Sam Haggerty,52,RF,57,1.096153846
Sam Haggerty,52,2B,57,1.096153846
Sam Haggerty,52,LF,57,1.096153846
Kyle Higashioka,92,C,98,1.065217391
Jose Barrero,46,SS,49,1.065217391
Jose Barrero,46,CF,49,1.065217391
Eric Hosmer,31,1B,33,1.064516129
René Pinto,39,C,41,1.051282051
Jordan Diaz,90,2B,94,1.044444444
Jordan Diaz,90,1B,94,1.044444444
Jordan Diaz,90,3B,94,1.044444444
Jonny DeLuca,24,RF,25,1.041666667
Jonny DeLuca,24,LF,25,1.041666667
Jonny DeLuca,24,CF,25,1.041666667
Nelson Cruz,49,DH,51,1.040816327
Eduardo Escobar,100,1B,104,1.04
Eduardo Escobar,100,2B,104,1.04
Eduardo Escobar,100,3B,104,1.04
Trey Mancini,79,RF,82,1.037974684
Trey Mancini,79,1B,82,1.037974684
Miles Mastrobuoni,61,2B,63,1.032786885
Miles Mastrobuoni,61,3B,63,1.032786885
Miles Mastrobuoni,61,RF,63,1.032786885
Connor Wong,126,C,130,1.031746032
Carlos Pérez,68,1B,70,1.029411765
Carlos Pérez,68,C,70,1.029411765
Carlos Pérez,68,C,70,1.029411765
Brett Baty,108,3B,111,1.027777778
Jon Singleton,36,1B,37,1.027777778
Blake Sabol,110,C,113,1.027272727
Blake Sabol,110,LF,113,1.027272727
Paul DeJong,112,SS,115,1.026785714
Ji Man Choi,39,1B,40,1.025641026
Yu Chang,39,SS,40,1.025641026
Yu Chang,39,2B,40,1.025641026
Rafael Ortega,47,LF,48,1.021276596
Rafael Ortega,47,CF,48,1.021276596
Rafael Ortega,47,RF,48,1.021276596
Miguel Amaya,53,C,54,1.018867925
Jake Cave,65,RF,66,1.015384615
Jake Cave,65,1B,66,1.015384615
Jake Cave,65,LF,66,1.015384615
Luke Maile,78,C,79,1.012820513
Nick Fortes,108,C,109,1.009259259
Brenton Doyle,126,CF,126,1
Oswaldo Cabrera,115,3B,115,1
Oswaldo Cabrera,115,SS,115,1
Oswaldo Cabrera,115,RF,115,1
Oswaldo Cabrera,115,2B,115,1
Oswaldo Cabrera,115,LF,115,1
Joey Gallo,111,CF,111,1
Joey Gallo,111,RF,111,1
Joey Gallo,111,1B,111,1
Joey Gallo,111,LF,111,1
Aledmys Díaz,109,2B,109,1
Aledmys Díaz,109,3B,109,1
Aledmys Díaz,109,1B,109,1
Aledmys Díaz,109,LF,109,1
Aledmys Díaz,109,SS,109,1
Nick Allen,106,SS,106,1
Garrett Hampson,98,3B,98,1
Garrett Hampson,98,SS,98,1
Garrett Hampson,98,LF,98,1
Garrett Hampson,98,2B,98,1
Garrett Hampson,98,RF,98,1
Garrett Hampson,98,CF,98,1
Casey Schmitt,90,3B,90,1
Casey Schmitt,90,SS,90,1
Casey Schmitt,90,2B,90,1
Garrett Stubbs,41,C,41,1
Jesús Aguilar,36,1B,36,1
Nick Gonzales,35,2B,35,1
Nick Gonzales,35,SS,35,1
Logan Porter,11,C,11,1
Ben Gamel,6,LF,6,1
Oscar Colás,75,CF,74,0.986666667
Oscar Colás,75,RF,74,0.986666667
Dylan Moore,67,2B,66,0.985074627
Dylan Moore,67,LF,66,0.985074627
Dylan Moore,67,CF,66,0.985074627
Dylan Moore,67,RF,66,0.985074627
Dylan Moore,67,SS,66,0.985074627
Ceddanne Rafaela,28,CF,27,0.964285714
Ceddanne Rafaela,28,2B,27,0.964285714
Ceddanne Rafaela,28,SS,27,0.964285714
Mark Mathias,27,RF,26,0.962962963
Mark Mathias,27,2B,26,0.962962963
Jake Alu,51,3B,49,0.960784314
Jake Alu,51,LF,49,0.960784314
Jake Alu,51,2B,49,0.960784314
Kody Clemens,49,1B,47,0.959183673
Tyler Heineman,22,C,21,0.954545455
Óscar Mercado,20,LF,19,0.95
Óscar Mercado,20,CF,19,0.95
Óscar Mercado,20,RF,19,0.95
Jake Lamb,19,1B,18,0.947368421
Masyn Winn,37,SS,35,0.945945946
Jason Delay,70,C,66,0.942857143
Lenyn Sosa,52,3B,49,0.942307692
Lenyn Sosa,52,2B,49,0.942307692
Mark Vientos,65,1B,61,0.938461538
Mark Vientos,65,3B,61,0.938461538
Trevor Story,43,SS,40,0.930232558
Tyler Nevin,41,1B,38,0.926829268
Tyler Nevin,41,LF,38,0.926829268
Tyler Nevin,41,3B,38,0.926829268
Heston Kjerstad,13,LF,12,0.923076923
Austin Slater,89,RF,82,0.921348315
Austin Slater,89,CF,82,0.921348315
Austin Slater,89,LF,82,0.921348315
Taylor Trammell,22,LF,20,0.909090909
Kolten Wong,87,2B,79,0.908045977
Jesse Winker,61,DH,55,0.901639344
Omar Narváez,49,C,44,0.897959184
Alfonso Rivas,48,1B,43,0.895833333
Cristian Pache,48,CF,43,0.895833333
Cristian Pache,48,LF,43,0.895833333
Cristian Pache,48,RF,43,0.895833333
AJ Pollock,54,LF,48,0.888888889
Josh Smith,90,LF,79,0.877777778
Josh Smith,90,3B,79,0.877777778
Josh Smith,90,2B,79,0.877777778
Josh Smith,90,SS,79,0.877777778
Matt Duffy,79,2B,69,0.873417722
Matt Duffy,79,3B,69,0.873417722
Matt Duffy,79,1B,69,0.873417722
Brayan Rocchio,23,SS,20,0.869565217
Brayan Rocchio,23,3B,20,0.869565217
Joey Wendle,112,SS,97,0.866071429
Mike Brosseau,29,1B,25,0.862068966
Mike Brosseau,29,3B,25,0.862068966
Sam Huff,21,C,18,0.857142857
Zach Remillard,54,2B,46,0.851851852
Zach Remillard,54,3B,46,0.851851852
Zach Remillard,54,SS,46,0.851851852
Zach Remillard,54,LF,46,0.851851852
Zach Remillard,54,RF,46,0.851851852
Jason Vosler,20,3B,17,0.85
Jason Vosler,20,1B,17,0.85
Luken Baker,33,1B,28,0.848484848
David Fry,58,LF,49,0.844827586
David Fry,58,C,49,0.844827586
David Fry,58,1B,49,0.844827586
David Fry,58,RF,49,0.844827586
José Azocar,55,CF,46,0.836363636
José Azocar,55,LF,46,0.836363636
José Azocar,55,RF,46,0.836363636
Austin Meadows,6,LF,5,0.833333333
Oswald Peraza,52,SS,43,0.826923077
Oswald Peraza,52,2B,43,0.826923077
Oswald Peraza,52,3B,43,0.826923077
Zack Short,112,2B,92,0.821428571
Zack Short,112,SS,92,0.821428571
Zack Short,112,3B,92,0.821428571
José Fermín,21,2B,17,0.80952381
José Fermín,21,3B,17,0.80952381
Harold Castro,99,SS,80,0.808080808
Harold Castro,99,RF,80,0.808080808
Harold Castro,99,LF,80,0.808080808
Harold Castro,99,CF,80,0.808080808
Harold Castro,99,3B,80,0.808080808
Harold Castro,99,2B,80,0.808080808
Tyler Wade,26,SS,21,0.807692308
Tyler Wade,26,LF,21,0.807692308
Reese McGuire,72,C,58,0.805555556
Jacob Stallings,89,C,71,0.797752809
Hunter Dozier,29,1B,23,0.793103448
Hunter Dozier,29,3B,23,0.793103448
Hunter Dozier,29,RF,23,0.793103448
Conner Capel,32,LF,25,0.78125
Conner Capel,32,RF,25,0.78125
Nick Ahmed,72,SS,56,0.777777778
Matt Mervis,27,1B,21,0.777777778
Samad Taylor,31,2B,24,0.774193548
Samad Taylor,31,LF,24,0.774193548
Carson Kelly,52,C,40,0.769230769
Colton Cowser,26,LF,20,0.769230769
Colton Cowser,26,CF,20,0.769230769
Colton Cowser,26,RF,20,0.769230769
Austin Barnes,59,C,45,0.762711864
Jake Marisnick,46,CF,35,0.760869565
Jake Marisnick,46,RF,35,0.760869565
Josh Harrison,41,2B,31,0.756097561
Josh Harrison,41,3B,31,0.756097561
Josh Harrison,41,LF,31,0.756097561
Josh Harrison,41,RF,31,0.756097561
Rodolfo Castro,92,3B,69,0.75
Rodolfo Castro,92,2B,69,0.75
Rodolfo Castro,92,SS,69,0.75
Romy Gonzalez,44,2B,33,0.75
Romy Gonzalez,44,LF,33,0.75
Romy Gonzalez,44,RF,33,0.75
Gabriel Arias,122,SS,91,0.745901639
Gabriel Arias,122,3B,91,0.745901639
Gabriel Arias,122,1B,91,0.745901639
Gabriel Arias,122,RF,91,0.745901639
Jose Herrera,43,C,32,0.744186047
Jordan Luplow,39,RF,29,0.743589744
Jordan Luplow,39,LF,29,0.743589744
Jordan Luplow,39,1B,29,0.743589744
Eric Haase,89,C,66,0.741573034
Eric Haase,89,LF,66,0.741573034
Oscar Gonzalez,54,LF,40,0.740740741
Oscar Gonzalez,54,RF,40,0.740740741
Terrin Vavra,27,RF,20,0.740740741
Terrin Vavra,27,LF,20,0.740740741
Chad Wallach,65,C,48,0.738461538
Lawrence Butler,42,CF,31,0.738095238
Lawrence Butler,42,RF,31,0.738095238
Martín Maldonado,117,C,86,0.735042735
Matt Beaty,30,1B,22,0.733333333
Sam Hilliard,40,LF,29,0.725
Sam Hilliard,40,CF,29,0.725
Luis Guillorme,54,SS,39,0.722222222
Luis Guillorme,54,3B,39,0.722222222
Luis Guillorme,54,2B,39,0.722222222
David Villar,46,3B,33,0.717391304
David Villar,46,2B,33,0.717391304
David Villar,46,1B,33,0.717391304
Nick Pratto,95,LF,68,0.715789474
Nick Pratto,95,RF,68,0.715789474
Nick Pratto,95,1B,68,0.715789474
Jahmai Jones,7,2B,5,0.714285714
Michael Busch,27,1B,19,0.703703704
Michael Busch,27,3B,19,0.703703704
Wil Myers,37,1B,25,0.675675676
Wil Myers,37,RF,25,0.675675676
Carlos Pérez,27,1B,18,0.666666667
Carlos Pérez,27,C,18,0.666666667
Carlos Pérez,27,C,18,0.666666667
Ryan McKenna,89,CF,59,0.662921348
Ryan McKenna,89,LF,59,0.662921348
Ryan McKenna,89,RF,59,0.662921348
Avisaíl García,37,LF,24,0.648648649
Avisaíl García,37,RF,24,0.648648649
Kyle Garlick,14,LF,9,0.642857143
Kyle Garlick,14,RF,9,0.642857143
Jonathan Schoop,55,2B,35,0.636363636
Jonathan Schoop,55,3B,35,0.636363636
Brett Sullivan,33,C,21,0.636363636
Michael Toglia,45,1B,28,0.622222222
Michael Toglia,45,RF,28,0.622222222
Clint Frazier,33,LF,20,0.606060606
Clint Frazier,33,CF,20,0.606060606
Clint Frazier,33,RF,20,0.606060606
Darin Ruf,20,DH,12,0.6
Vidal Bruján,37,2B,22,0.594594595
Vidal Bruján,37,3B,22,0.594594595
Vidal Bruján,37,RF,22,0.594594595
Vidal Bruján,37,SS,22,0.594594595
Jonathan Araúz,27,3B,16,0.592592593
Jonathan Araúz,27,2B,16,0.592592593
Jonathan Araúz,27,SS,16,0.592592593
Greg Allen,22,CF,13,0.590909091
Greg Allen,22,RF,13,0.590909091
Greg Allen,22,LF,13,0.590909091
J.P. Martínez,17,CF,10,0.588235294
J.P. Martínez,17,LF,10,0.588235294
J.P. Martínez,17,RF,10,0.588235294
Tommy La Stella,12,DH,7,0.583333333
Tim Locastro,43,LF,25,0.581395349
Tim Locastro,43,CF,25,0.581395349
Jonah Bride,40,3B,23,0.575
Jonah Bride,40,1B,23,0.575
Andrew Velazquez,54,2B,31,0.574074074
Andrew Velazquez,54,CF,31,0.574074074
Andrew Velazquez,54,SS,31,0.574074074
Bubba Thompson,37,RF,21,0.567567568
Bubba Thompson,37,LF,21,0.567567568
Bubba Thompson,37,CF,21,0.567567568
Joey Bart,30,C,17,0.566666667
Austin Nola,52,C,29,0.557692308
Vinny Capra,9,3B,5,0.555555556
Vinny Capra,9,2B,5,0.555555556
Austin Wynns,51,C,28,0.549019608
Ben Rortvedt,32,C,17,0.53125
Michael Chavis,48,2B,25,0.520833333
Michael Chavis,48,1B,25,0.520833333
Michael Chavis,48,3B,25,0.520833333
Kevin Smith,49,3B,25,0.510204082
Kevin Smith,49,SS,25,0.510204082
Adam Haseley,28,CF,14,0.5
Adam Haseley,28,RF,14,0.5
Yonny Hernández,14,3B,7,0.5
Yonny Hernández,14,2B,7,0.5
Bligh Madris,12,1B,6,0.5
Buddy Kennedy,10,3B,5,0.5
Brandon Dixon,33,RF,16,0.484848485
Brandon Dixon,33,1B,16,0.484848485
Franmil Reyes,19,LF,9,0.473684211
Joey Ortiz,15,SS,7,0.466666667
Joey Ortiz,15,2B,7,0.466666667
Joey Ortiz,15,3B,7,0.466666667
Derek Hill,13,CF,6,0.461538462
Danny Mendick,35,LF,16,0.457142857
Danny Mendick,35,3B,16,0.457142857
Danny Mendick,35,2B,16,0.457142857
Seby Zavala,73,C,33,0.452054795
Austin Hedges,82,C,37,0.451219512
Curt Casali,40,C,18,0.45
Coco Montes,18,2B,8,0.444444444
Andrew Stevenson,25,CF,11,0.44
Andrew Stevenson,25,LF,11,0.44
Bryce Johnson,30,CF,13,0.433333333
Marco Luciano,14,SS,6,0.428571429
Brett Wisely,51,2B,21,0.411764706
Brett Wisely,51,CF,21,0.411764706
Jared Walsh,39,RF,16,0.41025641
Jared Walsh,39,1B,16,0.41025641
David Hamilton,15,2B,6,0.4
David Hamilton,15,SS,6,0.4
Trayce Thompson,72,LF,28,0.388888889
Trayce Thompson,72,RF,28,0.388888889
Trayce Thompson,72,CF,28,0.388888889
Jorge Alfaro,18,C,7,0.388888889
Luis Torrens,18,C,7,0.388888889
Grae Kessinger,26,SS,10,0.384615385
Grae Kessinger,26,3B,10,0.384615385
Grae Kessinger,26,2B,10,0.384615385
Grae Kessinger,26,1B,10,0.384615385
Johan Camargo,8,SS,3,0.375
Johan Camargo,8,3B,3,0.375
Mike Zunino,42,C,14,0.333333333
Anthony Bemboom,6,C,2,0.333333333
Cal Stevenson,6,CF,2,0.333333333
Jackie Bradley Jr.,43,CF,14,0.325581395
Jackie Bradley Jr.,43,LF,14,0.325581395
Jackie Bradley Jr.,43,RF,14,0.325581395
Juan Yepez,28,LF,9,0.321428571
Heliot Ramos,25,CF,8,0.32
Heliot Ramos,25,RF,8,0.32
Heliot Ramos,25,LF,8,0.32
Cody Thomas,19,RF,6,0.315789474
Tyler Soderstrom,45,C,14,0.311111111
Tyler Soderstrom,45,1B,14,0.311111111
Nathan Lukes,29,RF,9,0.310344828
Nathan Lukes,29,LF,9,0.310344828
Tucker Barnhart,47,C,14,0.29787234
Brett Phillips,40,RF,11,0.275
Brett Phillips,40,CF,11,0.275
Luke Voit,22,1B,6,0.272727273
Trey Cabbage,22,1B,6,0.272727273
Trey Cabbage,22,CF,6,0.272727273
Trey Cabbage,22,RF,6,0.272727273
Canaan Smith-Njigba,15,LF,4,0.266666667
Canaan Smith-Njigba,15,RF,4,0.266666667
Alika Williams,46,SS,12,0.260869565
Wade Meckler,20,LF,5,0.25
Wade Meckler,20,CF,5,0.25
Everson Pereira,27,LF,6,0.222222222
José Tena,18,2B,4,0.222222222
José Tena,18,3B,4,0.222222222
José Tena,18,SS,4,0.222222222
Dalton Guthrie,23,CF,5,0.217391304
Dalton Guthrie,23,LF,5,0.217391304
Peyton Burdick,14,RF,3,0.214285714
Peyton Burdick,14,CF,3,0.214285714
Blake Rutherford,16,LF,3,0.1875
Josh Lester,11,1B,2,0.181818182
David Hensley,30,1B,5,0.166666667
David Hensley,30,2B,5,0.166666667
Pete Crow-Armstrong,13,CF,2,0.153846154
Brian O'Keefe,8,C,1,0.125
Darick Hall,18,1B,2,0.111111111
Korey Lee,24,C,1,0.041666667
TJ Hopkins,25,RF,1,0.04
TJ Hopkins,25,LF,1,0.04
Edwin Ríos,18,DH,0,0
Juniel Querecuto,9,2B,0,0
Juniel Querecuto,9,3B,0,0
Bobby Dalbec,21,3B,-1,-0.047619048
Bobby Dalbec,21,1B,-1,-0.047619048
Kyle Lewis,16,DH,-1,-0.0625
Kyren Paris,15,SS,-1,-0.066666667
Kyren Paris,15,2B,-1,-0.066666667
Kyren Paris,15,CF,-1,-0.066666667
Cam Gallagher,56,C,-5,-0.089285714
Luke Williams,11,SS,-1,-0.090909091
Luke Williams,11,3B,-1,-0.090909091
Cooper Hummel,10,DH,-1,-0.1
Sandy León,22,C,-3,-0.136363636
Tomás Nido,22,C,-3,-0.136363636
Jordan Lawlar,14,SS,-2,-0.142857143
César Salazar,13,C,-2,-0.153846154
Taylor Motter,29,2B,-5,-0.172413793
Taylor Motter,29,SS,-5,-0.172413793
Taylor Motter,29,3B,-5,-0.172413793
Roberto Pérez,5,C,-1,-0.2
Ryan Kreidler,11,SS,-3,-0.272727273
Ryan Kreidler,11,3B,-3,-0.272727273
Ryan Kreidler,11,2B,-3,-0.272727273
Nate Eaton,28,RF,-9,-0.321428571
Nate Eaton,28,CF,-9,-0.321428571
Nate Eaton,28,LF,-9,-0.321428571
Chadwick Tromp,6,C,-2,-0.333333333
Kyle Stowers,14,LF,-6,-0.428571429
Kyle Stowers,14,RF,-6,-0.428571429
Brian Serven,11,C,-5,-0.454545455
Jordyn Adams,17,LF,-8,-0.470588235
Jordyn Adams,17,RF,-8,-0.470588235
Jordyn Adams,17,CF,-8,-0.470588235
Eli White,6,CF,-3,-0.5
Abraham Almonte,8,DH,-4,-0.5
Ehire Adrianza,5,SS,-3,-0.6
Taylor Kohlwey,5,LF,-3,-0.6
Isan Díaz,8,2B,-5,-0.625
Chris Owings,11,SS,-8,-0.727272727
Irving Lopez,5,2B,-4,-0.8
Irving Lopez,5,3B,-4,-0.8
